order,B_time,B_merge,BPlus_time,BPlus_merge,BStar_time,BStar_merge
4,578,648,632,18,990,3075
5,806,2177,863,819,1536,3451
6,621,374,671,25,762,534
7,650,1239,721,411,777,1266
8,564,260,580,27,785,1616
9,586,868,720,291,600,312
10,587,231,607,39,603,641
11,517,612,546,209,615,939
12,515,164,534,34,532,228
13,628,443,726,180,575,415
14,459,151,614,36,545,628
15,620,367,504,146,561,161
16,377,133,303,36,343,280
17,427,309,337,135,375,437
18,379,120,368,29,375,141
19,582,277,431,117,399,237
20,421,98,367,39,520,299
21,408,240,344,118,326,121
22,399,100,314,39,388,168
23,550,222,418,134,380,275
24,391,101,340,33,330,89
25,369,192,308,86,371,137
26,433,97,324,51,348,187
27,405,171,380,84,435,83
28,402,85,332,33,306,127
29,415,159,305,82,331,164
30,382,94,291,34,322,74
31,419,159,397,82,389,96
32,352,78,304,53,331,166
33,394,131,315,92,307,50
34,378,83,292,42,348,82
35,383,128,290,75,335,142
36,375,64,285,46,356,45
37,376,106,307,73,378,82
38,382,83,294,34,318,129
39,389,113,298,83,289,49
40,372,50,287,34,326,58
41,416,117,351,69,335,108
42,368,67,308,43,295,40
43,379,98,294,72,286,61
44,395,71,274,40,460,74
45,368,102,317,69,398,22
46,415,70,288,41,291,56
47,376,79,318,59,349,95
48,373,61,302,42,370,28
49,479,98,314,69,286,29
50,381,66,276,36,342,56
51,383,82,292,58,301,19
52,395,68,287,38,290,32
53,349,81,310,55,321,56
54,403,50,301,42,289,31
55,474,88,304,54,273,29
56,372,55,378,34,284,41
57,498,68,323,50,285,26
58,423,69,305,40,281,24
59,377,63,318,47,314,45
60,368,68,295,50,299,18
61,375,62,292,40,309,21
62,473,44,313,36,304,56
63,399,56,323,67,321,24
64,431,44,378,33,331,27
65,386,44,305,43,298,52
66,388,52,288,44,271,17
67,396,68,286,56,301,20
68,359,44,282,32,334,46
69,449,53,291,43,300,22
70,371,38,320,33,290,14
71,385,50,338,41,285,30
72,397,30,281,28,342,9
73,441,63,352,45,348,20
74,374,44,281,31,299,40
75,348,59,264,61,283,27
76,426,38,262,33,297,12
77,381,69,279,57,293,27
78,379,47,273,37,273,18
79,440,62,308,47,320,14
80,356,30,306,35,304,31
81,427,69,329,44,307,16
82,403,43,465,49,337,17
83,399,61,285,44,290,34
84,363,46,284,33,329,11
85,395,53,288,45,286,11
86,460,52,323,40,300,25
87,379,59,279,48,275,9
88,421,44,364,46,338,12
89,413,51,271,43,311,20
90,367,42,300,49,349,11
91,373,55,354,54,274,11
92,424,52,283,48,293,32
93,385,59,312,55,287,10
94,340,45,308,38,322,11
95,402,62,360,49,307,21
96,502,44,362,35,311,8
97,448,51,372,40,287,9
98,349,37,275,39,281,22
99,394,50,327,37,260,9
100,336,31,280,34,282,15
101,369,44,299,41,302,24
102,379,35,312,36,299,7
103,356,52,293,36,290,13
104,347,38,336,37,265,16
105,407,51,365,50,311,15
106,401,25,346,28,308,10
107,379,55,295,50,268,12
108,423,54,287,34,277,10
109,387,50,302,64,312,8
110,359,37,293,38,295,10
111,368,49,274,44,334,5
112,390,23,304,33,277,9
113,367,53,319,38,381,17
114,353,36,320,36,301,10
115,392,50,274,39,295,10
116,351,38,297,39,307,11
117,345,34,287,41,281,10
118,348,34,266,32,299,4
119,486,38,259,37,277,21
120,359,32,316,47,299,4
121,385,41,301,32,316,2
122,358,34,324,26,332,18
123,488,39,320,39,363,6
124,439,37,275,26,303,14
125,347,36,327,28,316,10
126,345,33,330,29,275,5
127,469,33,389,36,295,7
128,368,35,317,27,271,10
129,441,36,290,43,280,7
130,387,24,263,32,313,5
131,325,31,298,20,277,10
132,390,23,317,36,316,5
133,356,21,268,18,328,8
134,379,23,269,19,319,5
135,359,19,291,21,297,4
136,351,23,268,17,310,4
137,411,32,293,26,272,8
138,374,15,247,23,310,5
139,434,28,286,24,288,10
140,445,24,287,25,287,3
141,405,18,303,20,306,4
142,377,22,315,20,301,5
143,351,22,294,19,355,10
144,413,31,274,32,324,4
145,340,25,354,19,276,1
146,401,17,289,25,272,8
147,556,27,307,24,295,3
148,418,19,288,27,286,6
149,447,39,261,29,276,7
150,381,23,311,24,265,3
151,338,30,259,25,279,3
152,410,31,319,24,285,7
153,412,27,292,26,272,6
154,436,27,302,29,333,8
155,349,23,307,30,303,3
156,380,35,299,23,291,3
157,411,33,291,36,276,5
158,481,27,289,26,332,9
159,361,28,277,22,323,0
160,359,29,273,23,272,7
161,393,38,293,26,297,7
162,399,37,339,27,317,4
163,388,41,282,32,399,7
164,386,42,314,37,319,8
165,384,30,296,32,368,1
166,399,38,346,21,307,4
167,357,30,303,35,292,9
168,391,40,293,27,343,4
169,379,39,285,31,359,3
170,465,36,326,34,304,8
171,403,47,306,33,308,1
172,391,45,315,41,287,2
173,375,35,292,44,310,20
174,382,38,280,32,288,4
175,390,37,394,30,294,4
176,468,36,275,29,291,7
177,402,38,270,43,294,4
178,366,33,301,41,336,5
179,385,41,323,37,304,10
180,403,39,293,39,326,4
181,432,46,301,45,304,8
182,346,50,307,35,277,13
183,380,49,298,39,356,2
184,358,39,280,38,340,5
185,380,35,301,46,327,7
186,377,34,307,43,317,1
187,403,47,339,42,299,3
188,451,57,338,38,271,7
189,406,52,399,32,365,3
190,443,37,315,45,302,3
191,370,55,300,32,288,6
192,374,47,292,40,285,8
193,380,47,291,38,310,6
194,368,37,297,39,422,5
195,386,47,304,35,293,3
196,380,44,318,41,289,3
197,421,49,326,40,267,8
198,353,34,292,30,312,4
199,371,39,341,30,330,2
200,507,35,341,26,259,1
201,383,37,384,41,321,3
202,412,38,351,33,290,2
203,408,35,398,31,319,2
204,426,36,297,43,310,2
205,438,41,314,36,293,3
206,461,26,288,32,293,7
207,433,41,367,38,319,4
208,374,29,297,29,281,2
209,387,42,315,25,308,5
210,336,31,296,37,309,3
211,415,33,296,36,302,1
212,439,32,291,34,270,9
213,352,41,309,26,322,3
214,406,33,294,20,312,2
215,400,31,284,27,296,6
216,425,32,325,26,286,3
217,418,39,298,37,266,3
218,351,31,308,39,311,3
219,421,39,308,26,304,4
220,415,25,394,37,309,5
221,356,27,416,28,471,10
222,332,25,302,23,265,0
223,351,28,336,16,284,7
224,394,17,324,14,279,4
225,345,27,289,16,289,1
226,469,21,280,22,294,5
227,359,17,321,19,271,6
228,442,17,342,16,369,2
229,372,20,279,21,309,3
230,378,15,299,15,272,4
231,372,23,341,18,322,1
232,451,21,307,20,305,6
233,378,22,342,21,256,1
234,370,25,270,20,286,0
235,437,23,325,25,303,2
236,457,16,295,16,277,6
237,375,24,317,20,266,6
238,397,13,361,16,287,1
239,347,16,280,21,381,3
240,405,9,300,9,308,2
241,362,20,284,17,300,0
242,401,13,281,12,322,3
243,389,10,280,8,287,2
244,356,10,264,12,263,1
245,360,10,320,15,287,1
246,383,17,333,14,269,2
247,369,10,273,10,265,1
248,403,18,312,21,275,2
249,422,16,258,15,259,2
250,372,22,318,20,280,1
251,400,16,278,11,295,3
252,354,22,319,17,289,1
253,400,7,413,8,340,1
254,398,13,324,7,283,0
255,400,6,297,4,285,3
256,452,12,312,9,287,0
257,451,6,266,7,288,3
258,361,15,357,7,278,4
259,401,11,312,8,267,2
260,454,13,330,11,280,1
261,404,7,283,10,304,2
262,339,7,284,6,316,1
263,331,8,370,10,317,3
264,374,4,330,4,317,0
265,408,10,356,11,274,1
266,354,5,273,7,277,6
267,359,9,358,9,268,1
268,398,5,284,1,270,2
269,386,7,252,7,316,1
270,338,6,365,6,285,1
271,381,7,445,4,317,1
272,372,7,270,5,283,2
273,381,8,300,9,328,2
274,380,13,269,12,313,1
275,343,8,276,9,288,3
276,377,8,284,9,297,2
277,378,7,310,11,258,2
278,424,8,274,7,313,2
279,356,10,270,8,249,0
280,395,9,295,9,327,2
281,418,9,291,9,299,0
282,373,14,289,8,299,1
283,382,16,290,11,267,1
284,408,10,290,10,288,3
285,372,15,288,10,286,0
286,362,9,311,11,260,0
287,398,13,284,7,364,6
288,344,9,284,12,326,1
289,358,10,307,11,321,1
290,348,11,270,11,284,1
291,478,12,416,11,357,1
292,495,11,301,11,395,0
293,356,12,303,12,305,0
294,419,11,279,8,296,2
295,413,17,274,10,264,1
296,370,17,297,14,262,2
297,359,17,335,11,278,0
298,343,12,282,17,295,1
299,469,14,275,9,272,3
300,488,11,334,12,290,1
301,489,13,359,11,392,3
302,397,18,291,12,310,0
303,466,16,279,12,260,0
304,338,12,271,14,282,0
305,404,15,292,13,295,1
306,427,15,281,11,326,1
307,422,13,309,5,299,3
308,413,13,287,9,304,7
309,427,9,322,4,298,1
310,358,16,269,12,257,1
311,385,14,282,9,261,1
312,369,17,279,12,284,1
313,361,16,276,8,309,1
314,357,15,316,13,286,4
315,384,16,288,13,278,0
316,346,19,304,16,271,1
317,371,19,296,17,278,2
318,343,21,308,15,286,2
319,361,20,326,16,272,1
320,371,17,337,18,290,0
321,442,25,309,19,299,1
322,357,24,307,17,291,0
323,395,21,318,23,313,0
324,343,22,308,14,301,0
325,392,23,288,19,294,3
326,397,29,271,25,300,4
327,402,28,282,24,271,3
328,461,30,325,22,310,1
329,372,22,285,28,268,1
330,443,23,327,18,263,0
331,396,21,300,29,315,2
332,393,28,320,16,299,4
333,344,34,261,30,317,1
334,349,31,319,32,274,1
335,422,29,335,33,282,0
336,453,29,315,31,271,0
337,488,31,315,37,284,2
338,400,31,363,27,293,2
339,439,38,365,32,273,2
340,374,32,323,37,282,0
341,372,34,330,28,269,2
342,411,38,303,31,281,1
343,366,40,294,26,346,4
344,408,40,311,36,325,1
345,406,35,288,32,265,0
346,405,41,310,32,319,0
347,382,32,301,29,281,2
348,397,45,296,34,286,2
349,435,35,333,35,287,1
350,389,41,331,33,270,3
351,460,44,318,34,286,0
352,372,38,297,45,265,1
353,382,37,395,33,279,3
354,351,36,311,35,300,2
355,391,38,333,39,266,3
356,421,42,327,38,298,1
357,385,42,349,41,272,1
358,453,38,308,35,272,0
359,454,39,355,38,260,3
360,419,38,311,36,267,2
361,369,44,315,37,307,0
362,427,38,349,43,351,3
363,440,46,317,43,350,1
364,409,41,312,33,303,0
365,445,43,328,42,298,4
366,396,33,402,38,258,0
367,377,38,304,36,325,2
368,370,37,295,33,271,0
369,421,33,332,35,304,0
370,407,39,340,34,299,3
371,387,32,292,35,364,2
372,388,31,306,32,248,1
373,473,32,307,28,295,6
374,382,23,337,31,293,0
375,387,37,380,32,278,2
376,396,30,294,31,311,1
377,428,32,291,29,317,0
378,373,29,281,29,271,0
379,376,37,380,29,267,0
380,390,32,407,31,291,0
381,371,31,371,28,340,0
382,391,25,497,27,328,0
383,380,27,340,33,276,0
384,419,22,337,23,381,0
385,483,29,450,31,295,4
386,390,19,412,23,288,5
387,394,25,301,23,363,0
388,371,19,288,17,286,1
389,535,27,311,29,273,2
390,440,30,320,25,263,2
391,408,24,340,27,277,2
392,398,24,329,30,318,1
393,429,32,323,24,265,1
394,477,18,331,25,272,1
395,446,27,291,28,250,0
396,394,23,336,24,303,1
397,356,26,315,19,276,0
398,425,22,321,24,308,1
399,487,22,323,18,285,1
400,434,15,293,20,278,1
401,514,15,315,22,263,0
402,442,13,309,12,347,4
403,411,16,293,17,297,6
404,380,13,336,14,290,0
405,360,12,286,14,298,0
406,346,13,299,13,297,2
407,368,11,311,9,307,2
408,381,10,298,14,292,0
409,377,8,372,9,332,1
410,355,12,283,8,286,2
411,433,10,302,13,292,0
412,419,12,294,10,293,1
413,386,15,289,16,281,3
414,420,13,294,17,291,0
415,371,16,317,18,286,2
416,416,13,319,14,292,3
417,408,14,306,19,278,1
418,357,9,292,16,295,0
419,382,15,323,14,271,0
420,413,14,288,11,339,4
421,334,11,273,10,275,1
422,354,14,276,11,256,0
423,374,10,284,15,298,0
424,416,18,331,10,294,1
425,329,16,317,19,268,0
426,388,10,326,8,334,1
427,389,11,295,14,318,2
428,329,15,325,10,276,0
429,443,12,273,13,258,1
430,346,17,277,16,312,2
431,445,16,273,18,292,0
432,365,14,303,13,298,0
433,411,16,304,19,283,0
434,411,10,285,15,300,3
435,375,15,365,12,279,1
436,385,14,296,17,310,0
437,381,16,316,11,341,6
438,435,21,314,18,278,0
439,417,15,278,13,276,0
440,338,20,289,15,309,0
441,342,11,274,9,309,0
442,374,15,301,14,421,2
443,334,10,286,11,338,2
444,392,14,328,15,354,0
445,394,15,271,11,298,1
446,331,15,308,15,354,3
447,356,12,284,13,385,0
448,400,13,285,11,323,1
449,352,10,290,10,295,3
450,386,13,263,9,306,2
451,403,8,317,9,302,2
452,340,11,274,8,280,2
453,471,14,260,15,291,0
454,419,8,305,9,335,0
455,355,8,361,8,267,2
456,385,7,261,10,288,2
457,367,9,276,9,311,1
458,360,8,279,7,290,0
459,409,11,302,13,301,0
460,382,7,280,10,381,1
461,399,8,255,10,300,0
462,388,8,282,7,296,3
463,394,8,285,9,278,4
464,392,7,296,8,378,1
465,388,8,319,9,294,1
466,431,9,309,7,343,1
467,368,10,276,7,281,2
468,442,7,282,6,321,1
469,364,9,295,7,271,0
470,401,7,271,8,280,0
471,355,6,266,7,278,0
472,387,9,263,7,276,2
473,346,7,279,5,296,0
474,349,7,268,4,297,1
475,418,8,297,7,286,0
476,407,6,301,5,268,0
477,343,4,272,3,310,1
478,363,2,272,3,293,0
479,340,3,271,2,277,0
480,328,5,268,4,340,1
481,355,3,257,3,272,0
482,402,2,269,1,283,5
483,322,3,260,3,348,1
484,352,5,286,4,278,0
485,355,3,251,2,291,0
486,367,3,301,2,342,0
487,366,5,242,3,329,0
488,384,6,268,5,292,0
489,333,3,269,3,314,0
490,410,2,268,0,291,0
491,309,2,298,3,304,1
492,323,2,269,0,280,0
493,344,2,256,4,297,2
494,405,2,294,2,280,4
495,331,3,269,4,335,1
496,368,3,254,4,377,0
497,407,3,271,1,306,6
498,417,3,223,3,302,2
499,353,1,251,1,274,0
500,339,2,253,2,385,0
501,435,1,262,1,331,1
502,325,1,258,1,271,1
503,359,3,264,2,275,0
504,381,1,291,1,298,0
505,333,2,292,2,299,0
506,347,1,296,1,288,0
507,379,2,284,2,302,2
508,338,1,300,1,290,0
509,379,1,293,0,330,3
510,377,1,273,1,264,2
511,421,1,275,1,303,0
512,342,1,259,1,275,4
513,388,0,256,0,318,3
514,359,1,285,1,309,1
515,377,1,283,1,267,0
516,338,1,243,1,337,1
517,330,0,260,0,308,2
518,312,0,262,0,317,0
519,321,0,262,0,283,0
520,360,0,313,0,296,0
521,412,0,254,0,268,3
522,398,0,279,0,265,1
523,330,0,254,0,349,0
524,360,0,278,0,305,2
525,458,0,300,0,304,1
526,348,0,269,0,366,0
527,387,0,249,0,263,0
528,344,0,263,0,300,0
529,366,0,288,0,284,1
530,387,0,288,0,312,0
531,423,0,276,0,292,0
532,331,0,262,0,275,3
533,314,0,264,0,287,4
534,430,0,299,0,314,1
535,348,0,270,0,302,1
536,372,0,313,0,267,0
537,403,0,311,0,261,0
538,317,0,257,0,353,3
539,372,0,254,0,325,5
540,407,0,245,0,275,0
541,383,0,253,0,283,0
542,376,1,273,0,287,3
543,353,1,244,0,365,1
544,351,1,284,1,289,1
545,458,0,284,0,283,0
546,344,0,265,0,303,1
547,346,0,273,0,296,0
548,351,1,283,0,302,1
549,408,1,261,0,322,0
550,354,1,252,0,298,1
551,350,1,264,0,319,8
552,352,1,259,1,312,2
553,393,0,336,0,279,0
554,321,1,265,0,293,5
555,325,1,279,1,297,0
556,340,1,320,1,324,0
557,387,1,282,1,292,0
558,385,1,260,1,309,1
559,442,1,293,1,276,2
560,352,1,279,1,319,2
561,393,1,275,1,349,1
562,375,1,260,1,280,0
563,327,1,289,1,273,3
564,391,1,251,1,310,0
565,336,1,278,1,289,0
566,339,1,276,1,358,4
567,359,1,267,1,284,0
568,343,1,278,1,292,1
569,387,2,283,2,340,6
570,329,0,279,1,302,1
571,402,2,282,2,317,0
572,406,1,305,1,282,3
573,521,2,279,3,296,1
574,365,2,268,2,279,0
575,377,3,282,3,313,7
576,373,2,249,3,297,0
577,355,2,278,2,333,0
578,366,2,287,2,342,0
579,336,4,280,2,275,2
580,352,3,259,2,276,0
581,379,2,274,2,292,2
582,357,3,293,2,273,0
583,429,1,257,2,281,0
584,395,3,295,3,280,0
585,331,1,278,2,289,2
586,418,2,281,1,268,3
587,439,3,273,3,303,0
588,481,1,348,2,285,1
589,334,4,350,4,288,0
590,357,2,277,2,367,0
591,340,4,287,4,291,0
592,396,3,306,4,325,0
593,416,4,288,5,284,1
594,470,3,282,3,299,0
595,381,1,339,2,268,0
596,340,1,270,1,282,0
597,341,4,271,5,323,1
598,335,1,279,3,292,2
599,373,3,309,4,275,3
600,395,2,325,2,321,0
601,416,4,286,3,288,1
602,379,4,260,4,290,3
603,383,3,245,3,291,2
604,361,3,257,3,285,3
605,500,4,280,3,263,2
606,392,4,266,4,278,2
607,335,6,302,4,329,4
608,330,4,252,6,311,0
609,343,5,279,5,264,0
610,343,6,293,6,274,0
611,331,5,264,6,260,0
612,349,5,263,5,283,2
613,365,5,274,6,293,1
614,393,5,277,5,292,3
615,346,5,298,6,304,0
616,354,5,351,5,330,0
617,340,5,336,8,284,0
618,331,6,259,5,351,0
619,370,7,266,8,279,0
620,385,8,307,8,312,4
621,319,8,261,10,321,0
622,345,9,265,9,291,1
623,412,9,301,12,262,0
624,334,10,268,10,284,0
625,336,11,292,12,323,0
626,354,10,266,11,298,3
627,391,12,293,15,285,0
628,364,10,260,9,296,2
629,392,13,319,14,310,3
630,337,11,316,13,307,1
631,371,14,252,13,290,2
632,443,13,283,13,280,0
633,342,18,269,15,279,1
634,359,13,299,17,398,1
635,339,15,307,16,309,2
636,357,12,285,13,278,0
637,499,16,271,16,274,2
638,379,13,263,16,282,0
639,392,19,278,16,278,1
640,422,15,308,13,319,1
641,361,18,283,18,307,1
642,392,17,278,17,278,0
643,376,21,359,20,286,0
644,378,16,281,18,271,2
645,417,20,331,20,279,1
646,390,19,286,19,253,0
647,360,21,291,22,298,0
648,354,21,300,21,329,1
649,421,19,268,17,276,0
650,343,17,406,21,307,1
651,340,17,267,20,314,1
652,385,18,291,14,296,0
653,371,19,319,18,299,0
654,410,22,286,17,299,0
655,376,18,278,23,311,0
656,378,17,411,17,305,3
657,498,21,336,22,299,0
658,428,19,316,17,266,0
659,417,24,278,20,300,0
660,428,22,294,22,326,1
661,454,20,290,16,272,0
662,378,18,281,18,310,3
663,362,22,289,20,345,1
664,416,14,343,11,286,0
665,396,18,302,13,285,1
666,371,17,342,16,265,2
667,464,15,294,11,266,0
668,365,16,294,14,318,0
669,352,14,286,15,278,2
670,412,11,305,11,301,3
671,453,16,305,16,262,0
672,412,14,295,15,337,1
673,357,17,295,16,320,0
674,399,17,308,14,299,0
675,407,15,302,16,303,1
676,408,18,319,14,343,0
677,423,14,295,12,285,4
678,357,18,370,13,289,0
679,386,16,294,16,255,0
680,399,17,297,17,348,0
681,382,17,284,18,277,0
682,419,17,305,19,295,1
683,362,18,315,15,307,0
684,476,15,352,16,257,1
685,362,17,358,18,288,3
686,389,15,309,16,291,0
687,416,15,287,17,299,0
688,380,16,292,15,310,0
689,376,16,288,14,274,1
690,469,16,318,16,286,1
691,374,17,298,18,268,0
692,347,18,298,14,308,0
693,384,18,309,18,309,1
694,377,14,315,16,290,1
695,342,15,296,15,329,1
696,357,16,307,18,289,0
697,429,15,311,16,319,5
698,376,16,315,15,329,0
699,441,19,294,18,337,0
700,404,19,303,18,289,1
701,402,20,289,22,297,0
702,497,19,331,21,266,1
703,445,20,292,19,284,0
704,382,23,297,17,313,1
705,399,16,340,17,311,1
706,367,20,296,21,310,1
707,559,20,341,19,296,2
708,393,22,312,19,341,0
709,364,23,292,21,298,1
710,423,23,307,22,272,0
711,421,23,308,23,306,1
712,427,21,327,21,288,0
713,405,18,299,23,291,0
714,354,17,393,18,341,1
715,374,26,327,26,327,1
716,378,21,312,20,291,2
717,382,25,302,19,285,0
718,386,21,318,19,268,1
719,395,27,324,26,287,0
720,371,25,331,28,283,0
721,446,25,325,26,269,0
722,487,23,370,21,306,0
723,426,25,318,26,295,1
724,507,29,315,28,308,0
725,443,26,306,25,285,0
726,535,29,324,27,294,0
727,524,27,329,27,315,0
728,504,28,364,27,331,0
729,510,28,320,31,318,1
730,395,27,335,26,299,1
731,395,28,326,27,404,0
732,385,27,302,29,336,0
733,396,30,320,27,317,2
734,386,30,319,30,298,2
735,478,26,331,28,286,1
736,407,27,322,27,272,0
737,382,31,377,26,282,3
738,407,30,318,28,282,0
739,417,28,348,27,311,0
740,368,29,331,27,373,0
741,385,31,306,29,302,1
742,385,31,305,29,377,1
743,390,31,298,28,279,1
744,378,30,309,32,295,0
745,432,30,318,32,299,0
746,386,31,308,31,303,2
747,368,30,325,35,269,0
748,401,30,414,32,351,0
749,372,30,306,30,314,1
750,404,32,320,32,353,1
751,416,34,321,29,303,0
752,412,27,318,31,383,0
753,396,37,475,33,282,0
754,430,38,340,35,277,1
755,378,38,336,35,287,1
756,437,36,310,37,303,1
757,394,33,312,32,284,0
758,441,33,357,35,299,0
759,462,32,369,34,273,0
760,449,34,317,31,286,0
761,397,38,366,36,321,0
762,395,33,316,37,288,0
763,411,35,357,34,287,1
764,452,33,382,33,296,0
765,376,35,320,34,365,1
766,377,34,298,34,290,1
767,439,37,332,40,290,1
768,424,35,532,35,473,0
769,414,38,330,35,270,0
770,414,30,429,31,290,1
771,445,35,359,36,289,1
772,387,38,338,37,273,2
773,442,36,335,34,303,2
774,449,33,375,36,314,0
775,385,31,344,34,314,1
776,378,31,335,34,308,1
777,407,34,451,35,433,1
778,385,33,331,35,385,0
779,410,37,314,35,312,0
780,437,33,319,36,405,2
781,459,37,324,37,297,0
782,397,35,348,37,277,2
783,434,35,315,40,333,0
784,417,32,288,32,269,0
785,384,31,347,31,320,0
786,408,31,337,32,274,0
787,426,30,325,32,322,0
788,390,34,360,30,298,0
789,455,30,335,26,278,1
790,378,31,331,35,398,0
791,434,31,317,33,295,0
792,411,30,351,28,303,0
793,406,30,349,30,285,2
794,363,32,323,31,312,0
795,428,30,336,26,298,2
796,409,37,333,32,316,1
797,484,34,326,25,274,0
798,459,32,334,35,281,0
799,434,31,313,32,293,1
800,406,29,324,28,288,0
801,451,31,321,31,284,1
802,446,29,298,30,297,0
803,441,28,395,28,291,7
804,434,27,331,26,314,0
805,378,25,345,28,339,1
806,385,26,314,25,354,0
807,375,24,309,24,306,0
808,415,22,300,22,312,0
809,387,26,302,21,299,0
810,415,21,310,23,286,0
811,381,20,299,23,305,0
812,391,20,303,21,282,0
813,408,24,344,21,310,0
814,399,23,282,23,275,0
815,415,22,336,22,326,0
816,387,16,306,18,291,0
817,393,16,337,17,301,0
818,424,13,324,15,299,4
819,443,20,303,16,304,2
820,379,12,323,18,282,0
821,384,15,318,17,278,0
822,397,12,324,13,315,1
823,541,16,405,14,305,0
824,354,14,304,12,309,0
825,380,14,323,14,372,1
826,366,13,301,12,285,2
827,364,17,299,17,332,0
828,383,14,305,11,386,0
829,401,13,318,14,316,0
830,471,11,297,12,289,0
831,417,12,283,14,302,0
832,389,10,320,14,272,2
833,435,13,323,13,283,0
834,377,10,338,13,381,1
835,396,10,315,13,295,1
836,385,9,315,10,327,0
837,405,11,293,12,275,0
838,385,10,384,8,276,0
839,395,9,308,7,267,0
840,415,8,299,9,296,0
841,379,9,298,10,299,1
842,373,7,309,10,294,0
843,377,8,287,9,283,1
844,344,5,288,7,303,1
845,379,6,292,7,324,0
846,377,7,283,7,304,0
847,347,5,273,5,301,2
848,399,7,290,7,333,3
849,375,7,278,8,275,0
850,412,6,296,7,316,0
851,381,8,314,5,320,0
852,364,6,288,9,343,2
853,352,9,328,6,310,0
854,367,7,311,9,386,0
855,368,5,310,6,300,2
856,404,5,275,5,285,4
857,386,6,287,6,305,0
858,365,6,272,5,297,0
859,373,5,293,6,329,1
860,376,5,292,5,312,0
861,378,7,285,6,360,0
862,381,5,299,6,288,0
863,359,5,259,5,358,0
864,440,4,299,6,274,0
865,381,4,299,6,310,0
866,344,3,287,4,300,0
867,368,5,271,6,294,0
868,485,4,317,3,315,0
869,417,4,282,4,273,2
870,381,4,272,4,285,0
871,417,4,301,4,350,0
872,346,4,263,4,323,1
873,355,4,250,4,311,0
874,346,4,276,4,324,0
875,367,4,280,4,292,0
876,362,4,272,4,305,0
877,349,4,317,4,277,0
878,365,4,322,4,294,3
879,384,4,292,4,344,0
880,398,3,299,4,304,1
881,381,3,333,4,277,0
882,361,3,259,3,381,1
883,364,3,274,4,279,1
884,397,3,258,3,324,2
885,407,3,279,3,312,0
886,482,3,268,3,310,0
887,389,3,268,4,276,0
888,341,3,282,3,333,1
889,467,1,265,2,289,0
890,488,1,263,1,297,0
891,523,1,297,1,301,0
892,406,1,276,1,296,0
893,396,1,275,2,294,1
894,386,1,274,1,278,1
895,389,1,271,1,272,0
896,336,1,262,1,305,1
897,456,1,281,1,306,0
898,369,0,328,0,284,0
899,345,0,270,0,334,0
900,347,0,264,0,296,0
901,383,0,255,0,372,0
902,362,0,287,0,399,0
903,355,0,319,0,357,0
904,339,0,362,0,292,0
905,357,0,279,0,294,0
906,342,0,324,0,307,0
907,330,0,258,0,300,1
908,437,0,263,0,290,0
909,423,0,314,0,273,0
910,341,0,376,0,344,0
911,431,0,303,0,307,0
912,387,0,301,0,295,2
913,332,0,254,0,301,1
914,401,0,281,0,283,0
915,340,0,275,0,318,1
916,390,0,274,0,380,0
917,332,0,255,0,304,2
918,368,0,248,0,296,0
919,321,0,279,0,285,0
920,443,0,260,0,307,0
921,350,0,283,0,310,0
922,356,0,266,0,305,0
923,399,0,262,0,307,3
924,344,0,331,0,338,1
925,395,0,291,0,297,0
926,360,0,287,0,347,0
927,385,0,302,0,327,2
928,410,0,279,0,297,0
929,434,0,276,0,299,0
930,406,0,248,0,321,1
931,399,0,257,0,293,0
932,412,0,292,0,301,0
933,473,0,282,0,297,2
934,349,0,286,0,300,0
935,346,0,282,0,295,4
936,391,0,270,0,269,0
937,351,0,302,0,296,0
938,405,0,331,0,300,0
939,380,0,275,0,275,0
940,336,0,269,0,330,0
941,363,0,291,0,321,0
942,402,0,279,0,284,0
943,420,0,371,0,310,0
944,375,0,279,0,298,0
945,350,0,292,0,309,0
946,335,0,275,0,313,0
947,375,0,271,0,299,0
948,370,0,315,0,297,0
949,347,0,291,0,285,0
950,386,0,354,0,313,3
951,333,0,269,0,318,1
952,364,0,294,0,325,0
953,402,0,282,0,322,2
954,442,0,280,0,285,0
955,388,0,254,0,303,1
956,382,0,310,0,316,0
957,344,0,261,0,329,0
958,371,0,283,0,310,0
959,331,0,280,0,371,1
960,352,0,354,0,295,1
961,410,0,298,0,344,0
962,331,0,306,0,288,2
963,392,0,286,0,317,0
964,404,0,259,0,274,1
965,349,0,320,0,345,0
966,398,0,258,0,309,0
967,393,0,310,0,311,0
968,392,0,286,0,349,1
969,403,0,279,0,281,1
970,464,0,282,0,329,4
971,410,0,275,0,289,2
972,442,0,270,0,297,1
973,480,0,283,0,294,2
974,439,0,282,0,312,1
975,371,0,265,0,286,0
976,357,0,263,0,311,0
977,401,0,278,0,287,0
978,353,0,276,0,311,1
979,361,0,290,0,403,1
980,351,0,278,0,303,2
981,402,0,351,0,327,0
982,365,0,273,0,321,0
983,363,0,304,0,332,0
984,349,0,275,0,315,0
985,355,0,277,0,291,0
986,350,0,321,0,327,0
987,454,0,321,0,289,0
988,343,0,278,0,290,0
989,360,0,272,0,354,0
990,342,0,262,0,369,3
991,337,0,274,0,290,0
992,393,0,253,0,309,0
993,341,0,257,0,307,2
994,351,0,270,0,303,1
995,371,0,283,0,334,4
996,375,0,276,0,388,0
997,523,0,287,0,340,0
998,386,0,272,0,321,1
999,376,0,279,0,314,0
1000,423,0,255,0,287,0
1001,453,0,291,0,290,1
1002,404,0,250,0,304,0
1003,338,0,267,0,290,0
1004,384,0,279,0,282,0
1005,390,0,260,0,307,1
1006,362,0,278,0,293,0
1007,360,0,252,0,296,0
1008,346,0,269,0,372,0
1009,347,0,279,0,299,0
1010,390,0,259,0,390,3
1011,353,0,265,0,332,0
1012,331,0,311,0,281,1
1013,433,0,270,0,329,0
1014,347,0,276,0,379,1
1015,497,0,315,0,273,0
1016,441,0,284,0,320,1
1017,396,0,253,0,317,0
1018,363,0,262,0,329,2
1019,381,0,263,0,278,1
1020,347,0,310,0,350,0
1021,404,0,275,0,297,2
1022,384,0,283,0,296,0
1023,356,0,290,0,283,0
1024,353,0,264,0,293,1
1025,421,0,250,0,302,1
1026,344,0,306,0,295,0
1027,338,0,307,0,303,0
1028,333,0,261,0,356,0
1029,344,0,279,0,294,0
1030,385,0,299,0,287,0
1031,379,0,386,0,314,0
1032,399,0,265,0,300,2
1033,357,0,257,0,415,1
1034,360,0,268,0,345,0
1035,354,0,270,0,402,0
1036,360,0,361,0,292,1
1037,403,0,254,0,307,2
1038,385,0,294,0,322,0
1039,349,0,289,0,303,0
1040,384,0,274,0,303,0
1041,354,0,284,0,321,0
1042,424,0,443,0,405,0
1043,391,0,259,0,320,0
1044,330,0,279,0,344,0
1045,424,0,271,0,304,1
1046,417,0,357,0,335,3
1047,341,0,287,0,320,1
1048,388,0,256,0,323,0
1049,329,0,285,0,375,0
1050,369,0,259,0,299,0
1051,439,0,389,0,344,0
1052,358,0,311,0,300,0
1053,361,0,255,0,307,1
1054,382,0,273,0,291,0
1055,399,0,296,0,316,8
1056,354,0,262,0,320,1
1057,373,0,394,0,292,0
1058,360,0,278,0,327,3
1059,368,0,256,0,294,1
1060,356,0,286,0,418,0
1061,346,0,270,0,276,0
1062,328,0,268,0,325,0
1063,350,0,275,0,332,0
1064,422,0,261,0,283,0
1065,335,0,284,0,323,0
1066,349,0,273,0,290,3
1067,369,0,276,0,330,0
1068,402,0,293,0,394,0
1069,338,0,258,0,354,0
1070,353,0,276,0,283,0
1071,386,0,375,0,280,0
1072,405,0,260,0,279,0
1073,447,0,256,0,304,0
1074,372,0,270,0,295,1
1075,341,0,279,0,288,0
1076,361,0,266,0,325,2
1077,332,0,269,0,314,0
1078,382,0,307,0,406,0
1079,365,0,252,0,301,0
1080,415,0,276,0,298,2
1081,443,0,253,0,280,0
1082,384,0,243,0,289,0
1083,430,0,270,0,311,0
1084,435,0,262,0,299,0
1085,334,0,268,0,295,2
1086,371,0,287,0,353,1
1087,412,0,295,0,369,0
1088,340,0,263,0,313,0
1089,321,0,260,0,300,0
1090,359,0,258,0,288,0
1091,392,0,254,0,291,0
1092,420,0,268,0,293,0
1093,407,0,274,0,308,0
1094,366,0,286,0,284,0
1095,384,0,269,0,307,0
1096,387,0,264,0,330,1
1097,353,0,281,0,299,0
1098,361,0,258,0,404,1
1099,345,0,296,0,305,0
1100,375,0,357,0,326,0
1101,414,0,280,0,296,1
1102,334,0,277,0,330,0
1103,380,0,264,0,290,2
1104,355,0,258,0,320,0
1105,369,0,314,0,300,0
1106,340,0,370,0,318,0
1107,419,0,276,0,327,0
1108,375,0,263,0,303,1
1109,336,0,247,0,305,0
1110,369,0,275,0,319,0
1111,354,0,281,0,286,0
1112,344,0,264,0,315,0
1113,355,0,286,0,327,1
1114,333,0,311,0,311,1
1115,364,0,401,0,303,1
1116,433,0,294,0,293,1
1117,421,0,271,0,292,1
1118,378,0,276,0,294,0
1119,384,0,305,0,310,1
1120,350,0,257,0,286,0
1121,357,0,246,0,401,3
1122,417,0,354,0,339,1
1123,359,0,283,0,357,0
1124,347,0,329,0,326,0
1125,465,0,265,0,278,0
1126,367,0,295,0,283,2
1127,351,0,277,0,313,0
1128,333,0,272,0,301,2
1129,345,0,276,0,333,1
1130,333,0,270,0,303,0
1131,333,0,265,0,322,0
1132,353,0,273,0,317,0
1133,368,0,265,0,274,0
1134,363,0,275,0,299,0
1135,403,0,271,0,301,0
1136,368,0,271,0,307,2
1137,366,0,267,0,320,1
1138,326,0,284,0,309,0
1139,339,0,300,0,303,0
1140,385,0,271,0,292,4
1141,416,0,304,0,307,4
1142,382,0,264,0,307,0
1143,365,0,255,0,307,0
1144,365,0,286,0,305,0
1145,393,0,261,0,291,0
1146,384,0,269,0,284,0
1147,422,0,298,0,324,2
1148,377,0,295,0,310,1
1149,383,0,289,0,318,1
1150,357,0,264,0,318,2
1151,378,0,278,0,320,0
1152,389,0,266,0,294,1
1153,388,0,267,0,314,2
1154,425,0,253,0,294,2
1155,340,0,292,0,321,0
1156,360,0,253,0,300,0
1157,343,0,292,0,343,1
1158,348,0,286,0,414,0
1159,373,0,271,0,287,2
1160,350,0,283,0,389,0
1161,357,0,264,0,361,1
1162,367,0,280,0,359,0
1163,456,0,300,0,306,0
1164,354,0,293,0,337,0
1165,340,0,269,0,349,2
1166,379,0,265,0,326,1
1167,390,0,285,0,396,0
1168,357,0,290,0,314,1
1169,332,0,274,0,318,2
1170,341,0,277,0,326,0
1171,362,0,276,0,311,1
1172,377,0,330,0,307,1
1173,358,0,302,0,289,0
1174,371,0,290,0,320,1
1175,370,0,377,0,290,0
1176,461,0,264,0,285,2
1177,490,0,298,0,301,0
1178,400,0,265,0,303,0
1179,395,0,270,0,317,0
1180,419,0,255,0,298,0
1181,398,0,263,0,302,3
1182,347,0,285,0,321,0
1183,354,0,280,0,295,2
1184,378,0,315,0,277,0
1185,403,0,335,0,321,0
1186,396,0,304,0,300,1
1187,398,0,267,0,309,1
1188,357,0,287,0,317,0
1189,394,0,291,0,298,2
1190,413,0,259,0,289,0
1191,367,0,256,0,310,2
1192,332,0,250,0,295,1
1193,351,0,284,0,390,3
1194,389,0,268,0,293,4
1195,358,0,278,0,309,1
1196,394,0,259,0,323,0
1197,380,0,271,0,307,2
1198,344,0,266,0,304,0
1199,360,0,274,0,341,3
1200,395,0,260,0,292,0
1201,364,0,244,0,311,0
1202,404,0,310,0,314,0
1203,359,0,290,0,428,0
1204,415,0,270,0,314,0
1205,414,0,263,0,299,0
1206,379,0,272,0,280,1
1207,380,0,292,0,305,0
1208,445,0,287,0,308,0
1209,472,0,248,0,307,0
1210,361,0,280,0,329,0
1211,360,0,278,0,390,0
1212,365,0,292,0,303,3
1213,444,0,305,0,299,0
1214,380,0,261,0,307,4
1215,340,0,297,0,297,1
1216,362,0,274,0,309,0
1217,382,0,254,0,325,0
1218,386,0,307,0,297,0
1219,323,1,319,0,313,2
1220,353,0,324,0,315,3
1221,381,0,373,0,315,0
1222,353,0,327,0,341,0
1223,497,0,287,0,298,0
1224,349,0,280,0,309,1
1225,421,0,277,0,300,0
1226,366,0,261,0,347,0
1227,375,0,246,0,298,1
1228,330,0,299,0,312,0
1229,399,0,272,0,397,1
1230,363,0,321,0,306,0
1231,396,0,251,0,299,0
1232,406,1,268,0,318,0
1233,358,0,272,0,299,3
1234,329,2,277,0,374,0
1235,397,2,271,1,317,0
1236,352,1,301,2,430,2
1237,358,2,265,1,323,0
1238,324,3,322,2,351,0
1239,413,2,359,2,328,1
1240,393,2,284,2,316,3
1241,360,2,316,2,326,2
1242,414,2,276,2,306,2
1243,337,2,269,2,283,0
1244,363,2,302,2,343,0
1245,341,2,307,2,363,1
1246,359,2,282,2,361,0
1247,471,3,273,2,323,2
1248,352,3,284,3,412,0
1249,364,3,259,2,328,0
1250,354,2,291,3,297,0
1251,388,3,301,3,297,0
1252,378,3,271,3,312,0
1253,344,3,273,4,297,1
1254,349,3,289,3,300,2
1255,351,3,286,3,325,0
1256,389,3,267,3,326,0
1257,381,3,294,3,317,1
1258,383,1,269,3,305,0
1259,383,3,267,3,302,1
1260,384,2,279,3,304,1
1261,371,3,279,3,289,0
1262,363,2,280,3,303,0
1263,375,3,289,3,328,4
1264,375,1,293,3,437,0
1265,397,4,270,2,287,1
1266,333,2,286,3,366,0
1267,366,1,251,3,327,0
1268,356,3,274,4,280,1
1269,390,3,283,3,289,0
1270,352,4,276,3,319,1
1271,372,3,277,4,299,0
1272,450,3,269,3,307,0
1273,393,3,287,3,310,0
1274,427,4,277,3,310,4
1275,344,4,282,2,397,0
1276,347,3,264,4,336,0
1277,340,4,271,3,300,0
1278,378,4,274,3,310,1
1279,347,3,292,4,304,0
1280,354,3,277,4,309,0
1281,350,4,270,4,311,0
1282,515,4,314,3,314,0
1283,383,3,283,3,316,0
1284,357,4,349,4,292,2
1285,410,4,265,4,319,4
1286,393,4,279,4,323,2
1287,394,4,315,3,315,0
1288,341,3,277,4,408,0
1289,342,4,331,4,321,1
1290,458,4,317,4,313,1
1291,351,4,284,6,302,0
1292,342,4,354,3,303,0
1293,356,5,295,4,387,0
1294,352,4,284,5,322,1
1295,360,5,278,6,331,1
1296,394,5,291,5,300,0
1297,342,5,292,5,320,0
1298,458,5,309,4,303,0
1299,404,4,297,5,365,2
1300,341,4,279,4,302,2
1301,493,6,291,6,303,0
1302,346,7,260,5,289,1
1303,371,6,277,6,295,1
1304,371,6,286,6,278,0
1305,360,6,277,6,307,0
1306,346,5,338,7,328,1
1307,485,6,282,6,328,0
1308,360,6,289,7,349,0
1309,378,6,298,6,387,2
1310,349,6,288,6,341,0
1311,414,7,258,7,321,0
1312,415,6,330,7,298,0
1313,413,7,281,8,311,0
1314,402,7,320,6,322,2
1315,404,8,302,7,311,1
1316,523,6,470,7,373,0
1317,367,7,365,8,359,0
1318,385,8,276,7,366,0
1319,351,8,279,8,342,1
1320,405,6,282,7,307,1
1321,355,7,285,9,324,0
1322,367,7,303,7,297,0
1323,377,8,284,8,355,3
1324,399,8,343,8,341,0
1325,369,7,279,9,311,0
1326,403,5,272,6,322,0
1327,366,9,300,9,333,0
1328,356,9,289,10,344,0
1329,344,9,327,11,344,0
1330,372,9,298,9,311,0
1331,363,9,275,10,394,0
1332,425,9,308,10,302,0
1333,372,10,311,10,406,0
1334,476,11,312,10,340,0
1335,400,9,355,10,298,0
1336,406,10,304,9,319,0
1337,370,10,279,9,290,0
1338,407,11,284,11,348,0
1339,402,12,273,12,342,0
1340,360,12,294,12,318,0
1341,346,11,305,14,307,1
1342,446,12,277,11,317,0
1343,435,11,291,11,290,2
1344,365,11,291,10,299,0
1345,384,11,294,13,324,0
1346,449,11,384,12,321,0
1347,389,10,296,10,367,0
1348,393,11,343,12,313,0
1349,411,13,293,12,299,0
1350,424,13,300,13,332,0
1351,353,14,314,12,393,2
1352,473,13,303,14,317,0
1353,398,13,307,12,322,2
1354,439,13,313,14,309,2
1355,379,14,298,15,314,0
1356,376,14,309,13,327,1
1357,508,14,343,15,313,0
1358,354,14,296,13,325,0
1359,401,13,285,13,303,2
1360,382,14,283,14,307,0
1361,376,15,345,13,328,3
1362,410,14,292,13,312,0
1363,403,14,317,15,374,0
1364,386,13,417,13,295,0
1365,446,13,305,13,312,0
1366,358,15,288,14,342,0
1367,446,14,345,14,327,0
1368,375,14,284,15,289,0
1369,370,15,280,14,293,0
1370,470,13,295,14,304,0
1371,371,14,302,14,368,1
1372,384,14,393,12,286,0
1373,381,13,300,14,320,2
1374,408,14,318,13,304,2
1375,409,13,302,12,309,0
1376,351,14,278,13,305,3
1377,420,12,312,12,310,1
1378,406,15,325,14,413,1
1379,395,14,304,15,305,0
1380,378,14,300,15,313,0
1381,400,15,312,16,328,2
1382,392,13,315,15,296,1
1383,410,14,294,13,335,0
1384,365,14,305,14,335,1
1385,386,15,347,14,294,5
1386,376,16,405,14,288,2
1387,365,17,320,17,347,0
1388,377,19,327,15,280,0
1389,439,17,310,15,299,0
1390,405,15,308,16,343,1
1391,497,15,359,14,399,0
1392,456,14,368,15,298,0
1393,399,15,302,15,309,1
1394,449,18,304,18,291,0
1395,395,16,333,16,313,0
1396,432,15,326,15,281,0
1397,372,15,316,16,359,4
1398,399,17,297,15,323,0
1399,349,18,300,15,327,0
1400,399,16,307,16,317,0
1401,436,13,298,13,298,0
1402,404,17,298,15,321,1
1403,355,14,310,13,327,0
1404,579,17,311,14,323,1
1405,379,14,306,12,362,0
1406,377,14,325,13,315,3
1407,441,17,324,14,317,0
1408,423,14,324,13,313,0
1409,454,15,301,15,327,0
1410,454,16,361,16,353,0
1411,400,19,328,18,337,0
1412,395,16,272,17,316,0
1413,428,21,346,20,336,1
1414,438,16,322,18,332,5
1415,418,20,333,19,311,1
1416,405,16,306,18,336,0
1417,409,19,297,19,298,0
1418,443,13,310,14,299,0
1419,429,17,315,18,329,0
1420,415,19,314,17,327,0
1421,411,19,334,16,320,0
1422,406,18,311,19,293,1
1423,413,21,326,20,314,0
1424,408,19,322,18,343,4
1425,383,20,317,22,320,0
1426,486,20,342,19,306,2
1427,387,21,311,21,318,0
1428,523,20,350,17,289,0
1429,411,20,302,18,403,0
1430,373,19,327,21,307,1
1431,404,18,409,20,302,0
1432,419,17,327,19,355,0
1433,382,20,304,20,361,0
1434,413,20,291,19,331,0
1435,407,19,319,19,294,1
1436,436,20,314,18,303,0
1437,441,21,309,21,323,0
1438,485,18,378,20,339,1
1439,426,22,314,21,342,0
1440,414,20,360,21,318,0
1441,411,21,310,18,331,1
1442,379,21,357,19,378,4
1443,521,19,302,19,313,0
1444,358,24,313,21,303,0
1445,434,19,308,18,346,0
1446,434,21,322,19,314,0
1447,443,23,413,19,343,0
1448,394,22,320,20,331,1
1449,434,22,339,21,287,1
1450,391,23,332,22,355,0
1451,406,23,331,21,345,3
1452,487,21,322,21,338,1
1453,398,23,326,20,360,0
1454,477,22,347,22,319,0
1455,394,22,451,20,401,0
1456,387,22,309,20,299,0
1457,437,22,349,23,347,0
1458,528,22,310,22,342,0
1459,404,21,324,20,307,1
1460,504,20,317,20,317,0
1461,412,23,322,20,335,2
1462,453,22,334,22,322,0
1463,490,24,303,23,286,0
1464,381,21,321,24,368,0
1465,520,25,321,23,296,0
1466,460,18,353,18,329,0
1467,415,24,415,23,424,0
1468,398,20,427,19,330,1
1469,422,24,366,22,310,0
1470,379,22,331,21,311,0
1471,489,24,353,21,321,0
1472,403,22,376,23,298,0
1473,431,23,323,22,371,1
1474,423,23,395,22,322,0
1475,368,22,337,29,312,2
1476,402,23,322,26,426,0
1477,513,27,329,27,306,0
1478,435,23,301,23,291,0
1479,503,23,329,23,309,0
1480,385,25,318,26,363,1
1481,418,27,305,26,325,0
1482,410,26,327,23,374,0
1483,376,24,394,26,301,0
1484,443,24,332,23,315,0
1485,381,28,358,26,331,0
1486,370,28,330,27,315,0
1487,428,29,310,32,322,0
1488,405,27,346,29,303,1
1489,427,26,354,25,345,0
1490,464,24,330,25,313,1
1491,443,24,425,26,307,0
1492,411,28,325,25,334,0
1493,494,26,303,28,319,0
1494,411,23,348,26,314,0
1495,496,27,375,25,327,1
1496,426,25,313,25,307,0
1497,444,24,339,25,341,1
1498,412,25,360,22,327,2
1499,473,23,362,23,340,0
1500,402,23,301,25,414,0
1501,428,26,338,25,328,1
1502,435,26,328,23,350,1
1503,544,26,348,25,312,0
1504,551,23,316,25,343,0
1505,406,23,429,25,298,0
1506,405,26,321,23,311,1
1507,416,25,332,23,339,0
1508,454,24,368,24,353,0
1509,413,25,336,25,369,0
1510,475,21,344,22,329,0
1511,407,23,347,25,313,1
1512,427,26,353,22,329,0
1513,434,25,326,25,326,0
1514,422,27,365,25,328,3
1515,422,26,373,22,342,0
1516,409,27,354,25,324,0
1517,405,21,317,24,310,0
1518,500,26,325,25,326,0
1519,417,24,317,24,316,0
1520,441,21,313,22,351,2
1521,404,22,327,23,307,1
1522,408,21,420,20,311,0
1523,412,25,329,25,421,0
1524,409,26,332,26,332,0
1525,402,26,345,25,317,0
1526,490,20,332,27,315,0
1527,399,24,326,23,349,0
1528,395,21,344,24,330,0
1529,429,22,342,22,300,0
1530,408,23,313,22,323,0
1531,434,22,320,21,296,0
1532,536,22,456,22,340,0
1533,437,24,327,23,304,0
1534,449,22,348,20,325,0
1535,384,20,328,22,336,1
1536,391,21,312,21,413,3
1537,415,19,321,19,323,0
1538,394,20,315,19,331,5
1539,374,19,308,20,378,0
1540,414,20,426,21,312,0
1541,462,19,357,19,387,0
1542,413,19,372,19,351,1
1543,383,19,335,20,329,0
1544,460,18,315,18,325,0
1545,425,19,354,19,334,1
1546,421,20,333,18,326,0
1547,387,18,314,19,295,0
1548,415,19,335,19,343,0
1549,417,20,357,19,343,0
1550,445,19,327,19,313,0
1551,412,20,307,20,317,0
1552,388,16,338,17,331,1
1553,463,16,369,18,315,3
1554,396,17,367,18,314,0
1555,386,18,335,19,332,0
1556,533,18,317,17,329,2
1557,392,18,334,18,323,0
1558,539,15,363,17,305,0
1559,470,17,301,17,288,1
1560,402,16,319,15,411,0
1561,382,17,445,16,293,0
1562,365,18,339,15,312,0
1563,390,19,398,18,316,0
1564,505,18,332,18,339,0
1565,456,18,326,18,311,0
1566,574,20,369,18,344,0
1567,408,17,301,19,352,0
1568,510,19,316,20,321,0
1569,393,18,405,17,352,1
1570,415,20,314,18,310,0
1571,413,18,339,19,449,0
1572,391,19,352,18,314,1
1573,413,19,317,19,311,0
1574,411,18,422,18,334,0
1575,438,16,327,18,320,0
1576,457,20,300,19,334,0
1577,388,18,327,17,312,0
1578,418,17,323,18,331,0
1579,384,17,365,16,356,0
1580,475,18,328,18,349,4
1581,455,16,326,15,320,0
1582,450,17,318,16,333,3
1583,483,19,394,19,296,0
1584,399,19,358,18,327,2
1585,382,17,338,18,333,0
1586,430,17,311,17,315,0
1587,393,19,326,16,335,1
1588,378,17,331,18,316,0
1589,419,16,362,16,319,1
1590,402,17,314,15,340,0
1591,383,15,312,16,337,0
1592,433,16,340,16,323,0
1593,501,16,310,17,317,0
1594,413,19,329,15,313,0
1595,447,15,332,16,297,0
1596,434,18,362,15,320,0
1597,447,16,296,15,324,0
1598,427,16,325,16,334,0
1599,403,16,338,15,337,0
1600,535,17,337,15,305,0
1601,427,15,351,14,338,9
1602,514,15,398,16,343,0
1603,415,15,315,16,334,0
1604,409,16,319,17,388,0
1605,463,15,321,16,343,2
1606,452,15,325,14,299,2
1607,402,14,337,16,317,3
1608,409,15,341,15,329,0
1609,393,14,312,15,328,0
1610,524,15,331,13,323,0
1611,403,16,311,16,323,0
1612,498,14,308,16,331,0
1613,410,14,346,14,325,1
1614,419,13,358,15,323,0
1615,457,13,402,13,346,0
1616,416,14,333,13,311,0
1617,441,13,389,14,361,4
1618,402,15,337,13,307,0
1619,420,14,431,14,311,0
1620,404,14,327,14,347,0
1621,467,12,327,13,317,0
1622,378,12,303,10,315,1
1623,389,13,325,13,397,0
1624,405,12,319,11,311,0
1625,380,12,333,11,316,0
1626,456,12,351,11,322,0
1627,399,11,330,13,334,0
1628,503,11,363,12,332,0
1629,480,12,415,9,328,0
1630,406,10,307,11,306,1
1631,398,10,336,9,308,0
1632,402,10,346,8,325,0
1633,429,9,334,9,347,0
1634,418,10,318,11,320,0
1635,446,9,340,11,290,0
1636,407,8,328,8,318,1
1637,403,8,394,8,308,0
1638,388,8,325,8,348,0
1639,389,9,325,9,315,0
1640,471,9,339,11,320,0
1641,516,8,312,8,334,0
1642,406,9,385,8,381,0
1643,404,8,326,7,306,0
1644,513,7,347,9,330,0
1645,404,9,354,9,339,0
1646,469,8,348,9,350,0
1647,436,8,332,8,333,0
1648,376,9,337,8,317,1
1649,528,9,354,7,332,0
1650,415,8,402,8,359,1
1651,415,6,341,8,319,0
1652,430,6,353,9,306,0
1653,523,7,307,6,304,0
1654,404,6,328,6,338,0
1655,406,6,315,6,306,0
1656,400,6,334,6,329,1
1657,508,6,354,5,311,0
1658,370,6,388,6,312,0
1659,388,6,314,6,327,1
1660,452,5,339,6,314,0
1661,384,6,297,5,303,0
1662,441,4,306,5,345,0
1663,425,4,321,5,415,1
1664,425,4,320,4,322,0
1665,399,5,318,5,311,0
1666,402,4,303,5,324,0
1667,463,4,306,4,371,0
1668,390,4,321,4,312,0
1669,376,4,299,4,331,0
1670,448,3,347,5,335,0
1671,401,4,329,5,379,0
1672,516,3,337,4,338,3
1673,354,3,320,4,381,0
1674,416,3,311,3,328,0
1675,382,2,296,3,319,1
1676,396,2,302,2,305,0
1677,360,3,294,4,300,0
1678,423,2,303,2,337,0
1679,414,2,327,2,310,2
1680,374,2,335,2,343,2
1681,423,2,302,2,341,0
1682,404,2,286,2,307,0
1683,394,2,296,2,298,0
1684,393,2,405,2,309,0
1685,368,2,335,2,314,0
1686,457,2,299,2,326,2
1687,373,2,351,3,425,1
1688,422,2,306,2,306,0
1689,470,2,289,2,299,0
1690,426,2,375,2,335,1
1691,419,2,287,2,401,0
1692,384,1,314,1,306,2
1693,371,1,331,2,353,0
1694,443,1,317,1,328,0
1695,401,1,315,2,328,0
1696,431,1,287,1,304,2
1697,370,1,305,2,331,1
1698,369,1,328,1,296,2
1699,433,1,287,1,352,0
1700,370,1,281,1,321,0
1701,393,1,314,1,347,2
1702,376,1,301,1,311,0
1703,445,0,299,1,327,0
1704,385,0,318,1,314,0
1705,393,1,306,1,349,0
1706,410,1,299,1,345,0
1707,426,0,302,1,335,0
1708,369,0,277,0,307,0
1709,414,0,306,1,329,0
1710,418,0,378,0,324,0
1711,404,0,282,1,304,0
1712,481,0,305,0,307,0
1713,394,0,290,1,329,0
1714,454,0,326,0,307,0
1715,357,0,293,0,312,0
1716,406,0,284,0,302,0
1717,399,0,387,0,351,0
1718,438,0,277,0,338,3
1719,375,0,301,0,320,0
1720,418,0,295,0,319,1
1721,391,0,277,0,417,3
1722,439,0,303,0,348,0
1723,360,0,322,0,417,1
1724,408,1,320,1,331,0
1725,422,1,290,1,348,0
1726,380,1,303,1,304,0
1727,409,1,286,1,312,0
1728,431,1,324,1,321,0
1729,401,1,303,1,316,0
1730,387,0,287,1,311,2
1731,420,1,316,1,328,1
1732,373,1,330,1,309,0
1733,396,1,292,1,340,4
1734,404,0,407,0,316,2
1735,402,1,306,1,323,0
1736,378,0,339,1,322,0
1737,390,1,283,1,305,0
1738,406,1,304,1,329,0
1739,406,1,289,1,305,0
1740,411,1,328,1,350,0
1741,400,0,313,0,347,2
1742,483,0,391,0,362,0
1743,402,0,312,0,325,3
1744,395,0,391,0,342,1
1745,379,0,307,0,310,0
1746,426,0,308,0,343,0
1747,387,0,291,0,302,1
1748,451,0,293,0,314,0
1749,410,0,299,0,417,1
1750,517,0,309,0,328,0
1751,406,0,376,0,385,0
1752,368,0,299,0,328,1
1753,449,0,369,0,322,1
1754,355,0,285,0,364,0
1755,430,0,296,0,334,0
1756,368,0,303,0,410,1
1757,372,0,284,0,327,0
1758,406,0,313,0,348,0
1759,396,0,284,0,355,0
1760,398,0,307,0,327,0
1761,397,0,330,0,417,1
1762,452,0,360,0,328,0
1763,413,0,290,0,328,1
1764,378,0,299,0,303,0
1765,381,0,294,0,311,0
1766,420,0,309,0,324,0
1767,364,0,310,0,409,1
1768,523,0,283,0,309,0
1769,419,0,323,0,335,4
1770,474,0,325,0,314,0
1771,350,0,270,0,373,0
1772,404,0,296,0,342,0
1773,422,0,311,0,327,1
1774,416,0,292,0,346,0
1775,402,0,301,0,353,0
1776,384,0,281,0,335,0
1777,352,0,305,0,411,0
1778,416,0,293,0,345,0
1779,428,0,386,0,322,0
1780,366,0,277,0,362,0
1781,458,0,277,0,364,0
1782,363,0,281,0,348,0
1783,496,0,302,0,327,1
1784,384,0,369,0,334,0
1785,401,0,322,0,408,0
1786,407,0,312,0,315,2
1787,345,0,288,0,397,1
1788,381,0,273,0,348,0
1789,431,0,350,0,326,0
1790,361,0,382,0,318,0
1791,375,0,335,0,337,0
1792,487,0,294,0,351,1
1793,425,0,473,0,387,0
1794,388,0,297,0,367,0
1795,373,0,291,0,349,2
1796,385,0,310,0,322,0
1797,355,0,301,0,302,0
1798,473,0,296,0,301,0
1799,391,0,284,0,326,0
1800,448,0,354,0,381,0
1801,392,0,314,0,350,0
1802,391,0,285,0,355,0
1803,428,0,294,0,335,0
1804,389,0,276,0,346,0
1805,417,0,298,0,337,0
1806,439,0,287,0,325,0
1807,380,0,296,0,348,1
1808,417,0,314,0,363,0
1809,381,0,366,0,314,0
1810,373,0,308,0,355,0
1811,400,0,282,0,346,2
1812,419,0,295,0,320,0
1813,369,0,322,0,395,0
1814,475,0,309,0,329,3
1815,390,0,279,0,331,0
1816,366,0,280,0,304,0
1817,365,0,314,0,317,1
1818,411,0,343,0,347,1
1819,406,0,289,0,419,1
1820,349,0,291,0,335,3
1821,392,0,308,0,390,0
1822,402,0,295,0,323,1
1823,389,0,296,0,321,0
1824,405,0,286,0,323,0
1825,374,0,308,0,426,0
1826,464,0,311,0,319,0
1827,418,0,287,0,322,0
1828,390,0,394,0,313,0
1829,377,0,309,0,353,4
1830,391,0,285,0,316,2
1831,436,0,305,0,320,0
1832,387,0,296,0,370,0
1833,382,0,300,0,365,1
1834,403,0,288,0,362,1
1835,378,0,371,0,340,0
1836,384,0,305,0,407,0
1837,391,0,288,0,340,0
1838,467,0,303,0,324,2
1839,479,0,346,0,334,0
1840,380,0,302,0,455,0
1841,389,0,284,0,305,0
1842,364,0,360,0,314,0
1843,377,0,284,0,399,0
1844,384,0,288,0,341,4
1845,428,0,325,0,326,0
1846,383,0,283,0,340,0
1847,368,0,314,0,369,0
1848,387,0,305,0,329,1
1849,443,0,313,0,311,1
1850,352,0,302,0,319,0
1851,391,0,337,0,359,0
1852,374,0,451,0,412,0
1853,359,0,311,0,350,0
1854,375,0,296,0,315,1
1855,406,0,285,0,326,0
1856,351,0,295,0,454,0
1857,418,0,298,0,357,0
1858,438,0,291,0,320,0
1859,347,0,303,0,357,0
1860,394,0,299,0,316,1
1861,381,0,284,0,320,0
1862,355,0,284,0,365,1
1863,422,0,326,0,321,1
1864,389,0,282,0,307,2
1865,392,0,291,0,335,0
1866,358,0,305,0,333,5
1867,428,0,284,0,307,1
1868,412,0,301,0,308,0
1869,520,0,354,0,457,0
1870,469,0,363,0,342,0
1871,379,0,323,0,318,0
1872,391,0,307,0,414,0
1873,414,0,286,0,315,2
1874,356,0,297,0,341,0
1875,383,0,302,0,318,0
1876,414,0,298,0,320,0
1877,485,0,344,0,363,0
1878,432,0,306,0,319,0
1879,352,0,314,0,318,0
1880,397,0,317,0,333,0
1881,376,0,311,0,340,1
1882,350,0,301,0,315,0
1883,440,0,300,0,319,2
1884,389,0,307,0,337,0
1885,452,0,320,0,345,0
1886,413,0,292,0,376,0
1887,375,0,305,0,342,1
1888,497,0,434,0,350,1
1889,395,0,344,0,360,0
1890,355,0,290,0,307,1
1891,375,0,287,0,323,0
1892,364,0,380,0,313,0
1893,466,0,329,0,359,0
1894,415,0,411,0,316,0
1895,401,0,324,0,375,0
1896,481,0,313,0,311,0
1897,374,0,311,0,318,0
1898,403,0,293,0,337,0
1899,386,0,311,0,370,1
1900,390,0,311,0,318,0
1901,434,0,404,0,350,0
1902,356,0,278,0,429,1
1903,394,0,306,0,320,0
1904,400,0,295,0,339,2
1905,389,0,340,0,400,2
1906,466,0,337,0,308,0
1907,388,0,297,0,343,1
1908,413,0,283,0,352,2
1909,401,0,401,0,349,0
1910,410,0,374,0,327,0
1911,372,0,298,0,317,0
1912,410,0,286,0,348,0
1913,463,0,289,0,355,0
1914,379,0,324,0,338,0
1915,380,0,315,0,336,0
1916,415,0,303,0,330,2
1917,388,0,372,0,325,0
1918,382,0,303,0,401,0
1919,394,0,275,0,318,0
1920,423,0,294,0,338,0
1921,377,0,339,0,362,1
1922,356,0,313,0,357,0
1923,430,0,350,0,340,1
1924,398,0,316,0,328,1
1925,389,0,275,0,335,0
1926,400,0,335,0,308,1
1927,375,0,291,0,339,0
1928,407,0,289,0,342,0
1929,357,0,321,0,358,0
1930,379,0,302,0,349,0
1931,354,0,297,0,318,0
1932,385,0,277,0,359,0
1933,380,0,278,0,337,0
1934,397,0,307,0,363,1
1935,394,0,333,0,369,0
1936,368,0,287,0,426,1
1937,367,0,308,0,333,1
1938,498,0,282,0,327,1
1939,403,0,311,0,309,0
1940,407,0,278,0,349,0
1941,383,0,296,0,320,1
1942,383,0,295,0,321,0
1943,389,0,280,0,328,0
1944,427,0,319,0,425,1
1945,381,0,315,0,340,0
1946,412,0,298,0,346,0
1947,373,0,311,0,436,0
1948,420,0,308,0,342,0
1949,457,0,280,0,326,0
1950,369,0,283,0,334,0
1951,419,0,285,0,331,0
1952,432,0,287,0,340,0
1953,373,0,343,0,364,1
1954,374,0,285,0,407,0
1955,424,0,289,0,325,0
1956,383,0,311,0,374,0
1957,424,0,307,0,342,0
1958,399,0,291,0,340,0
1959,415,0,385,0,349,1
1960,404,0,310,0,361,3
1961,420,0,283,0,333,0
1962,548,0,329,0,333,1
1963,433,0,299,0,349,0
1964,385,0,348,0,339,0
1965,359,0,331,0,389,0
1966,364,0,291,0,331,0
1967,422,0,275,0,313,2
1968,499,0,300,0,328,0
1969,453,0,305,0,345,0
1970,382,0,361,0,364,0
1971,383,0,282,0,452,0
1972,405,0,294,0,370,1
1973,409,0,304,0,341,0
1974,536,0,291,0,319,0
1975,434,0,390,0,411,0
1976,364,0,292,0,348,0
1977,380,0,282,0,350,0
1978,384,0,301,0,366,0
1979,366,0,290,0,289,0
1980,353,0,286,0,339,0
1981,385,0,291,0,341,3
1982,416,0,303,0,333,0
1983,414,0,305,0,344,0
1984,414,0,341,0,327,0
1985,363,0,287,0,352,3
1986,396,0,289,0,344,0
1987,406,0,290,0,368,0
1988,378,0,301,0,341,0
1989,424,0,299,0,385,1
1990,382,0,295,0,341,0
1991,432,0,288,0,401,0
1992,382,0,318,0,340,0
1993,396,0,284,0,359,0
1994,384,0,307,0,337,0
1995,407,0,311,0,351,0
1996,383,0,298,0,337,0
1997,388,0,276,0,365,0
1998,447,0,307,0,353,1
1999,376,0,304,0,325,0
2000,377,0,314,0,336,0
2001,369,0,302,0,349,1
2002,477,0,314,0,360,0
2003,480,0,307,0,313,0
2004,409,0,304,0,339,0
2005,344,0,294,0,315,2
2006,405,0,309,0,352,0
2007,432,0,289,0,348,0
2008,381,0,303,0,323,0
2009,436,0,342,0,347,0
2010,384,0,316,0,345,0
2011,429,0,333,0,352,0
2012,398,0,377,0,464,0
2013,429,0,297,0,349,2
2014,514,0,312,0,367,0
2015,420,0,295,0,358,0
2016,368,0,387,0,386,2
2017,406,0,366,0,317,0
2018,371,0,303,0,372,0
2019,417,0,285,0,333,0
2020,410,0,286,0,355,0
2021,373,0,297,0,312,0
2022,514,0,317,0,337,1
2023,398,0,301,0,320,1
2024,431,0,302,0,325,1
2025,509,0,316,0,322,0
2026,496,0,323,0,345,0
2027,423,0,354,0,310,0
2028,370,0,297,0,335,0
2029,386,0,309,0,347,0
2030,399,0,315,0,322,0
2031,366,0,339,0,328,0
2032,354,0,335,0,325,0
2033,367,0,281,0,324,0
2034,509,0,291,0,338,0
2035,394,0,294,0,307,0
2036,458,0,306,0,314,0
2037,379,0,331,0,365,0
2038,399,0,301,0,341,0
2039,375,0,312,0,367,0
2040,476,0,322,0,323,0
2041,507,0,278,0,352,0
2042,346,0,321,0,359,4
2043,430,0,291,0,343,2
2044,391,0,336,0,323,0
2045,416,0,287,0,327,0
2046,392,0,317,0,353,0
2047,397,0,329,0,341,0
2048,422,0,366,0,370,0
2049,414,0,307,0,334,0
2050,382,0,288,0,353,0
2051,432,0,272,0,355,0
2052,449,0,325,0,323,0
2053,387,0,291,0,404,0
2054,357,0,317,0,332,0
2055,384,0,302,0,332,0
2056,413,0,282,0,347,0
2057,375,0,413,0,495,0
2058,399,0,324,0,331,0
2059,405,0,286,0,328,0
2060,376,0,288,0,350,0
2061,491,0,276,0,320,0
2062,392,0,282,0,338,0
2063,366,0,375,0,359,0
2064,366,0,298,0,418,0
2065,376,0,290,0,363,0
2066,422,0,306,0,368,0
2067,376,0,319,0,380,0
2068,355,0,283,0,359,0
2069,354,0,288,0,315,0
2070,369,0,295,0,334,1
2071,409,0,283,0,323,0
2072,407,0,286,0,345,4
2073,374,0,306,0,347,0
2074,389,0,309,0,424,0
2075,377,0,354,0,322,0
2076,375,0,283,0,343,1
2077,392,0,285,0,333,0
2078,433,0,320,0,364,3
2079,382,0,291,0,346,2
2080,411,0,276,0,372,0
2081,411,0,301,0,348,0
2082,392,0,267,0,324,1
2083,409,0,286,0,374,0
2084,412,0,284,0,385,2
2085,368,0,311,0,329,2
2086,359,0,291,0,323,0
2087,414,0,283,0,330,0
2088,386,0,314,0,314,0
2089,412,0,314,0,371,1
2090,427,0,324,0,347,0
2091,386,0,307,0,322,0
2092,412,0,293,0,328,0
2093,401,0,315,0,339,0
2094,385,0,316,0,316,0
2095,389,0,298,0,327,0
2096,538,0,321,0,352,0
2097,418,0,296,0,351,0
2098,431,0,357,0,346,1
2099,530,0,289,0,327,1
2100,366,0,283,0,364,1
2101,385,0,333,0,370,0
2102,407,0,347,0,383,2
2103,412,0,307,0,326,0
2104,384,0,365,0,342,0
2105,388,0,370,0,342,0
2106,556,0,382,0,347,0
2107,417,0,275,0,311,1
2108,372,0,292,0,330,0
2109,408,0,339,0,358,0
2110,411,0,297,0,341,0
2111,379,0,291,0,355,0
2112,413,0,289,0,325,1
2113,446,0,334,0,348,0
2114,409,0,307,0,390,0
2115,379,0,280,0,358,0
2116,359,0,287,0,350,0
2117,386,0,286,0,366,3
2118,404,0,292,0,342,0
2119,384,0,291,0,362,0
2120,370,0,286,0,355,0
2121,403,0,282,0,401,0
2122,411,0,337,0,312,0
2123,407,0,394,0,319,0
2124,343,0,294,0,345,2
2125,443,0,347,0,342,0
2126,405,0,297,0,325,0
2127,427,0,312,0,322,0
2128,389,0,293,0,364,2
2129,384,0,308,0,339,0
2130,401,0,286,0,328,0
2131,428,0,299,0,336,0
2132,464,0,291,0,319,0
2133,380,0,289,0,382,0
2134,427,0,278,0,423,0
2135,368,0,290,0,345,0
2136,418,0,291,0,364,1
2137,360,0,317,0,359,2
2138,421,0,317,0,321,0
2139,433,0,313,0,338,0
2140,371,0,283,0,371,2
2141,371,0,316,0,337,0
2142,516,0,283,0,313,0
2143,401,0,308,0,325,1
2144,357,0,306,0,355,0
2145,410,0,280,0,329,0
2146,368,0,302,0,338,0
2147,431,0,314,0,345,1
2148,381,0,286,0,408,0
2149,365,0,296,0,442,0
2150,362,0,300,0,349,0
2151,414,0,317,0,343,0
2152,501,0,288,0,329,0
2153,399,0,296,0,323,0
2154,486,0,330,0,346,0
2155,394,0,311,0,324,0
2156,393,0,289,0,345,0
2157,377,0,302,0,330,0
2158,379,0,291,0,371,0
2159,362,0,286,0,352,0
2160,381,0,302,0,331,0
2161,372,0,287,0,338,0
2162,353,0,313,0,360,0
2163,374,0,281,0,502,2
2164,378,0,298,0,348,1
2165,366,0,292,0,394,2
2166,426,0,302,0,327,0
2167,434,0,284,0,318,0
2168,395,0,312,0,349,0
2169,372,0,306,0,328,0
2170,424,0,322,0,489,1
2171,412,0,279,0,345,0
2172,484,0,305,0,346,1
2173,442,0,323,0,331,1
2174,520,0,287,0,349,0
2175,392,0,370,0,376,1
2176,385,0,311,0,366,0
2177,421,0,282,0,343,0
2178,394,0,291,0,352,0
2179,381,0,318,0,347,0
2180,394,0,337,0,323,0
2181,391,0,296,0,336,0
2182,420,0,280,0,341,0
2183,354,0,328,0,350,1
2184,384,0,284,0,350,0
2185,409,0,399,0,332,0
2186,393,0,279,0,327,0
2187,372,0,288,0,337,0
2188,422,0,318,0,344,1
2189,382,0,321,0,347,0
2190,402,0,316,0,338,0
2191,428,0,312,0,331,1
2192,451,0,300,0,335,0
2193,382,0,302,0,346,0
2194,422,0,285,0,342,0
2195,371,0,288,0,329,0
2196,489,0,285,0,314,0
2197,364,0,382,0,350,0
2198,369,0,287,0,359,1
2199,376,0,277,0,329,0
2200,369,0,290,0,326,0
2201,380,0,289,0,362,0
2202,420,0,365,0,332,1
2203,398,0,325,0,349,0
2204,394,0,321,0,342,4
2205,354,0,378,0,354,0
2206,350,0,365,0,359,0
2207,393,0,344,0,385,0
2208,357,0,298,0,344,0
2209,377,0,315,0,352,1
2210,370,0,371,0,372,0
2211,503,0,381,0,345,0
2212,368,0,399,0,324,0
2213,362,0,304,0,337,0
2214,395,0,280,0,335,0
2215,447,0,294,0,346,0
2216,366,0,286,0,331,0
2217,501,0,296,0,320,0
2218,412,0,284,0,324,0
2219,418,0,328,0,413,0
2220,505,0,316,0,335,0
2221,423,0,298,0,330,0
2222,400,0,310,0,328,1
2223,399,0,293,0,375,0
2224,403,0,300,0,342,0
2225,503,0,438,0,361,0
2226,405,0,304,0,357,0
2227,420,0,435,0,590,0
2228,368,0,282,0,361,0
2229,382,0,320,0,332,0
2230,399,0,284,0,331,0
2231,404,0,374,0,322,0
2232,375,0,288,0,341,0
2233,414,0,288,0,348,0
2234,376,0,312,0,354,0
2235,388,0,294,0,343,0
2236,411,0,294,0,337,0
2237,410,0,297,0,347,0
2238,406,0,293,0,360,0
2239,463,0,288,0,341,0
2240,444,0,285,0,345,0
2241,389,0,300,0,349,0
2242,383,0,310,0,341,3
2243,357,0,289,0,318,0
2244,428,0,285,0,307,0
2245,462,0,337,0,372,0
2246,412,0,303,0,347,2
2247,402,0,286,0,398,0
2248,409,0,303,0,367,2
2249,401,0,326,0,342,0
2250,397,0,342,0,395,0
2251,373,0,284,0,361,0
2252,377,0,301,0,341,0
2253,359,0,367,0,335,0
2254,374,0,283,0,382,3
2255,393,0,306,0,435,0
2256,401,0,290,0,343,0
2257,347,0,291,0,361,0
2258,369,0,317,0,453,0
2259,444,0,389,0,369,2
2260,369,0,300,0,356,2
2261,420,0,300,0,358,0
2262,382,0,308,0,355,1
2263,407,0,313,0,351,0
2264,413,0,298,0,361,0
2265,423,0,320,0,343,0
2266,421,0,321,0,333,0
2267,508,0,297,0,349,0
2268,406,0,293,0,421,0
2269,374,0,321,0,326,0
2270,433,0,292,0,344,0
2271,484,0,323,0,355,0
2272,396,0,442,0,351,0
2273,441,0,301,0,353,0
2274,397,0,385,0,371,0
2275,388,0,302,0,341,1
2276,413,0,400,0,357,1
2277,403,0,302,0,330,0
2278,390,0,302,0,394,1
2279,423,0,296,0,325,0
2280,378,0,306,0,374,1
2281,377,0,303,0,327,0
2282,355,0,288,0,369,0
2283,417,0,324,0,361,1
2284,378,0,361,0,480,0
2285,389,0,306,0,380,0
2286,373,0,284,0,361,0
2287,398,0,299,0,329,0
2288,441,0,304,0,338,0
2289,437,0,295,0,346,0
2290,442,0,296,0,358,0
2291,389,0,300,0,319,0
2292,396,0,306,0,356,1
2293,371,0,306,0,340,0
2294,366,0,294,0,346,0
2295,369,0,288,0,348,2
2296,369,0,279,0,338,0
2297,426,0,305,0,352,0
2298,418,0,302,0,359,0
2299,369,0,290,0,357,0
2300,412,0,306,0,341,3
2301,402,0,282,0,330,3
2302,405,0,309,0,380,1
2303,367,0,293,0,369,0
2304,423,0,286,0,343,0
2305,405,0,314,0,349,0
2306,401,0,295,0,356,1
2307,410,0,331,0,328,0
2308,378,0,290,0,347,0
2309,361,0,292,0,365,0
2310,379,0,316,0,359,0
2311,378,0,296,0,483,0
2312,451,0,357,0,345,0
2313,496,0,295,0,347,0
2314,379,0,318,0,325,0
2315,392,0,327,0,335,0
2316,384,0,316,0,354,1
2317,391,0,291,0,331,0
2318,384,0,326,0,365,0
2319,384,0,280,0,448,0
2320,405,0,306,0,376,0
2321,495,0,349,0,362,0
2322,416,0,284,0,322,1
2323,399,0,291,0,352,0
2324,426,0,417,0,351,0
2325,416,0,305,0,354,0
2326,370,0,342,0,353,0
2327,371,0,300,0,414,0
2328,394,0,294,0,400,0
2329,377,0,346,0,409,0
2330,361,0,292,0,331,0
2331,374,0,277,0,419,0
2332,383,0,289,0,387,0
2333,387,0,309,0,395,0
2334,437,0,288,0,396,0
2335,381,0,279,0,352,0
2336,379,0,288,0,394,4
2337,393,0,288,0,358,0
2338,382,0,325,0,346,0
2339,472,0,315,0,377,0
2340,420,0,314,0,451,0
2341,362,0,358,0,376,0
2342,388,0,286,0,349,0
2343,405,0,302,0,369,0
2344,391,0,310,0,356,0
2345,378,0,296,0,441,0
2346,390,0,281,0,371,0
2347,493,0,377,0,336,0
2348,391,0,290,0,428,0
2349,372,0,321,0,385,3
2350,408,0,316,0,362,0
2351,360,0,298,0,460,1
2352,372,0,298,0,334,0
2353,375,0,323,0,364,0
2354,354,0,298,0,362,0
2355,404,0,332,0,341,0
2356,400,0,293,0,362,0
2357,417,0,419,0,452,0
2358,377,0,282,0,358,0
2359,382,0,302,0,356,0
2360,379,0,284,0,320,0
2361,453,0,297,0,375,0
2362,394,0,311,0,384,1
2363,378,0,308,0,416,0
2364,407,0,360,0,494,0
2365,417,0,312,0,379,2
2366,396,0,287,0,343,0
2367,348,0,343,0,383,2
2368,413,0,306,0,346,0
2369,391,0,415,0,355,2
2370,366,0,298,0,346,0
2371,385,0,350,0,366,0
2372,412,0,299,0,355,4
2373,400,0,312,0,338,0
2374,397,0,294,0,349,1
2375,420,0,295,0,399,0
2376,445,0,284,0,344,0
2377,361,0,313,0,327,0
2378,393,0,293,0,352,0
2379,527,0,323,0,331,0
2380,374,0,354,0,370,0
2381,392,0,298,0,361,0
2382,392,0,276,0,348,0
2383,365,0,316,0,428,0
2384,409,0,283,0,342,0
2385,442,0,366,0,352,0
2386,503,0,299,0,334,0
2387,378,0,322,0,478,1
2388,479,0,322,0,396,0
2389,393,0,291,0,367,0
2390,357,0,300,0,362,0
2391,428,0,292,0,353,1
2392,429,0,293,0,344,0
2393,395,0,312,0,342,0
2394,414,0,295,0,345,0
2395,398,0,305,0,342,0
2396,389,0,309,0,364,0
2397,414,0,314,0,477,0
2398,421,0,296,0,364,2
2399,357,0,278,0,373,0
2400,362,0,304,0,344,0
2401,368,0,304,0,352,0
2402,370,0,290,0,408,0
2403,367,0,382,0,365,0
2404,483,0,333,0,339,0
2405,457,0,312,0,378,0
2406,449,0,308,0,347,0
2407,409,0,297,0,356,0
2408,419,0,326,0,325,0
2409,444,0,362,0,328,0
2410,397,0,289,0,351,0
2411,369,0,287,0,339,0
2412,384,0,307,0,357,1
2413,382,0,292,0,426,0
2414,398,0,304,0,348,1
2415,358,0,319,0,335,0
2416,413,0,287,0,335,0
2417,416,0,281,0,382,3
2418,430,0,302,0,353,1
2419,403,0,344,0,474,0
2420,360,0,291,0,437,0
2421,387,0,336,0,353,0
2422,384,0,297,0,332,0
2423,394,0,300,0,336,0
2424,366,0,312,0,338,0
2425,379,0,300,0,351,0
2426,388,0,296,0,400,0
2427,400,0,381,0,358,0
2428,404,0,398,0,364,1
2429,392,0,286,0,333,0
2430,409,0,291,0,340,0
2431,422,0,306,0,362,0
2432,369,0,334,0,337,0
2433,429,0,291,0,359,0
2434,472,0,490,0,413,0
2435,491,0,355,0,334,0
2436,529,0,302,0,339,0
2437,357,0,299,0,398,0
2438,408,0,310,0,335,0
2439,399,0,303,0,345,0
2440,397,0,289,0,327,0
2441,392,0,308,0,436,0
2442,493,0,346,0,387,0
2443,432,0,316,0,380,0
2444,423,0,321,0,368,1
2445,374,0,311,0,368,3
2446,380,0,294,0,351,0
2447,373,0,305,0,348,2
2448,365,0,282,0,337,0
2449,407,0,443,0,393,0
2450,364,0,295,0,371,0
2451,386,0,287,0,450,1
2452,357,0,279,0,334,0
2453,397,0,326,0,459,0
2454,395,0,287,0,338,0
2455,418,0,296,0,370,1
2456,417,0,295,0,369,0
2457,502,0,317,0,334,0
2458,401,0,317,0,354,0
2459,366,0,286,0,351,0
2460,407,0,300,0,355,0
2461,516,0,319,0,379,0
2462,384,0,291,0,339,0
2463,374,0,298,0,376,0
2464,427,0,320,0,357,0
2465,438,0,304,0,345,5
2466,402,0,303,0,361,0
2467,430,0,337,0,354,2
2468,370,0,320,0,357,0
2469,411,0,312,0,341,1
2470,352,0,275,0,345,0
2471,387,0,288,0,406,3
2472,354,0,310,0,379,0
2473,346,0,369,0,353,3
2474,436,0,314,0,353,0
2475,340,0,296,0,329,0
2476,344,0,296,0,349,0
2477,388,0,298,0,332,0
2478,379,0,293,0,366,0
2479,354,0,308,0,362,0
2480,393,0,308,0,360,0
2481,462,0,407,0,398,1
2482,427,0,313,0,337,0
2483,506,0,380,0,359,4
2484,373,0,312,0,365,3
2485,380,0,282,0,371,2
2486,404,0,310,0,386,0
2487,373,0,387,0,355,1
2488,427,0,301,0,363,0
2489,369,0,306,0,401,2
2490,386,0,279,0,339,0
2491,430,0,313,0,370,1
2492,381,0,312,0,335,0
2493,374,0,288,0,364,0
2494,362,0,297,0,348,0
2495,361,0,281,0,354,0
2496,404,0,302,0,358,0
2497,424,0,302,0,429,0
2498,385,0,351,0,383,0
2499,470,0,364,0,351,0
2500,437,0,326,0,376,0
2501,381,0,311,0,349,0
2502,418,0,299,0,338,0
2503,402,0,290,0,360,0
2504,375,0,318,0,349,3
2505,404,0,313,0,327,0
2506,378,0,386,0,397,0
2507,379,0,285,0,368,0
2508,383,0,297,0,382,0
2509,393,0,332,0,348,0
2510,432,0,333,0,339,0
2511,422,0,279,0,366,0
2512,472,0,326,0,345,0
2513,387,0,299,0,361,0
2514,400,0,308,0,401,0
2515,388,0,285,0,333,0
2516,367,0,299,0,356,0
2517,369,0,314,0,379,0
2518,374,0,317,0,348,2
2519,358,0,295,0,356,0
2520,369,0,301,0,397,0
2521,378,0,342,0,447,0
2522,364,0,332,0,335,0
2523,383,0,302,0,337,0
2524,347,0,290,0,361,0
2525,401,0,330,0,378,0
2526,347,0,294,0,425,0
2527,356,0,285,0,365,0
2528,448,0,341,0,369,0
2529,378,0,312,0,348,0
2530,423,0,297,0,363,0
2531,483,0,367,0,330,0
2532,478,0,317,0,376,0
2533,383,0,319,0,381,0
2534,522,0,372,0,392,3
2535,420,0,308,0,373,1
2536,457,0,359,0,328,0
2537,375,0,292,0,404,0
2538,415,0,312,0,364,0
2539,371,0,307,0,359,0
2540,413,0,297,0,393,4
2541,397,0,292,0,325,0
2542,386,0,311,0,354,0
2543,402,0,302,0,364,0
2544,426,0,301,0,333,0
2545,371,0,294,0,390,1
2546,383,0,301,0,378,0
2547,362,0,281,0,330,0
2548,363,0,308,0,338,0
2549,400,0,305,0,418,0
2550,399,0,280,0,384,0
2551,396,0,314,0,432,0
2552,377,0,313,0,370,0
2553,361,0,299,0,393,1
2554,386,0,279,0,442,0
2555,410,0,304,0,342,1
2556,397,0,309,0,331,0
2557,448,0,299,0,340,0
2558,464,0,290,0,369,3
2559,473,0,290,0,348,0
2560,353,0,301,0,363,0
2561,370,0,286,0,377,0
2562,380,0,313,0,367,0
2563,407,0,309,0,385,0
2564,442,0,311,0,367,0
2565,438,0,352,0,393,0
2566,366,0,331,0,352,0
2567,387,0,305,0,432,0
2568,397,0,366,0,365,0
2569,368,0,319,0,364,0
2570,371,0,299,0,341,1
2571,407,0,282,0,341,0
2572,376,0,320,0,394,0
2573,367,0,326,0,382,0
2574,422,0,292,0,340,0
2575,381,0,287,0,378,1
2576,406,0,315,0,345,0
2577,358,0,319,0,367,0
2578,401,0,349,0,503,2
2579,532,0,288,0,354,0
2580,356,0,291,0,345,0
2581,433,0,373,0,396,0
2582,498,0,313,0,363,1
2583,389,0,302,0,367,0
2584,383,0,286,0,338,0
2585,406,0,418,0,325,1
2586,387,0,292,0,332,0
2587,362,0,308,0,354,0
2588,362,0,325,0,344,2
2589,404,0,307,0,383,1
2590,375,0,284,0,392,0
2591,386,0,288,0,353,0
2592,378,0,303,0,382,1
2593,384,0,333,0,365,0
2594,383,0,287,0,331,0
2595,410,0,291,0,342,0
2596,376,0,331,1,348,0
2597,429,0,287,0,359,0
2598,398,0,293,0,360,0
2599,420,0,279,0,364,2
2600,379,1,306,1,383,3
2601,380,1,285,1,339,2
2602,360,1,306,1,356,1
2603,397,1,294,1,434,0
2604,408,1,332,1,358,0
2605,360,0,307,0,411,0
2606,393,1,306,1,410,1
2607,410,1,339,1,353,0
2608,425,1,349,1,348,2
2609,406,1,300,1,356,3
2610,397,1,297,1,380,0
2611,361,1,315,1,361,0
2612,376,1,318,1,338,0
2613,381,1,304,1,367,0
2614,531,1,319,1,322,0
2615,372,1,284,1,362,0
2616,374,1,302,1,335,0
2617,372,1,323,1,330,1
2618,391,1,300,1,378,0
2619,385,1,305,1,346,0
2620,383,1,312,1,369,2
2621,400,1,298,1,369,0
2622,346,1,290,1,378,0
2623,367,1,296,1,432,0
2624,379,1,316,1,362,0
2625,399,0,291,0,374,0
2626,375,1,336,1,342,1
2627,363,0,307,0,350,4
2628,381,1,309,1,354,0
2629,427,1,322,1,344,0
2630,364,1,316,1,349,4
2631,347,1,309,1,373,0
2632,363,1,282,1,345,0
2633,418,1,303,1,388,0
2634,420,1,282,1,369,0
2635,382,1,306,1,387,0
2636,402,1,314,1,376,0
2637,377,1,477,1,408,0
2638,444,1,302,1,340,1
2639,363,1,298,1,401,0
2640,366,1,301,1,367,0
2641,539,1,359,1,347,0
2642,414,1,286,1,370,0
2643,406,1,284,1,412,0
2644,417,1,396,1,335,0
2645,377,1,311,1,368,0
2646,383,1,309,1,348,0
2647,384,1,302,1,450,0
2648,400,1,293,1,381,6
2649,445,1,305,1,356,0
2650,378,1,319,1,337,0
2651,359,1,328,1,375,0
2652,393,1,401,1,389,0
2653,396,1,303,1,360,1
2654,419,1,390,1,347,1
2655,479,1,294,1,362,1
2656,398,1,307,1,373,0
2657,414,1,293,1,416,0
2658,390,1,342,1,362,0
2659,444,1,317,1,373,2
2660,368,1,291,1,344,0
2661,393,1,288,1,346,0
2662,440,1,303,1,356,2
2663,404,1,289,1,368,2
2664,377,1,300,1,359,0
2665,381,1,283,1,387,0
2666,353,1,323,1,365,0
2667,415,1,367,1,369,0
2668,396,1,309,1,348,0
2669,398,1,469,1,388,0
2670,396,1,327,1,355,0
2671,379,1,318,1,338,0
2672,372,1,361,1,354,2
2673,507,1,307,1,378,0
2674,360,1,327,1,494,0
2675,359,1,298,1,364,0
2676,388,1,310,1,346,0
2677,393,1,321,1,352,0
2678,393,1,316,1,358,0
2679,390,1,325,1,379,0
2680,415,1,438,1,361,0
2681,405,1,288,1,343,0
2682,373,1,324,1,367,0
2683,430,1,288,1,375,0
2684,375,1,296,1,394,1
2685,424,1,302,1,351,0
2686,419,1,362,1,360,0
2687,414,1,392,1,353,0
2688,431,1,364,1,332,0
2689,367,1,297,1,437,0
2690,397,1,328,1,373,0
2691,420,1,308,1,468,1
2692,384,1,287,1,363,1
2693,389,1,298,1,400,0
2694,488,1,308,1,368,0
2695,375,1,285,1,369,0
2696,398,1,288,1,361,0
2697,466,1,316,1,348,0
2698,396,1,342,1,324,0
2699,387,2,301,2,350,0
2700,374,1,297,1,375,0
2701,387,2,305,2,350,0
2702,433,2,310,2,351,0
2703,401,2,293,2,348,0
2704,395,2,325,2,373,0
2705,371,2,304,2,405,0
2706,359,2,390,2,321,0
2707,359,2,306,2,392,0
2708,414,2,320,2,414,1
2709,456,2,314,2,377,0
2710,357,2,290,2,354,0
2711,430,2,300,2,365,4
2712,424,2,393,2,370,0
2713,390,2,309,2,348,0
2714,438,2,337,2,402,0
2715,422,2,311,2,349,0
2716,429,2,291,2,337,0
2717,364,2,279,2,363,0
2718,356,2,357,2,405,0
2719,437,2,342,2,480,0
2720,409,2,346,2,343,0
2721,369,2,297,2,453,0
2722,422,2,319,2,369,0
2723,400,2,282,2,380,0
2724,375,2,335,2,356,1
2725,530,2,323,2,375,0
2726,434,2,294,2,372,0
2727,378,2,306,2,354,0
2728,473,3,374,2,371,3
2729,398,3,328,3,393,0
2730,470,3,386,3,366,0
2731,390,3,316,3,364,0
2732,369,3,306,3,352,0
2733,402,3,296,3,372,0
2734,462,3,372,3,339,0
2735,423,3,342,3,346,0
2736,372,3,308,3,430,1
2737,392,3,304,3,349,0
2738,380,3,345,3,390,0
2739,420,3,306,3,351,0
2740,403,3,339,3,348,0
2741,387,3,333,4,402,5
2742,530,3,314,3,344,0
2743,409,3,287,3,355,3
2744,365,3,296,3,387,0
2745,492,3,316,4,376,1
2746,363,3,306,3,359,0
2747,427,4,324,4,355,0
2748,369,4,305,4,365,0
2749,388,4,305,4,458,0
2750,413,4,307,4,346,0
2751,379,4,317,4,379,2
2752,600,4,431,4,453,0
2753,451,4,315,4,335,0
2754,380,4,309,4,375,0
2755,392,4,314,4,357,0
2756,486,4,327,4,338,0
2757,380,4,311,4,358,0
2758,443,4,348,4,376,0
2759,376,5,334,4,378,0
2760,382,5,349,4,353,0
2761,423,5,311,4,353,0
2762,407,5,296,5,503,0
2763,467,5,329,5,356,0
2764,387,5,302,5,375,0
2765,376,5,322,4,433,0
2766,366,5,337,5,385,0
2767,419,6,305,6,431,0
2768,427,6,309,6,385,0
2769,402,6,363,6,340,0
2770,389,6,306,6,367,1
2771,412,6,317,6,353,0
2772,397,6,314,6,372,0
2773,382,6,332,6,343,0
2774,381,6,325,6,360,2
2775,471,6,339,6,352,0
2776,412,6,330,6,359,0
2777,412,6,340,6,430,0
2778,467,6,336,6,360,0
2779,406,6,314,6,347,0
2780,368,6,322,6,376,3
2781,436,6,338,6,388,0
2782,425,6,354,6,408,0
2783,414,6,400,6,382,0
2784,434,6,316,6,338,0
2785,367,6,319,6,371,0
2786,451,6,330,7,341,1
2787,444,8,328,8,363,0
2788,391,7,329,8,382,3
2789,425,9,326,8,369,0
2790,561,8,372,8,530,0
2791,391,8,358,9,369,0
2792,402,6,331,7,333,0
2793,388,10,314,9,368,0
2794,403,9,337,8,438,0
2795,457,8,297,8,356,0
2796,427,8,348,8,392,0
2797,424,10,332,8,408,0
2798,421,10,364,10,379,1
2799,401,10,343,10,463,0
2800,418,11,340,11,386,0
2801,434,10,305,11,343,2
2802,409,12,347,11,432,0
2803,423,10,376,11,343,0
2804,437,11,319,12,374,0
2805,446,10,384,11,395,1
2806,448,14,330,12,364,0
2807,403,13,346,12,408,0
2808,441,12,305,11,363,0
2809,440,12,367,13,365,0
2810,391,12,464,13,361,0
2811,532,12,339,14,356,0
2812,417,13,557,11,352,0
2813,473,12,327,15,368,1
2814,501,12,339,13,356,0
2815,386,13,310,13,395,2
2816,427,13,370,12,379,0
2817,481,14,322,12,363,0
2818,429,12,456,12,383,0
2819,422,13,403,13,368,3
2820,427,14,319,15,368,0
2821,459,14,354,14,370,0
2822,390,13,320,13,440,4
2823,534,15,319,14,355,0
2824,389,13,319,13,385,0
2825,467,14,310,15,352,0
2826,396,14,345,15,352,0
2827,474,14,321,14,381,3
2828,459,15,440,15,350,0
2829,419,14,369,16,397,2
2830,553,14,331,15,355,0
2831,399,15,365,15,371,0
2832,428,15,345,15,345,3
2833,441,15,443,14,415,0
2834,441,15,348,15,365,0
2835,409,15,433,16,362,0
2836,412,15,332,15,424,0
2837,511,15,325,15,381,1
2838,388,15,364,15,353,0
2839,397,15,371,15,349,0
2840,486,15,336,15,363,2
2841,405,16,330,15,369,0
2842,426,16,359,15,365,0
2843,489,15,317,15,422,4
2844,397,15,334,15,382,0
2845,428,14,357,16,357,0
2846,451,15,337,16,380,1
2847,464,16,357,16,374,0
2848,395,15,332,16,358,0
2849,502,16,360,16,363,5
2850,379,15,334,16,407,0
2851,429,15,451,15,359,0
2852,418,15,347,15,343,0
2853,418,16,337,16,349,0
2854,515,16,381,15,353,0
2855,425,16,332,15,387,0
2856,415,16,371,16,364,0
2857,437,16,355,15,359,0
2858,471,16,339,15,342,0
2859,451,16,424,16,367,0
2860,407,16,371,15,456,0
2861,428,16,357,16,360,0
2862,452,16,325,16,349,0
2863,493,16,332,17,345,0
2864,467,16,357,17,344,0
2865,392,17,336,15,370,0
2866,462,16,357,15,397,1
2867,453,17,357,17,512,0
2868,470,14,340,15,375,0
2869,423,15,371,17,353,0
2870,412,15,342,15,459,0
2871,428,16,356,17,397,0
2872,457,15,366,17,362,0
2873,482,16,341,17,350,1
2874,470,14,347,15,361,0
2875,431,14,356,15,466,0
2876,447,14,338,15,349,0
2877,474,14,364,16,420,0
2878,430,16,338,16,389,0
2879,431,17,336,16,431,0
2880,461,15,367,16,387,0
2881,457,16,368,16,380,0
2882,399,17,331,16,344,0
2883,435,16,351,15,340,0
2884,410,16,347,16,362,0
2885,458,15,369,16,369,0
2886,428,16,332,16,384,0
2887,446,16,373,16,356,0
2888,555,16,442,16,355,0
2889,423,17,335,17,417,0
2890,450,16,342,17,376,4
2891,444,17,318,16,354,1
2892,404,18,454,16,362,1
2893,428,17,336,17,443,0
2894,483,17,370,16,432,3
2895,405,16,378,17,383,2
2896,451,17,370,15,372,0
2897,515,16,383,15,361,0
2898,433,17,349,17,344,0
2899,411,17,348,16,386,0
2900,438,18,355,17,373,0
2901,644,17,405,17,364,0
2902,426,18,404,17,364,0
2903,468,17,353,16,528,1
2904,565,16,343,15,386,2
2905,454,16,341,17,381,0
2906,433,16,348,16,360,1
2907,413,16,353,17,376,0
2908,470,17,378,15,380,0
2909,471,18,361,16,371,0
2910,428,16,356,15,388,0
2911,473,15,350,15,360,1
2912,447,15,374,15,382,1
2913,458,15,359,16,408,0
2914,447,17,356,16,395,3
2915,447,15,340,15,378,3
2916,447,17,373,17,465,0
2917,434,16,387,16,362,0
2918,449,17,415,15,474,3
2919,449,16,368,17,455,0
2920,461,16,351,16,366,0
2921,461,18,377,17,372,3
2922,446,17,363,18,375,2
2923,434,17,413,17,346,0
2924,423,18,362,16,463,0
2925,467,18,399,18,370,0
2926,523,18,355,18,363,0
2927,427,17,347,18,387,0
2928,483,18,363,18,364,0
2929,444,17,367,18,426,0
2930,429,18,374,18,361,1
2931,530,16,384,18,357,0
2932,502,17,428,17,367,0
2933,450,18,388,17,379,0
2934,429,17,392,17,369,0
2935,478,17,356,18,398,0
2936,463,18,369,17,347,0
2937,459,18,387,19,471,0
2938,510,18,387,19,355,0
2939,442,20,375,19,364,0
2940,473,18,441,19,413,0
2941,437,20,400,19,336,0
2942,458,18,392,18,358,0
2943,492,19,357,20,453,0
2944,470,18,353,20,387,0
2945,468,20,387,20,401,0
2946,541,19,388,20,355,0
2947,437,20,420,20,378,0
2948,454,20,396,19,574,0
2949,456,19,382,20,361,1
2950,456,20,376,20,363,2
2951,511,18,364,20,370,3
2952,419,21,422,19,351,0
2953,455,21,379,18,402,0
2954,489,19,358,22,353,0
2955,454,19,515,22,402,1
2956,561,18,376,20,345,0
2957,456,22,401,20,361,0
2958,485,21,418,19,366,0
2959,457,20,393,20,456,0
2960,490,21,359,21,361,0
2961,439,21,405,21,360,0
2962,512,21,381,20,344,0
2963,471,20,395,20,361,0
2964,479,18,425,20,392,3
2965,440,20,374,21,338,0
2966,445,19,377,20,348,1
2967,479,20,375,20,370,0
2968,473,20,415,20,388,1
2969,461,22,373,19,380,0
2970,472,20,375,21,355,0
2971,449,19,433,21,344,0
2972,481,20,378,21,372,0
2973,505,21,390,19,375,0
2974,438,21,424,19,370,0
2975,507,22,367,22,405,3
2976,448,22,378,21,357,1
2977,537,19,370,20,358,0
2978,570,20,427,20,384,1
2979,469,19,413,19,409,0
2980,467,20,394,19,372,0
2981,441,18,479,19,371,0
2982,433,18,365,19,381,1
2983,491,18,490,20,375,2
2984,459,19,433,19,374,0
2985,463,18,417,19,458,2
2986,473,18,394,18,401,0
2987,461,19,382,18,338,0
2988,499,18,379,18,385,0
2989,443,19,378,19,355,0
2990,556,18,400,19,388,6
2991,502,18,387,19,392,0
2992,545,19,398,18,413,0
2993,495,19,408,18,376,0
2994,499,18,389,19,362,0
2995,470,17,400,17,368,0
2996,458,20,423,20,360,0
2997,488,19,392,18,389,1
2998,463,19,425,18,380,0
2999,457,18,380,19,418,0
3000,472,18,379,18,370,0
3001,520,18,388,18,368,0
3002,513,18,395,18,395,0
3003,485,19,388,18,369,0
3004,504,18,403,18,382,0
3005,491,19,421,20,363,0
3006,444,20,368,19,455,2
3007,491,18,387,18,398,1
3008,569,19,411,19,360,0
3009,482,19,504,19,385,0
3010,471,19,372,20,436,0
3011,521,19,390,19,357,0
3012,435,19,364,19,366,0
3013,497,19,381,19,410,0
3014,543,18,435,18,371,3
3015,461,18,399,18,383,0
3016,461,18,358,17,393,0
3017,536,18,409,18,359,0
3018,482,19,532,19,361,0
3019,478,19,396,18,392,1
3020,511,16,415,19,353,0
3021,500,18,382,18,358,0
3022,453,17,411,16,465,0
3023,497,18,401,19,588,0
3024,461,17,405,18,449,0
3025,465,17,407,19,366,0
3026,513,18,395,18,352,0
3027,488,19,418,17,450,0
3028,482,17,431,19,489,0
3029,482,16,428,16,376,0
3030,477,17,405,15,352,0
3031,563,15,405,17,363,0
3032,466,16,447,16,349,0
3033,455,15,408,18,402,0
3034,442,18,409,19,454,0
3035,468,19,396,19,394,2
3036,508,18,430,19,401,0
3037,462,17,394,19,361,0
3038,478,18,412,20,455,0
3039,471,18,421,18,371,0
3040,577,18,422,18,348,0
3041,494,18,430,17,395,0
3042,479,18,435,18,390,0
3043,463,16,392,19,431,0
3044,508,15,404,17,368,3
3045,486,14,455,16,433,0
3046,565,16,443,15,379,0
3047,480,16,399,16,368,0
3048,501,16,396,17,370,1
3049,586,16,401,17,385,0
3050,590,17,450,17,462,0
3051,487,17,410,17,395,0
3052,497,17,408,17,384,0
3053,528,18,393,17,356,0
3054,463,17,437,17,459,0
3055,518,18,402,18,382,0
3056,473,17,403,17,385,0
3057,468,17,480,17,374,0
3058,515,17,421,17,409,0
3059,476,16,487,16,398,0
3060,495,16,418,16,401,0
3061,484,16,390,16,350,0
3062,563,16,415,16,403,0
3063,495,15,412,16,355,1
3064,485,16,404,16,404,0
3065,571,16,449,15,375,0
3066,544,14,406,16,406,0
3067,522,15,397,15,366,0
3068,537,13,392,15,363,0
3069,472,15,430,16,373,0
3070,474,13,400,15,395,2
3071,526,14,385,13,369,0
3072,566,14,495,14,360,0
3073,558,14,433,14,378,0
3074,504,14,417,14,365,0
3075,467,15,442,13,420,0
3076,483,15,428,15,376,0
3077,491,13,416,14,362,0
3078,508,13,428,13,411,0
3079,514,13,401,14,373,0
3080,489,13,424,12,500,0
3081,501,15,389,13,351,0
3082,514,13,463,14,389,0
3083,463,12,491,14,378,0
3084,471,13,422,13,458,0
3085,470,12,441,12,442,1
3086,499,13,414,11,355,1
3087,564,12,429,13,352,0
3088,485,11,399,11,473,0
3089,512,13,401,13,463,0
3090,554,14,447,13,366,0
3091,629,11,429,11,365,0
3092,462,11,423,11,390,0
3093,485,11,425,11,385,0
3094,488,11,399,11,367,0
3095,511,11,400,11,348,0
3096,490,11,426,11,361,0
3097,481,11,422,11,388,0
3098,485,11,430,11,403,0
3099,493,11,416,11,382,0
3100,461,11,396,11,371,0
3101,567,11,429,10,385,0
3102,523,11,423,11,393,2
3103,536,11,402,10,374,0
3104,537,10,416,11,366,0
3105,480,10,397,10,366,0
3106,500,10,424,10,370,2
3107,581,9,434,9,382,4
3108,601,10,406,9,380,1
3109,503,9,426,9,360,0
3110,538,9,418,9,346,0
3111,461,9,494,9,344,0
3112,528,9,410,9,411,0
3113,473,8,389,8,408,1
3114,489,9,418,9,374,0
3115,508,9,409,9,385,0
3116,521,10,447,10,368,0
3117,529,9,402,9,392,0
3118,594,9,474,9,381,0
3119,471,9,439,9,399,0
3120,491,10,397,9,458,0
3121,514,9,402,9,369,0
3122,497,9,401,9,391,0
3123,496,9,513,9,399,0
3124,602,9,397,9,351,0
3125,489,9,524,9,367,0
3126,489,9,451,9,415,0
3127,517,8,378,9,337,0
3128,474,8,421,9,384,0
3129,507,8,417,9,457,0
3130,526,9,438,8,354,0
3131,488,9,407,9,374,0
3132,511,6,391,8,378,0
3133,494,6,411,9,390,0
3134,474,7,394,6,377,0
3135,459,8,395,8,407,0
3136,492,7,397,7,413,1
3137,489,6,375,8,416,6
3138,477,7,405,6,409,0
3139,584,6,395,6,372,0
3140,625,6,388,7,374,0
3141,499,6,413,7,481,0
3142,445,6,376,6,380,0
3143,498,6,401,6,472,0
3144,478,5,395,6,371,1
3145,558,5,403,5,376,0
3146,495,6,394,6,387,0
3147,485,5,370,5,473,0
3148,437,5,395,5,485,1
3149,515,5,396,5,369,0
3150,605,5,456,5,386,0
3151,493,5,570,5,620,0
3152,478,5,523,5,413,0
3153,481,5,436,5,379,0
3154,495,5,405,5,367,0
3155,531,5,417,5,384,0
3156,542,5,384,5,404,1
3157,429,5,523,5,411,0
3158,455,5,460,5,440,0
3159,520,5,374,5,403,0
3160,462,5,370,5,374,2
3161,481,5,375,5,351,0
3162,490,5,429,5,349,0
3163,441,5,395,5,365,0
3164,429,5,383,5,383,0
3165,432,5,379,5,414,0
3166,479,5,408,5,388,0
3167,483,5,374,5,377,0
3168,453,5,366,5,360,0
3169,442,5,447,5,359,3
3170,444,5,392,5,398,0
3171,504,5,410,5,370,0
3172,516,5,400,5,387,1
3173,478,5,430,5,464,0
3174,438,5,403,5,364,1
3175,478,4,399,4,398,1
3176,498,5,392,5,405,0
3177,554,4,394,4,386,2
3178,459,5,395,4,375,0
3179,452,5,368,5,382,0
3180,435,5,400,5,444,0
3181,479,4,456,4,392,0
3182,460,5,421,5,430,1
3183,476,4,359,4,370,0
3184,477,5,361,5,372,0
3185,530,4,403,4,360,0
3186,547,5,375,5,384,0
3187,557,4,399,4,380,0
3188,446,4,498,4,409,1
3189,461,5,356,5,395,2
3190,456,5,391,5,396,0
3191,475,5,380,5,373,0
3192,494,4,385,5,355,0
3193,543,3,380,3,390,2
3194,477,4,398,4,349,0
3195,450,3,395,3,391,1
3196,485,3,417,3,383,0
3197,462,3,377,3,382,0
3198,580,4,365,4,360,0
3199,475,3,392,3,370,0
3200,460,4,363,3,500,0
3201,445,3,407,3,480,0
3202,457,4,372,3,400,2
3203,470,3,422,3,377,3
3204,468,4,394,4,379,0
3205,496,5,381,4,374,0
3206,474,3,465,3,387,0
3207,445,3,414,3,380,0
3208,458,3,374,3,375,0
3209,459,3,370,3,410,0
3210,507,3,483,3,379,0
3211,456,3,382,3,411,0
3212,513,3,404,3,362,0
3213,466,3,384,3,378,0
3214,468,3,389,3,482,0
3215,575,3,409,3,342,0
3216,474,3,383,3,403,0
3217,519,3,456,3,386,0
3218,540,3,448,3,394,0
3219,519,3,397,3,380,0
3220,497,3,371,2,388,0
3221,468,2,371,2,382,0
3222,526,2,386,2,367,0
3223,465,2,380,2,372,0
3224,537,2,540,2,426,0
3225,455,2,471,2,357,0
3226,434,1,487,2,364,0
3227,492,2,395,2,362,0
3228,466,1,372,1,385,0
3229,486,2,371,1,393,0
3230,665,2,395,2,392,0
3231,499,1,431,1,345,0
3232,481,1,400,1,383,0
3233,447,1,467,1,389,0
3234,457,1,470,1,398,0
3235,479,1,389,2,370,0
3236,507,1,369,1,386,0
3237,575,1,408,1,376,0
3238,444,1,537,1,385,0
3239,467,1,462,1,364,0
3240,479,1,354,1,407,0
3241,441,1,384,1,376,0
3242,471,1,404,1,388,0
3243,606,1,505,1,390,0
3244,458,1,374,1,391,0
3245,523,1,383,1,410,3
3246,448,1,371,1,358,0
3247,452,1,373,1,367,0
3248,524,1,394,1,375,0
3249,571,1,413,1,402,0
3250,460,1,393,1,373,0
3251,435,1,392,1,353,0
3252,457,1,354,1,385,2
3253,507,1,386,1,407,0
3254,562,1,476,1,393,10
3255,465,1,377,1,377,0
3256,483,1,360,1,388,0
3257,451,1,386,1,384,0
3258,453,1,396,1,381,0
3259,439,1,367,1,488,0
3260,571,1,410,1,413,1
3261,447,1,359,1,390,0
3262,435,1,353,1,368,0
3263,504,1,374,1,379,0
3264,444,1,347,1,360,0
3265,481,1,389,1,364,0
3266,435,1,478,1,378,0
3267,460,1,359,1,400,0
3268,481,1,367,1,370,0
3269,479,1,385,1,378,0
3270,519,1,417,1,392,0
3271,484,1,349,1,380,0
3272,424,1,359,1,385,0
3273,435,1,374,1,400,2
3274,424,1,343,1,402,0
3275,427,1,393,1,402,0
3276,421,1,368,1,361,2
3277,468,1,352,1,375,3
3278,461,1,367,1,379,0
3279,482,1,354,1,462,0
3280,452,1,372,1,374,0
3281,453,1,368,1,373,5
3282,461,1,424,1,381,0
3283,446,1,396,1,368,0
3284,442,1,385,1,413,2
3285,439,1,343,1,430,1
3286,486,1,383,1,362,0
3287,472,1,373,1,428,0
3288,450,1,356,1,425,0
3289,449,1,477,1,359,1
3290,456,1,352,1,390,0
3291,453,1,348,1,363,1
3292,446,1,354,1,378,0
3293,466,1,397,1,367,0
3294,478,1,386,1,383,1
3295,476,1,392,1,573,0
3296,456,1,502,1,411,0
3297,438,1,351,1,401,0
3298,426,1,355,1,413,0
3299,451,1,345,1,386,0
3300,518,0,447,1,420,2
3301,451,0,384,1,361,0
3302,448,0,478,0,383,0
3303,423,0,386,0,357,1
3304,435,0,419,0,368,0
3305,456,0,384,0,607,0
3306,442,0,486,0,387,0
3307,450,0,364,0,372,0
3308,422,0,462,0,356,0
3309,419,0,364,0,447,0
3310,427,0,364,0,397,0
3311,435,0,464,0,391,0
3312,549,0,386,0,377,0
3313,444,0,401,0,382,0
3314,448,0,436,0,374,2
3315,458,0,371,0,509,0
3316,478,0,420,0,442,0
3317,427,0,367,0,380,0
3318,476,0,394,0,387,0
3319,461,0,383,0,411,0
3320,444,0,395,0,459,0
3321,453,0,375,0,402,0
3322,474,0,401,0,399,2
3323,463,0,391,0,378,0
3324,456,0,390,0,394,0
3325,454,0,399,0,358,0
3326,501,0,441,0,440,0
3327,447,0,376,0,394,3
3328,424,0,388,0,355,0
3329,452,0,365,0,399,0
3330,453,0,405,0,380,0
3331,461,0,402,0,384,0
3332,472,0,370,0,384,3
3333,462,0,393,0,379,0
3334,481,0,401,0,371,0
3335,445,0,375,0,399,2
3336,463,0,402,0,383,0
3337,472,0,387,0,413,0
3338,432,0,347,0,375,0
3339,515,0,462,0,512,0
3340,443,0,357,0,371,0
3341,509,0,382,0,399,0
3342,499,0,396,0,381,0
3343,463,0,384,0,405,1
3344,465,0,379,0,381,2
3345,469,0,388,0,397,0
3346,474,0,375,0,460,0
3347,415,0,382,0,444,0
3348,469,0,372,0,427,0
3349,454,0,357,0,400,3
3350,467,0,366,0,371,0
3351,439,0,380,0,368,0
3352,484,0,373,0,398,0
3353,465,0,375,0,392,2
3354,417,0,355,0,405,0
3355,431,0,362,0,367,0
3356,456,0,362,0,390,0
3357,495,0,349,0,397,0
3358,437,0,361,0,407,0
3359,450,0,393,0,376,0
3360,452,0,397,0,372,0
3361,433,0,364,0,384,0
3362,465,0,351,0,368,0
3363,436,0,374,0,393,0
3364,447,0,365,0,381,0
3365,442,0,358,0,360,3
3366,446,0,357,0,361,0
3367,436,0,354,0,497,1
3368,428,0,352,0,462,0
3369,443,0,359,0,360,2
3370,452,0,348,0,383,0
3371,438,0,361,0,369,0
3372,456,0,423,0,392,0
3373,492,0,424,0,407,2
3374,439,0,507,0,432,0
3375,531,0,373,0,393,0
3376,450,0,344,0,402,0
3377,455,0,366,0,418,0
3378,428,0,459,0,414,0
3379,517,0,353,0,382,0
3380,584,0,354,0,376,3
3381,517,0,374,0,406,0
3382,595,0,436,0,388,6
3383,463,0,371,0,379,0
3384,466,0,354,0,385,0
3385,456,0,346,0,419,1
3386,435,0,353,0,387,0
3387,432,0,379,0,356,0
3388,441,0,350,0,391,0
3389,445,0,452,0,400,0
3390,476,0,367,0,394,1
3391,440,0,363,0,397,0
3392,432,0,421,0,396,0
3393,471,0,396,0,376,0
3394,430,0,371,0,378,0
3395,448,0,337,0,387,0
3396,421,0,353,0,376,0
3397,411,0,367,0,414,0
3398,404,0,345,0,363,0
3399,467,0,361,0,392,0
3400,407,0,369,0,386,0
3401,421,0,356,0,474,0
3402,467,0,357,0,377,1
3403,420,0,397,0,375,0
3404,482,0,556,0,429,0
3405,526,0,345,0,381,2
3406,447,0,347,0,395,0
3407,414,0,356,0,410,0
3408,448,0,349,0,390,0
3409,513,0,376,0,370,0
3410,557,0,364,0,356,0
3411,637,0,341,0,368,0
3412,465,0,373,0,380,0
3413,445,0,364,0,391,0
3414,420,0,349,0,369,0
3415,458,0,356,0,381,0
3416,434,0,343,0,552,0
3417,435,0,372,0,468,0
3418,458,0,387,0,364,0
3419,483,0,373,0,366,0
3420,444,0,373,0,499,0
3421,443,0,400,0,419,0
3422,490,0,344,0,360,0
3423,465,0,354,0,404,0
3424,440,0,356,0,402,0
3425,478,0,452,0,535,0
3426,469,0,345,0,384,0
3427,439,0,527,0,402,0
3428,442,0,369,0,403,0
3429,436,0,393,0,448,0
3430,464,0,338,0,381,0
3431,432,0,354,0,368,0
3432,526,0,405,0,394,0
3433,482,0,440,0,370,0
3434,474,0,348,0,385,0
3435,539,0,514,0,409,0
3436,520,0,397,0,412,0
3437,470,0,375,0,430,0
3438,441,0,341,0,437,0
3439,440,0,386,0,392,0
3440,426,0,381,0,400,0
3441,442,0,368,0,372,0
3442,553,0,358,0,369,0
3443,445,0,441,0,392,0
3444,442,0,383,0,379,0
3445,461,0,417,0,367,0
3446,451,0,444,0,376,0
3447,442,0,354,0,384,0
3448,447,0,347,0,363,0
3449,457,0,405,0,377,0
3450,443,0,346,0,374,0
3451,459,0,367,0,398,2
3452,443,0,362,0,351,0
3453,478,0,354,0,388,0
3454,434,0,378,0,377,0
3455,550,0,399,0,401,0
3456,474,0,352,0,378,0
3457,491,0,399,0,380,0
3458,447,0,457,0,399,4
3459,436,0,382,0,431,0
3460,411,0,387,0,460,0
3461,502,0,373,0,394,0
3462,466,0,366,0,372,0
3463,404,0,385,0,380,0
3464,476,0,383,0,404,1
3465,485,0,368,0,413,0
3466,431,0,468,0,490,0
3467,440,0,377,0,413,1
3468,442,0,356,0,383,0
3469,457,0,371,0,390,1
3470,410,0,406,0,372,0
3471,437,0,423,0,383,1
3472,472,0,406,0,360,0
3473,418,0,443,0,380,0
3474,461,0,357,0,380,0
3475,436,0,468,0,388,0
3476,485,0,418,0,402,1
3477,462,0,368,0,380,0
3478,509,0,375,0,353,1
3479,420,0,347,0,375,0
3480,423,0,357,0,463,0
3481,442,0,386,0,397,0
3482,454,0,481,0,449,0
3483,447,0,366,0,423,1
3484,444,0,367,0,413,0
3485,444,0,354,0,397,0
3486,448,0,362,0,406,0
3487,471,0,347,0,393,0
3488,553,0,358,0,397,0
3489,487,0,379,0,390,0
3490,462,0,576,0,420,0
3491,491,0,375,0,366,0
3492,450,0,385,0,412,0
3493,419,0,334,0,374,0
3494,406,0,408,0,468,0
3495,471,0,381,0,369,0
3496,547,0,354,0,425,0
3497,474,0,425,0,536,0
3498,477,0,357,0,379,1
3499,460,0,352,0,381,0
3500,409,0,348,0,406,0
3501,427,0,342,0,422,0
3502,446,0,348,0,417,0
3503,491,0,365,0,397,0
3504,458,0,367,0,371,0
3505,469,0,357,0,424,0
3506,459,0,368,0,373,0
3507,510,0,377,0,366,0
3508,468,0,377,0,382,0
3509,447,0,341,0,414,2
3510,436,0,354,0,399,0
3511,456,0,366,0,412,2
3512,418,0,391,0,393,1
3513,520,0,397,0,371,0
3514,458,0,365,0,408,0
3515,447,0,410,0,407,0
3516,457,0,345,0,408,0
3517,472,0,362,0,397,0
3518,461,0,341,0,423,0
3519,438,0,443,0,514,0
3520,412,0,350,0,470,0
3521,446,0,386,0,384,0
3522,466,0,362,0,415,0
3523,500,0,352,0,395,0
3524,473,0,386,0,386,1
3525,564,0,356,0,357,0
3526,480,0,367,0,403,0
3527,470,0,350,0,389,2
3528,467,0,416,0,424,0
3529,436,0,362,0,397,0
3530,435,0,391,0,472,1
3531,433,0,338,0,480,0
3532,448,0,366,0,372,0
3533,479,0,352,0,417,0
3534,466,0,345,0,427,0
3535,465,0,362,0,365,0
3536,489,0,361,0,396,1
3537,510,0,354,0,408,0
3538,465,0,390,0,396,1
3539,435,0,367,0,414,1
3540,422,0,361,0,373,0
3541,428,0,358,0,431,0
3542,418,0,359,0,515,0
3543,481,0,423,0,433,0
3544,441,0,431,0,369,0
3545,434,0,370,0,357,0
3546,514,0,364,0,415,1
3547,465,0,439,0,406,1
3548,423,0,362,0,399,0
3549,513,0,366,0,385,0
3550,498,0,345,0,389,0
3551,479,0,369,0,382,0
3552,547,0,362,0,400,0
3553,445,0,374,0,424,0
3554,466,0,381,0,436,0
3555,448,0,362,0,375,0
3556,457,0,352,0,393,0
3557,542,0,342,0,386,0
3558,428,0,366,0,402,0
3559,429,0,358,0,380,0
3560,513,0,377,0,457,0
3561,437,0,387,0,375,0
3562,498,0,380,0,363,0
3563,416,0,352,0,386,0
3564,468,0,355,0,388,0
3565,471,0,344,0,427,0
3566,435,0,337,0,413,0
3567,469,0,446,0,405,0
3568,447,0,351,0,397,0
3569,426,0,360,0,404,0
3570,420,0,349,0,456,1
3571,428,0,356,0,378,0
3572,483,0,346,0,387,0
3573,463,0,342,0,424,1
3574,450,0,392,0,463,0
3575,422,0,343,0,395,0
3576,425,0,357,0,401,2
3577,447,0,395,0,398,0
3578,442,0,347,0,378,3
3579,482,0,347,0,356,0
3580,575,0,362,0,389,0
3581,514,0,387,0,496,0
3582,461,0,394,0,399,0
3583,462,0,369,0,395,0
3584,478,0,349,0,368,0
3585,464,0,342,0,373,0
3586,557,0,370,0,388,0
3587,454,0,344,0,422,1
3588,432,0,369,0,405,0
3589,449,0,388,0,486,0
3590,464,0,369,0,425,2
3591,443,0,440,0,407,0
3592,438,0,357,0,394,0
3593,485,0,491,0,371,0
3594,588,0,345,0,386,0
3595,440,0,371,0,399,0
3596,479,0,336,0,368,0
3597,573,0,402,0,382,0
3598,455,0,364,0,395,0
3599,434,0,366,0,408,0
3600,436,0,361,0,383,2
3601,464,0,354,0,394,0
3602,540,0,391,0,441,0
3603,419,0,383,0,366,0
3604,441,0,339,0,400,0
3605,527,0,388,0,358,0
3606,458,0,368,0,415,3
3607,453,0,366,0,386,0
3608,432,0,356,0,402,0
3609,447,0,344,0,406,1
3610,429,0,471,0,370,0
3611,420,0,377,0,382,1
3612,435,0,358,0,380,0
3613,441,0,357,0,408,2
3614,428,0,363,0,407,0
3615,474,0,354,0,394,0
3616,439,0,338,0,420,1
3617,425,0,357,0,486,0
3618,424,0,347,0,432,0
3619,447,0,352,0,403,0
3620,442,0,384,0,387,0
3621,480,0,365,0,378,0
3622,452,0,393,0,376,0
3623,406,0,374,0,391,0
3624,487,0,356,0,415,1
3625,422,0,345,0,385,0
3626,404,0,384,0,389,4
3627,411,0,367,0,474,1
3628,414,0,354,0,399,0
3629,498,0,359,0,412,0
3630,543,0,369,0,392,0
3631,442,0,374,0,371,0
3632,449,0,350,0,376,0
3633,426,0,362,0,488,0
3634,452,0,363,0,419,1
3635,470,0,368,0,422,0
3636,413,0,433,0,418,1
3637,442,0,430,0,391,0
3638,583,0,388,0,412,0
3639,455,0,349,0,410,1
3640,494,0,339,0,418,0
3641,428,0,375,0,437,0
3642,425,0,374,0,403,0
3643,459,0,360,0,434,0
3644,405,0,351,0,401,0
3645,439,0,357,0,375,2
3646,433,0,368,0,377,0
3647,434,0,458,0,396,0
3648,441,0,403,0,414,0
3649,412,0,372,0,398,0
3650,455,0,357,0,384,0
3651,504,0,376,0,393,0
3652,530,0,411,0,370,0
3653,479,0,341,0,406,0
3654,537,0,370,0,396,0
3655,538,0,366,0,373,0
3656,457,0,359,0,488,0
3657,458,0,348,0,399,0
3658,427,0,350,0,364,0
3659,421,0,353,0,403,0
3660,449,0,355,0,476,0
3661,402,0,397,0,457,1
3662,422,0,341,0,401,0
3663,444,0,427,0,403,0
3664,448,0,339,0,376,0
3665,467,0,399,0,400,0
3666,524,0,421,0,449,0
3667,450,0,347,0,397,0
3668,432,0,360,0,413,1
3669,429,0,382,0,401,0
3670,496,0,361,0,432,0
3671,471,0,386,0,435,0
3672,475,0,373,0,404,0
3673,486,0,471,0,492,1
3674,474,0,358,0,440,0
3675,460,0,355,0,420,0
3676,440,0,384,0,414,0
3677,472,0,373,0,405,0
3678,472,0,349,0,385,1
3679,510,0,368,0,410,0
3680,494,0,387,0,516,0
3681,453,0,371,0,412,0
3682,466,0,373,0,410,0
3683,478,0,351,0,391,0
3684,450,0,339,0,405,0
3685,425,0,334,0,387,0
3686,493,0,358,0,384,0
3687,552,0,412,0,454,1
3688,465,0,373,0,430,0
3689,457,0,342,0,398,0
3690,434,0,377,0,396,0
3691,463,0,414,0,441,0
3692,409,0,429,0,402,0
3693,522,0,409,0,400,0
3694,454,0,382,0,427,0
3695,431,0,330,0,409,0
3696,533,0,348,0,376,0
3697,462,0,338,0,418,0
3698,406,0,381,0,427,0
3699,461,0,342,0,375,0
3700,468,0,361,0,398,0
3701,453,0,342,0,413,0
3702,513,0,366,0,427,1
3703,429,0,336,0,401,0
3704,429,0,376,0,480,3
3705,504,0,382,0,402,0
3706,496,0,395,0,394,2
3707,492,0,382,0,447,0
3708,463,0,359,0,429,0
3709,428,0,349,0,459,0
3710,456,0,384,0,393,0
3711,414,0,335,0,535,0
3712,453,0,398,0,397,0
3713,440,0,369,0,406,0
3714,434,0,459,0,377,0
3715,604,0,383,0,373,1
3716,439,0,339,0,391,0
3717,434,0,370,0,413,0
3718,410,0,354,0,377,1
3719,454,0,397,0,435,0
3720,428,0,362,0,486,0
3721,406,0,422,0,404,0
3722,409,0,350,0,394,0
3723,448,0,409,0,366,0
3724,454,0,340,0,411,0
3725,460,0,336,0,420,0
3726,444,0,362,0,372,0
3727,418,0,364,0,383,0
3728,447,0,345,0,409,3
3729,453,0,352,0,401,0
3730,491,0,349,0,385,2
3731,458,0,379,0,392,0
3732,473,0,368,0,408,0
3733,443,0,338,0,485,0
3734,422,0,344,0,422,0
3735,450,0,370,0,432,1
3736,478,0,362,0,407,0
3737,476,0,398,0,411,0
3738,430,0,363,0,452,0
3739,463,0,371,0,390,0
3740,473,0,372,0,414,0
3741,442,0,393,0,372,0
3742,475,0,374,0,422,0
3743,451,0,372,0,383,0
3744,409,0,343,0,470,2
3745,480,0,340,0,409,1
3746,462,0,390,0,376,0
3747,443,0,406,0,416,0
3748,474,0,361,0,380,0
3749,433,0,366,0,403,0
3750,496,0,371,0,395,0
3751,432,0,360,0,373,0
3752,433,0,342,0,415,0
3753,515,0,404,0,441,0
3754,439,0,342,0,398,1
3755,472,0,352,0,380,0
3756,479,0,362,0,398,0
3757,569,0,360,0,411,0
3758,584,0,395,0,392,0
3759,465,0,356,0,408,0
3760,421,0,336,0,413,0
3761,434,0,335,0,399,3
3762,459,0,365,0,458,2
3763,444,0,361,0,390,0
3764,463,0,397,0,389,3
3765,493,0,403,0,430,0
3766,472,0,361,0,386,0
3767,473,0,384,0,381,0
3768,552,0,372,0,395,0
3769,401,0,348,0,391,0
3770,439,0,355,0,478,1
3771,429,0,358,0,419,1
3772,446,0,376,0,452,1
3773,435,0,354,0,418,0
3774,434,0,429,0,413,0
3775,463,0,392,0,420,0
3776,460,0,374,0,394,0
3777,428,0,374,0,394,1
3778,459,0,366,0,428,0
3779,414,0,343,0,431,0
3780,411,0,377,0,381,1
3781,409,0,359,0,403,0
3782,430,0,356,0,444,0
3783,432,0,380,0,450,0
3784,433,0,399,0,397,0
3785,550,0,387,0,381,0
3786,422,0,364,0,394,3
3787,439,0,357,0,439,1
3788,463,0,410,0,378,0
3789,427,0,367,0,409,0
3790,423,0,364,0,380,0
3791,477,0,365,0,367,0
3792,460,0,354,0,420,0
3793,469,0,339,0,409,0
3794,459,0,368,0,401,0
3795,422,0,365,0,385,0
3796,446,0,394,0,382,0
3797,422,0,368,0,494,0
3798,416,0,358,0,421,0
3799,449,0,361,0,378,0
3800,458,0,370,0,412,0
3801,454,0,363,0,372,0
3802,477,0,339,0,426,0
3803,454,0,366,0,405,0
3804,508,0,380,0,422,0
3805,474,0,423,0,429,0
3806,529,0,404,0,402,0
3807,413,0,344,0,411,0
3808,446,0,371,0,404,0
3809,422,0,337,0,389,0
3810,433,0,405,0,395,0
3811,432,0,368,0,489,3
3812,448,0,444,0,381,0
3813,471,0,584,0,467,2
3814,432,0,374,0,391,0
3815,450,0,387,0,423,0
3816,433,0,357,0,406,0
3817,432,0,406,0,407,0
3818,465,0,439,0,595,0
3819,480,0,389,0,402,0
3820,519,0,400,0,411,0
3821,476,0,361,0,406,0
3822,525,0,357,0,402,0
3823,534,0,392,0,407,0
3824,499,0,382,0,412,0
3825,529,0,359,0,426,0
3826,428,0,394,0,400,0
3827,442,0,408,0,404,0
3828,501,0,363,0,398,0
3829,513,0,393,0,415,0
3830,441,0,348,0,401,0
3831,456,0,427,0,414,0
3832,426,0,364,0,437,1
3833,463,0,418,0,440,1
3834,454,0,373,0,392,0
3835,431,0,381,0,446,0
3836,422,0,349,0,408,4
3837,436,0,341,0,406,0
3838,450,0,387,0,413,1
3839,549,0,360,0,395,3
3840,421,0,388,0,402,0
3841,450,0,372,0,398,1
3842,467,0,351,0,390,1
3843,443,0,373,0,440,1
3844,520,0,367,0,384,0
3845,405,0,356,0,438,4
3846,413,0,348,0,386,0
3847,439,0,352,0,509,0
3848,473,0,378,0,442,0
3849,472,0,366,0,421,1
3850,479,0,349,0,408,0
3851,482,0,343,0,378,0
3852,488,0,362,0,417,5
3853,519,0,375,0,369,0
3854,443,0,354,0,462,0
3855,474,0,435,0,397,0
3856,492,0,354,0,378,0
3857,471,0,361,0,395,0
3858,433,0,359,0,420,0
3859,428,0,361,0,498,0
3860,420,0,382,0,493,0
3861,460,0,398,0,402,2
3862,470,0,373,0,405,0
3863,472,0,395,0,381,0
3864,473,0,387,0,495,0
3865,438,0,349,0,401,1
3866,536,0,373,0,429,0
3867,425,0,389,0,446,0
3868,421,0,347,0,454,0
3869,436,0,361,0,411,0
3870,455,0,408,0,387,0
3871,424,0,382,0,377,0
3872,448,0,387,0,396,0
3873,424,0,388,0,495,0
3874,440,0,348,0,408,0
3875,492,0,422,0,496,0
3876,450,0,370,0,398,0
3877,441,0,362,0,404,0
3878,460,0,362,0,393,0
3879,478,0,365,0,418,3
3880,456,0,384,0,408,1
3881,408,0,344,0,390,1
3882,460,0,365,0,417,0
3883,422,0,357,0,380,0
3884,424,0,345,0,392,0
3885,437,0,395,0,537,0
3886,415,0,341,0,514,0
3887,437,0,348,0,429,0
3888,471,0,386,0,409,0
3889,470,0,344,0,419,0
3890,444,0,364,0,385,0
3891,422,0,369,0,402,2
3892,436,0,362,0,476,0
3893,472,0,408,0,395,0
3894,434,0,380,0,414,0
3895,473,0,338,0,482,0
3896,444,0,345,0,412,0
3897,420,0,384,0,391,0
3898,489,0,360,0,380,0
3899,489,0,341,0,390,0
3900,448,0,352,0,365,0
3901,436,0,348,0,392,0
3902,417,0,358,0,416,1
3903,460,0,363,0,415,0
3904,494,0,350,0,418,0
3905,448,0,344,0,400,0
3906,435,0,433,0,367,0
3907,455,0,362,0,398,0
3908,434,0,369,0,404,0
3909,463,0,461,0,396,0
3910,464,0,363,0,436,6
3911,439,0,365,0,393,0
3912,412,0,400,0,421,0
3913,423,0,379,0,393,0
3914,447,0,347,0,401,0
3915,462,0,355,0,406,0
3916,564,0,377,0,462,2
3917,559,0,383,0,438,0
3918,575,0,367,0,418,2
3919,425,0,388,0,399,0
3920,435,0,421,0,416,0
3921,494,0,348,0,449,1
3922,471,0,354,0,405,0
3923,432,0,390,0,422,2
3924,467,0,580,0,467,0
3925,472,0,352,0,394,0
3926,447,0,364,0,408,0
3927,447,0,371,0,421,1
3928,427,0,369,0,439,0
3929,462,0,377,0,415,0
3930,422,0,370,0,404,1
3931,562,0,384,0,442,0
3932,422,0,359,0,448,0
3933,433,0,348,0,412,0
3934,414,0,377,0,407,1
3935,454,0,383,0,415,0
3936,439,0,364,0,488,2
3937,409,0,345,0,419,0
3938,462,0,354,0,424,2
3939,436,0,349,0,471,0
3940,434,0,344,0,421,0
3941,446,0,332,0,389,0
3942,444,0,379,0,424,0
3943,414,0,354,0,448,1
3944,461,0,349,0,425,0
3945,480,0,396,0,421,2
3946,478,0,347,0,446,1
3947,406,0,385,0,404,0
3948,479,0,379,0,394,0
3949,537,0,387,0,393,0
3950,430,0,377,0,500,0
3951,476,0,390,0,400,0
3952,446,0,392,0,412,0
3953,422,0,342,0,376,0
3954,454,0,368,0,383,0
3955,502,0,344,0,398,0
3956,432,0,374,0,552,0
3957,437,0,340,0,414,0
3958,454,0,340,0,401,0
3959,468,0,348,0,417,2
3960,430,0,371,0,494,2
3961,443,0,374,0,539,0
3962,433,0,431,0,400,0
3963,433,0,369,0,395,1
3964,462,0,388,0,497,0
3965,499,0,554,0,482,3
3966,426,0,435,0,405,0
3967,426,0,338,0,405,0
3968,451,0,340,0,377,1
3969,424,0,352,0,415,0
3970,456,0,337,0,437,0
3971,431,0,336,0,417,4
3972,431,0,341,0,406,0
3973,462,0,344,0,388,0
3974,431,0,375,0,438,3
3975,423,0,350,0,486,0
3976,455,0,421,0,393,0
3977,463,0,350,0,422,0
3978,421,0,347,0,392,2
3979,443,0,371,0,505,0
3980,469,0,370,0,379,0
3981,437,0,358,0,466,0
3982,478,0,370,0,414,1
3983,449,0,350,0,415,0
3984,428,0,343,0,481,0
3985,511,0,383,0,382,0
3986,496,0,426,0,409,2
3987,446,0,361,0,431,0
3988,504,0,389,0,384,0
3989,437,0,359,0,403,1
3990,468,0,384,0,434,1
3991,469,0,374,0,396,0
3992,472,0,345,0,437,1
3993,454,0,391,0,400,0
3994,408,0,411,0,416,0
3995,392,0,387,0,450,2
3996,444,0,334,0,421,0
3997,425,0,450,0,410,0
3998,465,0,357,0,398,0
3999,412,0,341,0,481,1
4000,439,0,346,0,389,1
4001,445,0,374,0,450,2
4002,419,0,401,0,401,0
4003,430,0,382,0,384,0
4004,443,0,355,0,401,0
4005,484,0,369,0,381,0
4006,421,0,346,0,426,0
4007,469,0,368,0,390,0
4008,456,0,366,0,399,0
4009,474,0,357,0,396,0
4010,438,0,340,0,397,0
4011,456,0,483,0,413,0
4012,540,0,382,0,389,0
4013,463,0,366,0,411,1
4014,434,0,372,0,412,2
4015,453,0,487,0,446,0
4016,411,0,348,0,370,0
4017,457,0,367,0,517,0
4018,429,0,349,0,419,0
4019,531,0,347,0,394,0
4020,435,0,373,0,412,0
4021,473,0,350,0,403,0
4022,469,0,358,0,389,0
4023,412,0,340,0,390,0
4024,427,0,384,0,462,0
4025,433,0,408,0,388,0
4026,486,0,388,0,383,0
4027,455,0,375,0,436,8
4028,484,0,409,0,391,3
4029,415,0,380,0,423,0
4030,469,0,360,0,399,0
4031,465,0,360,0,428,0
4032,455,0,364,0,379,0
4033,432,0,366,0,443,2
4034,425,0,335,0,414,0
4035,495,0,390,0,413,0
4036,418,0,401,0,428,0
4037,442,0,356,0,418,0
4038,507,0,368,0,420,3
4039,483,0,351,0,407,0
4040,410,0,360,0,430,0
4041,408,0,370,0,464,0
4042,514,0,348,0,404,0
4043,452,0,342,0,446,2
4044,470,0,350,0,420,0
4045,454,0,364,0,398,0
4046,442,0,348,0,413,2
4047,438,0,362,0,403,0
4048,492,0,360,0,572,0
4049,458,0,351,0,430,0
4050,477,0,435,0,414,1
4051,487,0,357,0,369,2
4052,531,0,371,0,448,0
4053,461,0,345,0,447,1
4054,424,0,345,0,406,0
4055,450,0,385,0,406,0
4056,442,0,362,0,387,0
4057,391,0,354,0,505,0
4058,472,0,386,0,405,4
4059,424,0,356,0,397,0
4060,436,0,335,0,407,0
4061,569,0,350,0,395,0
4062,431,0,345,0,418,0
4063,464,0,369,0,406,0
4064,427,0,357,0,412,0
4065,436,0,448,0,414,0
4066,466,0,346,0,437,1
4067,460,0,345,0,434,0
4068,476,0,367,0,432,1
4069,464,0,372,0,520,2
4070,458,0,354,0,397,0
4071,460,0,376,0,400,0
4072,450,0,378,0,412,0
4073,491,0,374,0,438,0
4074,475,0,357,0,440,0
4075,419,0,335,0,422,0
4076,461,0,376,0,414,0
4077,429,0,348,0,397,0
4078,484,0,370,0,414,0
4079,421,0,359,0,390,0
4080,558,0,374,0,408,0
4081,437,0,354,0,476,0
4082,463,0,368,0,383,0
4083,452,0,385,0,406,0
4084,455,0,340,0,442,1
4085,457,0,493,0,499,0
4086,518,0,388,0,463,0
4087,492,0,404,0,420,0
4088,541,0,411,0,412,0
4089,431,0,373,0,443,0
4090,456,0,458,0,413,0
4091,418,0,360,0,416,0
4092,469,0,352,0,401,0
4093,461,0,345,0,399,0
4094,468,0,382,0,431,0
4095,437,0,348,0,406,0
4096,422,0,424,0,441,0
4097,463,0,366,0,411,0
4098,435,0,335,0,419,0
4099,441,0,357,0,409,0
4100,503,0,340,0,417,0
4101,467,0,357,0,446,0
4102,432,0,362,0,425,0
4103,458,0,427,0,381,0
4104,444,0,377,0,421,0
4105,483,0,360,0,423,0
4106,457,0,367,0,481,6
4107,438,0,363,0,393,0
4108,430,0,357,0,443,1
4109,470,0,468,0,589,0
4110,438,0,358,0,410,0
4111,548,0,367,0,385,1
4112,422,0,341,0,459,3
4113,477,0,353,0,411,0
4114,486,0,402,0,440,1
4115,425,0,453,0,461,0
4116,445,0,377,0,403,2
4117,417,0,367,0,399,3
4118,548,0,485,0,400,0
4119,410,0,356,0,489,2
4120,445,0,356,0,414,0
4121,446,0,342,0,438,0
4122,455,0,386,0,421,2
4123,433,0,402,0,469,0
4124,413,0,341,0,425,0
4125,553,0,355,0,400,2
4126,432,0,375,0,411,0
4127,441,0,343,0,406,0
4128,437,0,373,0,415,0
4129,541,0,361,0,412,0
4130,423,0,380,0,438,0
4131,454,0,363,0,390,1
4132,440,0,392,0,425,0
4133,426,0,340,0,458,0
4134,428,0,376,0,423,1
4135,431,0,356,0,423,0
4136,423,0,462,0,385,0
4137,437,0,341,0,438,2
4138,424,0,393,0,416,0
4139,531,0,366,0,403,3
4140,450,0,388,0,420,0
4141,446,0,473,0,430,2
4142,432,0,353,0,435,0
4143,469,0,404,0,434,3
4144,421,0,382,0,413,0
4145,444,0,345,0,396,3
4146,440,0,374,0,418,0
4147,495,0,365,0,403,0
4148,438,0,373,0,428,1
4149,446,0,355,0,417,0
4150,408,0,354,0,516,0
4151,402,0,456,0,402,0
4152,460,0,357,0,414,1
4153,410,0,347,0,411,0
4154,429,0,382,0,415,0
4155,467,0,349,0,389,0
4156,432,0,352,0,454,0
4157,438,0,366,0,432,0
4158,484,0,362,0,399,0
4159,460,0,371,0,408,0
4160,407,0,364,0,428,3
4161,420,0,428,0,408,0
4162,473,0,366,0,415,0
4163,439,0,386,0,433,1
4164,424,0,364,0,436,2
4165,411,0,350,0,451,0
4166,448,0,345,0,430,0
4167,509,0,372,0,402,0
4168,418,0,376,0,483,2
4169,444,0,362,0,395,0
4170,427,0,339,0,403,0
4171,427,0,438,0,428,0
4172,453,0,357,0,444,3
4173,442,0,347,0,467,1
4174,475,0,385,0,412,0
4175,441,0,332,0,448,0
4176,456,0,380,0,387,0
4177,526,0,411,0,436,0
4178,495,0,387,0,423,2
4179,437,0,374,0,528,0
4180,476,0,371,0,411,0
4181,464,0,398,0,459,0
4182,542,0,399,0,423,0
4183,430,0,369,0,422,0
4184,427,0,418,0,419,1
4185,418,0,368,0,409,0
4186,479,0,427,0,431,0
4187,436,0,358,0,423,0
4188,475,0,373,0,414,1
4189,486,0,374,0,433,1
4190,403,0,417,0,414,0
4191,463,0,405,0,468,0
4192,437,0,346,0,410,0
4193,557,0,360,0,408,0
4194,434,0,350,0,547,2
4195,510,0,346,0,431,0
4196,469,0,360,0,407,1
4197,422,0,345,0,463,0
4198,412,0,393,0,447,1
4199,495,0,337,0,403,0
4200,480,0,391,0,471,0
4201,445,0,393,0,428,0
4202,462,0,345,0,421,1
4203,474,0,362,0,390,0
4204,453,0,380,0,419,0
4205,433,0,356,0,459,0
4206,427,0,371,0,439,0
4207,415,0,335,0,426,0
4208,462,0,359,0,439,0
4209,429,0,374,0,429,0
4210,452,0,371,0,419,0
4211,430,0,360,0,506,0
4212,456,0,378,0,438,1
4213,425,0,336,0,397,0
4214,428,0,337,0,406,0
4215,439,0,345,0,419,0
4216,427,0,386,0,424,0
4217,566,0,391,0,387,0
4218,420,0,363,0,442,0
4219,440,0,345,0,447,1
4220,434,0,387,0,497,4
4221,540,0,351,0,388,0
4222,455,0,376,0,419,0
4223,504,0,381,0,431,0
4224,437,0,397,0,428,0
4225,514,0,406,0,417,0
4226,441,0,356,0,438,0
4227,513,0,348,0,413,0
4228,488,0,350,0,476,0
4229,470,0,346,0,399,0
4230,431,0,343,0,413,0
4231,467,0,349,0,439,0
4232,470,0,375,0,424,0
4233,410,0,366,0,408,0
4234,447,0,414,0,399,0
4235,451,0,381,0,496,0
4236,467,0,395,0,421,0
4237,430,0,479,0,440,0
4238,417,0,400,0,452,0
4239,455,0,364,0,403,0
4240,452,0,374,0,392,0
4241,425,0,371,0,415,0
4242,450,0,399,0,407,0
4243,436,0,358,0,392,0
4244,458,0,357,0,397,0
4245,439,0,353,0,391,0
4246,460,0,336,0,429,0
4247,442,0,369,0,487,0
4248,461,0,355,0,405,1
4249,435,0,385,0,419,1
4250,466,0,383,0,419,0
4251,468,0,447,0,396,1
4252,448,0,361,0,383,0
4253,415,0,326,0,423,3
4254,510,0,368,0,415,0
4255,425,0,364,0,441,0
4256,438,0,358,0,403,0
4257,417,0,380,0,500,0
4258,537,0,375,0,504,0
4259,471,0,361,0,412,1
4260,441,0,384,0,397,0
4261,455,0,384,0,411,0
4262,428,0,383,0,424,2
4263,466,0,363,0,430,1
4264,438,0,363,0,429,0
4265,464,0,349,0,405,0
4266,419,0,360,0,442,0
4267,401,0,336,0,454,2
4268,412,0,355,0,454,3
4269,480,0,337,0,390,0
4270,436,0,347,0,509,0
4271,462,0,358,0,427,0
4272,429,0,349,0,542,0
4273,543,0,397,0,393,0
4274,423,0,367,0,565,6
4275,412,0,392,0,430,0
4276,460,0,355,0,432,0
4277,404,0,368,0,436,0
4278,523,0,347,0,449,0
4279,527,0,421,0,448,0
4280,451,0,359,0,410,0
4281,428,0,364,0,527,0
4282,544,0,350,0,404,0
4283,465,0,372,0,492,0
4284,433,0,336,0,462,1
4285,610,0,419,0,405,0
4286,465,0,365,0,473,4
4287,429,0,353,0,466,0
4288,409,0,363,0,482,0
4289,453,0,398,0,412,0
4290,435,0,408,0,410,0
4291,439,0,354,0,434,1
4292,459,0,348,0,457,0
4293,457,0,364,0,420,0
4294,443,0,371,0,463,0
4295,442,0,446,0,437,0
4296,450,0,352,0,433,2
4297,530,0,390,0,386,0
4298,469,0,359,0,425,2
4299,445,0,353,0,416,0
4300,511,0,373,0,382,0
4301,411,0,354,0,432,0
4302,416,0,380,0,421,1
4303,431,0,349,0,423,0
4304,416,0,384,0,418,0
4305,548,0,369,0,448,0
4306,429,0,357,0,405,0
4307,490,0,421,0,449,0
4308,416,0,434,0,382,0
4309,472,0,350,0,495,0
4310,445,0,348,0,409,0
4311,440,0,382,0,480,0
4312,524,0,410,0,415,0
4313,449,0,389,0,453,0
4314,516,0,362,0,414,1
4315,450,0,364,0,425,0
4316,412,0,413,0,448,0
4317,463,0,376,0,443,0
4318,479,0,392,0,442,4
4319,454,0,391,0,436,0
4320,499,0,379,0,404,0
4321,420,0,366,0,403,0
4322,446,0,431,0,445,1
4323,436,0,384,0,446,0
4324,443,0,362,0,412,1
4325,416,0,381,0,398,0
4326,429,0,378,0,543,0
4327,467,0,348,0,425,2
4328,432,0,355,0,381,0
4329,419,0,395,0,437,0
4330,475,0,346,0,446,0
4331,439,0,348,0,511,0
4332,446,0,458,0,559,0
4333,444,0,381,0,443,0
4334,424,0,370,0,420,0
4335,423,0,356,0,422,0
4336,445,0,359,0,404,0
4337,434,0,385,0,427,0
4338,432,0,341,0,407,0
4339,448,0,384,0,439,1
4340,427,0,415,0,434,0
4341,426,0,362,0,417,0
4342,442,0,392,0,390,0
4343,434,0,381,0,432,0
4344,467,0,353,0,420,0
4345,412,0,340,0,461,2
4346,439,0,358,0,419,0
4347,589,0,350,0,423,0
4348,429,0,354,0,400,0
4349,438,0,371,0,447,0
4350,463,0,459,0,388,0
4351,445,0,364,0,457,1
4352,453,0,573,0,647,0
4353,416,0,354,0,416,1
4354,410,0,336,0,420,0
4355,431,0,352,0,446,0
4356,475,0,367,0,422,0
4357,461,0,360,0,420,0
4358,428,0,355,0,397,3
4359,439,0,352,0,449,0
4360,423,0,352,0,419,0
4361,453,0,358,0,417,0
4362,438,0,348,0,453,0
4363,459,0,343,0,430,0
4364,448,0,364,0,401,0
4365,452,0,342,0,445,0
4366,442,0,385,0,416,0
4367,466,0,350,0,420,0
4368,401,0,345,0,407,0
4369,443,0,342,0,396,0
4370,441,0,430,0,419,0
4371,456,0,355,0,439,0
4372,424,0,382,0,450,6
4373,483,0,373,0,430,0
4374,433,0,392,0,433,2
4375,441,0,369,0,449,0
4376,419,0,393,0,414,0
4377,441,0,358,0,526,2
4378,461,0,370,0,437,0
4379,552,0,407,0,400,0
4380,467,0,397,0,411,0
4381,448,0,399,0,408,0
4382,461,0,349,0,423,0
4383,455,0,335,0,445,0
4384,450,0,337,0,475,0
4385,464,0,351,0,407,0
4386,455,0,383,0,424,0
4387,462,0,372,0,418,0
4388,432,0,350,0,533,0
4389,472,0,389,0,444,0
4390,410,0,346,0,408,0
4391,479,0,363,0,429,0
4392,526,0,515,0,533,1
4393,432,0,394,0,427,0
4394,462,0,363,0,438,0
4395,440,0,343,0,441,1
4396,450,0,382,0,413,1
4397,448,0,483,0,396,0
4398,422,0,383,0,433,1
4399,407,0,377,0,416,1
4400,457,0,398,0,386,0
4401,418,0,371,0,429,0
4402,477,0,422,0,383,0
4403,441,0,351,0,461,0
4404,419,0,335,0,439,1
4405,461,0,358,0,397,0
4406,450,0,367,0,449,0
4407,429,0,369,0,460,0
4408,443,0,368,0,435,0
4409,421,0,354,0,417,1
4410,417,0,382,0,420,0
4411,430,0,341,0,453,0
4412,491,0,362,0,402,0
4413,434,0,380,0,432,0
4414,426,0,357,0,424,0
4415,436,0,434,0,438,1
4416,421,0,373,0,458,0
4417,465,0,366,0,426,1
4418,454,0,338,0,413,0
4419,557,0,517,0,489,0
4420,465,0,344,0,451,1
4421,415,0,367,0,417,0
4422,444,0,375,0,420,0
4423,423,0,345,0,427,0
4424,432,0,357,0,435,8
4425,452,0,421,0,443,0
4426,438,0,393,0,444,0
4427,506,0,376,0,412,1
4428,418,0,349,0,540,0
4429,458,0,352,0,418,0
4430,446,0,381,0,476,0
4431,412,0,338,0,417,1
4432,441,0,389,0,415,3
4433,410,0,500,0,472,0
4434,428,0,381,0,410,0
4435,488,0,365,0,457,1
4436,446,0,336,0,425,0
4437,439,0,368,0,523,0
4438,515,0,386,0,397,0
4439,466,0,395,0,471,0
4440,421,0,378,0,413,0
4441,417,0,348,0,434,0
4442,471,0,370,0,418,0
4443,440,0,382,0,446,0
4444,450,0,372,0,413,0
4445,441,0,440,0,422,0
4446,420,0,381,0,412,0
4447,456,0,387,0,476,0
4448,486,0,376,0,422,0
4449,428,0,343,0,436,0
4450,520,0,362,0,407,1
4451,433,0,342,0,499,0
4452,541,0,334,0,417,0
4453,457,0,339,0,433,0
4454,429,0,367,0,463,2
4455,481,0,380,0,418,0
4456,433,0,380,0,473,0
4457,453,0,357,0,420,0
4458,426,0,369,0,402,0
4459,528,0,370,0,459,1
4460,426,0,376,0,449,0
4461,404,0,394,0,417,0
4462,421,0,374,0,435,0
4463,433,0,356,0,415,0
4464,446,0,360,0,406,1
4465,416,0,360,0,423,0
4466,432,0,396,0,462,3
4467,466,0,366,0,459,0
4468,428,0,338,0,428,0
4469,434,0,353,0,485,0
4470,442,0,367,0,446,0
4471,417,0,348,0,512,0
4472,437,0,353,0,414,0
4473,449,0,351,0,449,1
4474,435,0,390,0,427,2
4475,471,0,375,0,414,0
4476,442,0,485,0,430,0
4477,488,0,364,0,479,4
4478,453,0,358,0,423,1
4479,428,0,345,0,439,1
4480,494,0,364,0,479,0
4481,599,0,387,0,415,0
4482,425,0,478,0,438,0
4483,435,0,365,0,422,0
4484,428,0,363,0,411,1
4485,455,0,373,0,415,1
4486,444,0,356,0,513,3
4487,426,0,368,0,416,0
4488,433,0,386,0,450,0
4489,433,0,355,0,477,0
4490,416,0,376,0,461,0
4491,441,0,363,0,417,0
4492,467,0,360,0,423,0
4493,441,0,344,0,431,0
4494,449,0,380,0,411,1
4495,554,0,361,0,428,0
4496,472,0,405,0,434,2
4497,468,0,420,0,445,1
4498,466,0,376,0,426,0
4499,433,0,389,0,432,0
4500,448,0,424,0,458,0
4501,422,0,356,0,480,1
4502,447,0,399,0,425,0
4503,430,0,360,0,417,0
4504,417,0,360,0,424,1
4505,462,0,410,0,424,1
4506,496,0,359,0,421,0
4507,427,0,349,0,438,0
4508,526,0,353,0,424,0
4509,408,0,391,0,461,1
4510,462,0,394,0,422,1
4511,419,0,402,0,433,0
4512,478,0,374,0,493,0
4513,438,0,362,0,423,0
4514,427,0,348,0,437,2
4515,438,0,369,0,435,3
4516,430,0,373,0,442,0
4517,403,0,353,0,492,0
4518,461,0,355,0,433,0
4519,435,0,382,0,409,0
4520,441,0,331,0,427,0
4521,433,0,386,0,436,0
4522,418,0,408,0,421,0
4523,420,0,348,0,464,0
4524,438,0,363,0,545,0
4525,494,0,453,0,403,3
4526,462,0,359,0,485,2
4527,476,0,399,0,422,0
4528,427,0,387,0,429,2
4529,440,0,344,0,403,0
4530,436,0,369,0,426,0
4531,451,0,366,0,522,0
4532,472,0,358,0,448,0
4533,544,0,394,0,411,1
4534,418,0,348,0,503,0
4535,483,0,351,0,447,0
4536,480,0,350,0,441,0
4537,436,0,370,0,450,0
4538,462,0,350,0,409,0
4539,434,0,360,0,466,0
4540,476,0,384,0,467,0
4541,425,0,434,0,430,3
4542,438,0,382,0,450,0
4543,466,0,350,0,426,0
4544,465,0,400,0,454,0
4545,418,0,361,0,437,0
4546,472,0,353,0,419,0
4547,450,0,356,0,428,0
4548,424,0,363,0,432,1
4549,490,0,358,0,419,0
4550,452,0,384,0,482,1
4551,452,0,367,0,447,0
4552,544,0,435,0,405,0
4553,466,0,359,0,421,0
4554,427,0,350,0,533,0
4555,424,0,424,0,417,0
4556,551,0,387,0,440,0
4557,424,0,493,0,401,1
4558,567,0,437,0,606,0
4559,465,0,362,0,440,0
4560,439,0,375,0,477,0
4561,451,0,368,0,436,1
4562,441,0,373,0,409,0
4563,442,0,347,0,464,0
4564,436,0,342,0,469,0
4565,466,0,366,0,438,0
4566,406,0,353,0,532,0
4567,459,0,340,0,436,0
4568,506,0,389,0,450,0
4569,457,0,370,0,462,0
4570,444,0,362,0,421,1
4571,458,0,373,0,451,2
4572,495,0,352,0,422,0
4573,463,0,363,0,516,0
4574,466,0,377,0,414,0
4575,485,0,357,0,443,0
4576,403,0,343,0,411,0
4577,453,0,360,0,418,0
4578,457,0,404,0,394,0
4579,438,0,412,0,421,3
4580,424,0,347,0,427,0
4581,495,0,347,0,472,0
4582,441,0,338,0,423,0
4583,446,0,387,0,494,0
4584,426,0,355,0,454,3
4585,481,0,378,0,448,5
4586,423,0,362,0,417,0
4587,428,0,352,0,531,0
4588,463,0,366,0,412,0
4589,416,0,353,0,453,0
4590,470,0,377,0,432,0
4591,487,0,380,0,395,0
4592,477,0,351,0,415,0
4593,469,0,372,0,525,1
4594,457,0,359,0,541,4
4595,480,0,368,0,460,4
4596,433,0,467,0,430,0
4597,440,0,370,0,600,1
4598,412,0,388,0,461,0
4599,456,0,370,0,488,4
4600,436,0,361,0,400,1
4601,432,0,380,0,458,0
4602,437,0,361,0,485,0
4603,427,0,410,0,446,0
4604,494,0,365,0,565,3
4605,457,0,361,0,421,0
4606,422,0,362,0,448,2
4607,420,0,379,0,450,0
4608,467,0,363,0,411,0
4609,448,0,402,0,427,0
4610,420,0,396,0,437,0
4611,573,0,355,0,503,0
4612,523,0,390,0,479,1
4613,435,0,372,0,457,2
4614,444,0,353,0,425,0
4615,478,0,360,0,445,0
4616,445,0,360,0,426,0
4617,459,0,368,0,446,3
4618,473,0,347,0,443,0
4619,451,0,428,0,462,0
4620,442,0,374,0,436,1
4621,408,0,405,0,447,0
4622,422,0,370,0,454,2
4623,433,0,394,0,446,0
4624,462,0,380,0,438,2
4625,479,0,347,0,454,0
4626,504,0,386,0,425,0
4627,435,0,349,0,403,0
4628,497,0,356,0,425,0
4629,412,0,381,0,438,0
4630,451,0,361,0,421,0
4631,424,0,351,0,420,0
4632,569,0,363,0,396,0
4633,506,0,331,0,412,0
4634,461,0,350,0,461,1
4635,447,0,388,0,429,1
4636,566,0,385,0,409,1
4637,463,0,379,0,449,0
4638,450,0,350,0,449,0
4639,466,0,381,0,423,0
4640,502,0,421,0,448,0
4641,452,0,399,0,454,2
4642,558,0,343,0,395,1
4643,431,0,419,0,456,1
4644,469,0,369,0,456,0
4645,439,0,379,0,437,0
4646,500,0,382,0,456,0
4647,516,0,380,0,443,0
4648,493,0,350,0,421,0
4649,447,0,357,0,500,3
4650,506,0,434,0,629,0
4651,554,0,364,0,444,0
4652,525,0,348,0,455,0
4653,468,0,353,0,453,0
4654,536,0,501,0,495,0
4655,499,0,367,0,408,0
4656,441,0,357,0,411,0
4657,425,0,358,0,453,1
4658,428,0,355,0,507,0
4659,487,0,372,0,445,0
4660,458,0,347,0,427,0
4661,403,0,360,0,459,0
4662,448,0,339,0,448,0
4663,416,0,414,0,480,0
4664,493,0,440,0,419,2
4665,411,0,375,0,475,0
4666,462,0,348,0,448,2
4667,447,0,394,0,448,0
4668,455,0,364,0,517,1
4669,424,0,463,0,397,1
4670,478,0,392,0,409,1
4671,435,0,378,0,431,1
4672,441,0,364,0,463,2
4673,448,0,346,0,418,0
4674,419,0,351,0,424,0
4675,438,0,367,0,431,0
4676,425,0,383,0,434,4
4677,439,0,381,0,448,0
4678,413,0,355,0,434,0
4679,447,0,447,0,433,0
4680,423,0,352,0,527,0
4681,442,0,382,0,455,0
4682,440,0,364,0,424,0
4683,439,0,379,0,401,0
4684,460,0,349,0,438,1
4685,413,0,369,0,446,0
4686,433,0,338,0,422,0
4687,456,0,374,0,462,0
4688,472,0,406,0,469,0
4689,401,0,342,0,424,0
4690,442,0,351,0,440,0
4691,464,0,389,0,433,0
4692,452,0,451,0,397,1
4693,444,0,356,0,472,0
4694,551,0,373,0,429,0
4695,475,0,352,0,409,0
4696,452,0,365,0,427,0
4697,459,0,337,0,435,0
4698,493,0,354,0,447,0
4699,555,0,367,0,412,0
4700,472,0,362,0,427,0
4701,408,0,353,0,421,0
4702,463,0,380,0,453,0
4703,562,0,404,0,437,1
4704,586,0,363,0,425,3
4705,484,0,367,0,430,0
4706,406,0,378,0,412,0
4707,426,0,366,0,432,0
4708,415,0,429,0,429,0
4709,439,0,371,0,412,0
4710,461,0,372,0,427,0
4711,495,0,372,0,447,0
4712,499,0,363,0,440,5
4713,428,0,422,0,422,0
4714,461,0,368,0,465,0
4715,451,0,359,0,441,6
4716,440,0,363,0,507,0
4717,450,0,374,0,426,1
4718,432,0,358,0,443,0
4719,479,0,363,0,422,0
4720,408,0,369,0,455,0
4721,455,0,371,0,432,0
4722,458,0,374,0,453,0
4723,444,0,329,0,476,0
4724,448,0,368,0,446,0
4725,510,0,436,0,464,0
4726,444,0,384,0,455,1
4727,404,0,454,0,416,2
4728,446,0,369,0,425,0
4729,420,0,322,0,436,0
4730,447,0,381,0,435,0
4731,447,0,401,0,435,0
4732,443,0,335,0,410,0
4733,459,0,369,0,429,0
4734,449,0,403,0,478,0
4735,527,0,362,0,422,0
4736,475,0,346,0,399,0
4737,436,0,364,0,437,0
4738,439,0,344,0,483,0
4739,438,0,358,0,443,0
4740,482,0,354,0,447,0
4741,429,0,374,0,475,0
4742,436,0,370,0,466,0
4743,448,0,362,0,454,0
4744,598,0,386,0,416,0
4745,460,0,396,0,456,0
4746,406,0,394,0,431,1
4747,477,0,374,0,464,0
4748,438,0,376,0,417,0
4749,429,0,411,0,420,1
4750,420,0,399,0,471,0
4751,437,0,361,0,418,1
4752,472,0,368,0,452,0
4753,447,0,375,0,432,3
4754,484,0,378,0,459,0
4755,476,0,350,0,426,0
4756,451,0,394,0,474,0
4757,486,0,397,0,422,1
4758,448,0,368,0,410,0
4759,432,0,378,0,448,0
4760,459,0,359,0,447,0
4761,539,0,380,0,419,0
4762,454,0,384,0,411,0
4763,428,0,386,0,501,0
4764,437,0,384,0,478,0
4765,429,0,362,0,465,0
4766,436,0,364,0,462,0
4767,420,0,372,0,430,0
4768,558,0,394,0,413,3
4769,437,0,340,0,428,0
4770,476,0,343,0,422,0
4771,479,0,339,0,436,0
4772,541,0,354,0,434,0
4773,454,0,354,0,434,1
4774,464,0,398,0,435,2
4775,465,0,378,0,414,0
4776,423,0,363,0,436,0
4777,410,0,348,0,489,1
4778,443,0,403,0,423,0
4779,421,0,372,0,519,0
4780,447,0,366,0,427,0
4781,420,0,365,0,436,0
4782,441,0,395,0,455,0
4783,422,0,365,0,418,0
4784,434,0,355,0,517,0
4785,415,0,381,0,476,0
4786,434,0,344,0,448,0
4787,447,0,366,0,430,0
4788,480,0,361,0,417,0
4789,443,0,347,0,423,0
4790,449,0,361,0,421,2
4791,453,0,350,0,462,0
4792,421,0,476,0,487,1
4793,416,0,368,0,478,0
4794,454,0,380,0,527,0
4795,415,0,360,0,576,1
4796,462,0,396,0,458,0
4797,445,0,346,0,467,1
4798,419,0,417,0,408,3
4799,496,0,364,0,428,0
4800,428,0,411,0,452,0
4801,421,0,364,0,432,0
4802,452,0,376,0,452,0
4803,550,0,362,0,445,1
4804,497,0,431,0,458,0
4805,452,0,416,0,430,0
4806,421,0,337,0,433,0
4807,413,0,353,0,480,1
4808,536,0,359,0,431,0
4809,464,0,402,0,459,0
4810,559,0,355,0,437,5
4811,479,0,378,0,431,1
4812,467,0,376,0,446,1
4813,432,0,376,0,445,0
4814,443,0,359,0,466,3
4815,470,0,389,0,439,0
4816,410,0,418,0,439,0
4817,452,0,370,0,423,0
4818,467,0,370,0,448,0
4819,441,0,393,0,497,0
4820,448,0,399,0,461,0
4821,461,0,354,0,430,0
4822,442,0,358,0,456,0
4823,432,0,372,0,467,0
4824,429,0,379,0,523,1
4825,442,0,351,0,419,0
4826,537,0,452,0,655,0
4827,404,0,367,0,427,0
4828,456,0,375,0,421,0
4829,456,0,425,0,444,0
4830,514,0,388,0,436,3
4831,460,0,355,0,428,0
4832,447,0,338,0,422,0
4833,462,0,355,0,493,6
4834,507,0,384,0,436,0
4835,436,0,384,0,444,0
4836,445,0,370,0,443,0
4837,418,0,354,0,441,0
4838,450,0,412,0,527,0
4839,451,0,406,0,470,0
4840,447,0,357,0,468,1
4841,419,0,350,0,462,1
4842,467,0,385,0,410,0
4843,556,0,356,0,466,5
4844,547,0,347,0,467,3
4845,460,0,363,0,540,0
4846,531,0,362,0,410,0
4847,434,0,337,0,466,1
4848,419,0,352,0,542,3
4849,446,0,475,0,474,1
4850,422,0,353,0,512,5
4851,442,0,381,0,465,0
4852,539,0,519,0,483,1
4853,483,0,355,0,434,2
4854,469,0,339,0,423,3
4855,422,0,448,0,439,0
4856,438,0,349,0,476,0
4857,436,0,358,0,579,0
4858,459,0,360,0,511,0
4859,517,0,350,0,412,0
4860,494,0,393,0,430,0
4861,453,0,374,0,456,0
4862,404,0,367,0,461,0
4863,442,0,375,0,448,0
4864,445,0,339,0,422,0
4865,456,0,367,0,422,5
4866,447,0,394,0,505,2
4867,440,0,369,0,463,0
4868,423,0,358,0,508,1
4869,448,0,347,0,469,0
4870,450,0,353,0,445,0
4871,474,0,361,0,453,0
4872,413,0,390,0,458,3
4873,440,0,350,0,448,1
4874,450,0,342,0,440,0
4875,455,0,354,0,448,2
4876,461,0,374,0,421,1
4877,442,0,436,0,462,0
4878,447,0,377,0,451,0
4879,442,0,378,0,452,0
4880,470,0,374,0,462,0
4881,505,0,366,0,426,0
4882,449,0,344,0,474,0
4883,420,0,349,0,432,1
4884,467,0,345,0,516,0
4885,439,0,414,0,456,0
4886,472,0,374,0,471,3
4887,445,0,378,0,447,0
4888,500,0,349,0,475,0
4889,462,0,342,0,461,1
4890,536,0,463,0,490,0
4891,480,0,352,0,471,2
4892,445,0,353,0,425,0
4893,455,0,345,0,447,1
4894,464,0,365,0,454,1
4895,487,0,336,0,468,0
4896,423,0,380,0,527,0
4897,434,0,498,0,448,2
4898,441,0,416,0,435,3
4899,436,0,465,0,459,3
4900,512,0,353,0,463,3
4901,476,0,376,0,457,1
4902,451,0,359,0,440,3
4903,428,0,350,0,422,0
4904,422,0,378,0,409,0
4905,418,0,363,0,554,3
4906,446,0,386,0,440,0
4907,409,0,349,0,447,0
4908,461,0,353,0,443,0
4909,458,0,365,0,475,3
4910,414,0,364,0,450,0
4911,444,0,359,0,432,0
4912,423,0,356,0,437,0
4913,437,0,364,0,485,0
4914,448,0,359,0,518,0
4915,441,0,419,0,458,0
4916,417,0,397,0,468,6
4917,447,0,391,0,434,0
4918,531,0,399,0,468,0
4919,466,0,381,0,444,0
4920,459,0,349,0,427,0
4921,453,0,383,0,488,1
4922,463,0,391,0,466,2
4923,430,0,392,0,450,0
4924,422,0,366,0,414,0
4925,420,0,361,0,447,0
4926,445,0,352,0,443,0
4927,459,0,359,0,460,2
4928,441,0,365,0,440,1
4929,439,0,390,0,428,2
4930,412,0,380,0,417,0
4931,437,0,349,0,490,1
4932,436,0,350,0,442,0
4933,453,0,376,0,440,2
4934,472,0,353,0,438,0
4935,507,0,333,0,407,1
4936,444,0,372,0,489,2
4937,553,0,365,0,424,0
4938,419,0,373,0,418,0
4939,497,0,364,0,434,0
4940,529,0,348,0,451,0
4941,450,0,377,0,445,1
4942,433,0,373,0,434,1
4943,487,0,345,0,428,0
4944,451,0,386,0,455,1
4945,418,0,363,0,466,0
4946,416,0,436,0,440,1
4947,471,0,406,0,467,0
4948,419,0,379,0,461,0
4949,436,0,438,0,435,0
4950,490,0,351,0,486,0
4951,516,0,363,0,444,0
4952,485,0,397,0,429,1
4953,496,0,362,0,435,0
4954,467,0,416,0,469,0
4955,542,0,347,0,440,0
4956,532,0,393,0,431,0
4957,433,0,364,0,447,0
4958,477,0,383,0,453,0
4959,469,0,442,0,488,3
4960,425,0,338,0,481,0
4961,459,0,371,0,459,0
4962,436,0,401,0,453,0
4963,483,0,366,0,451,2
4964,465,0,429,0,481,0
4965,450,0,365,0,475,0
4966,420,0,356,0,434,0
4967,442,0,354,0,448,0
4968,444,0,351,0,447,0
4969,417,0,357,0,425,0
4970,432,0,361,0,475,5
4971,438,0,365,0,435,2
4972,471,0,385,0,434,0
4973,414,0,467,0,401,0
4974,417,0,397,0,553,0
4975,454,0,362,0,433,0
4976,492,0,344,0,417,0
4977,401,0,391,0,433,0
4978,439,0,390,0,427,0
4979,448,0,430,0,522,0
4980,472,0,390,0,456,0
4981,426,0,392,0,432,0
4982,440,0,368,0,469,0
4983,439,0,363,0,416,0
4984,413,0,354,0,442,0
4985,443,0,362,0,495,6
4986,446,0,378,0,439,0
4987,454,0,356,0,432,0
4988,446,0,371,0,462,0
4989,517,0,354,0,414,0
4990,443,0,337,0,443,0
4991,436,0,345,0,437,0
4992,424,0,364,0,455,0
4993,434,0,375,0,441,2
4994,433,0,386,0,442,0
4995,451,0,439,0,472,0
4996,458,0,380,0,452,0
4997,412,0,401,0,467,0
4998,419,0,347,0,523,0
4999,428,0,364,0,451,1
5000,463,0,372,0,414,0
