order,B_time,B_split,B_util,BPlus_time,BPlus_split,BPlus_util,BStar_time,BStar_split,BStar_util
3,113,74357,0.448203,121,116779,0.475965,205,61366,0.542985
4,88,51931,0.481306,88,64805,0.550886,143,40001,0.624719
5,69,36767,0.543833,68,46812,0.573602,119,30019,0.665912
6,58,30110,0.553379,56,34977,0.604802,105,23741,0.701636
7,54,24452,0.584068,60,28730,0.612022,101,19714,0.724244
8,51,21176,0.590096,52,23818,0.628038,87,16836,0.741972
9,52,18304,0.606833,46,20704,0.630395,77,14621,0.759371
10,47,16381,0.61024,43,17939,0.643388,71,13005,0.768403
11,42,14610,0.621983,40,16111,0.643409,62,11667,0.778598
12,40,13336,0.624594,41,14450,0.650036,63,10603,0.785275
13,39,12170,0.63176,37,13213,0.650457,57,9684,0.793594
14,38,11201,0.637414,37,12055,0.656598,54,8932,0.798888
15,39,10395,0.641026,31,11159,0.657548,53,8265,0.805737
16,31,9768,0.639517,31,10339,0.661186,51,7713,0.809376
17,31,9084,0.647195,31,9671,0.661874,49,7214,0.814617
18,31,8574,0.647576,31,9039,0.665432,50,6779,0.818679
19,33,8087,0.650415,31,8477,0.669331,52,6453,0.81473
20,31,7660,0.652316,32,8072,0.665563,49,6066,0.823316
21,31,7250,0.656362,30,7651,0.666362,49,5771,0.824144
22,29,6921,0.656289,31,7275,0.666846,47,5489,0.827048
23,31,6631,0.655188,29,6933,0.667314,46,5235,0.829421
24,31,6281,0.662954,29,6554,0.67452,46,4993,0.833333
25,29,6016,0.664452,30,6256,0.676831,49,4781,0.835422
26,30,5785,0.66439,30,6012,0.675749,45,4585,0.837577
27,31,5569,0.66458,30,5747,0.679218,44,4423,0.83605
28,29,5377,0.663711,29,5573,0.674281,48,4250,0.838954
29,31,5194,0.663385,29,5365,0.675012,48,4090,0.841659
30,30,5026,0.662691,28,5167,0.676323,42,3943,0.843882
31,29,4845,0.665252,29,5002,0.67499,42,3816,0.843789
32,29,4659,0.670169,28,4819,0.677697,41,3690,0.84528
33,30,4489,0.67445,28,4691,0.674354,42,3558,0.850015
34,29,4376,0.671501,28,4514,0.67914,41,3467,0.846625
35,29,4226,0.675447,28,4360,0.682166,42,3380,0.843562
36,30,4134,0.671285,30,4212,0.685649,42,3260,0.850253
37,29,3988,0.67703,28,4092,0.685943,43,3202,0.842226
38,30,3931,0.668762,28,3989,0.684468,41,3103,0.846167
39,29,3779,0.677796,27,3878,0.685253,41,3021,0.846797
40,28,3694,0.676041,27,3776,0.685476,41,2923,0.853242
41,29,3633,0.670614,28,3708,0.680575,41,2852,0.853701
42,28,3519,0.675831,28,3616,0.680702,41,2778,0.855534
43,30,3456,0.672133,29,3527,0.681031,41,2714,0.855308
44,30,3374,0.672803,28,3465,0.677088,40,2645,0.857633
45,29,3293,0.674013,30,3400,0.674253,40,2573,0.861995
46,29,3218,0.674709,27,3296,0.679736,39,2534,0.856208
47,29,3148,0.675019,27,3213,0.681962,40,2483,0.855169
48,30,3079,0.675749,28,3139,0.683052,41,2412,0.86195
49,29,3025,0.673759,35,3084,0.680739,44,2357,0.86402
50,29,2930,0.681663,28,2980,0.689698,42,2313,0.862813
51,30,2867,0.682962,29,2932,0.686982,39,2257,0.866837
52,28,2825,0.679773,29,2887,0.683966,41,2220,0.864304
53,28,2765,0.681399,26,2835,0.683007,41,2192,0.858804
54,28,2704,0.683845,28,2771,0.685399,41,2146,0.860926
55,28,2681,0.677163,27,2724,0.684218,40,2100,0.863744
56,31,2614,0.682091,27,2664,0.68671,40,2069,0.861
57,29,2571,0.681315,27,2615,0.686957,40,2016,0.868078
58,27,2557,0.673228,28,2569,0.686874,37,1978,0.869459
59,28,2489,0.67987,28,2541,0.682475,38,1950,0.866964
60,28,2467,0.674491,26,2486,0.685556,38,1930,0.861326
61,28,2386,0.685918,28,2448,0.68452,39,1881,0.869218
62,28,2344,0.687219,28,2393,0.688883,39,1860,0.864827
63,30,2330,0.680369,28,2374,0.683227,40,1824,0.867852
64,28,2276,0.685608,28,2322,0.687278,38,1813,0.859461
65,30,2234,0.687734,28,2276,0.69008,38,1773,0.865276
66,28,2205,0.68621,27,2262,0.683738,37,1754,0.861371
67,27,2205,0.675968,27,2240,0.679999,38,1714,0.868259
68,29,2161,0.679569,28,2184,0.686806,38,1702,0.861505
69,29,2123,0.681691,27,2135,0.692073,40,1680,0.860104
70,27,2077,0.686813,28,2121,0.686582,40,1633,0.872144
71,30,2051,0.685711,28,2074,0.691972,41,1612,0.871027
72,30,2023,0.685533,28,2058,0.687544,39,1583,0.874615
73,28,2014,0.679159,29,2042,0.683324,40,1566,0.871969
74,29,1982,0.680782,30,2016,0.682603,39,1559,0.864035
75,29,1966,0.677163,28,2006,0.676788,39,1532,0.867491
76,29,1939,0.677543,27,1965,0.681523,37,1511,0.867935
77,28,1917,0.676407,25,1949,0.678079,37,1484,0.872197
78,30,1892,0.676544,28,1900,0.686292,38,1475,0.866251
79,28,1861,0.679089,27,1876,0.686098,39,1444,0.873584
80,29,1826,0.683434,28,1858,0.683954,38,1422,0.875964
81,28,1813,0.679828,28,1834,0.684174,38,1406,0.87496
82,27,1780,0.683966,26,1816,0.682397,38,1399,0.868598
83,27,1772,0.678771,26,1801,0.679681,37,1378,0.871164
84,30,1750,0.679108,29,1769,0.683503,38,1365,0.868961
85,28,1726,0.680434,27,1733,0.689225,39,1351,0.867604
86,31,1692,0.686012,31,1716,0.687832,38,1330,0.871004
87,28,1691,0.678527,29,1686,0.691799,37,1316,0.870118
88,27,1674,0.677617,31,1699,0.6788,38,1288,0.878858
89,28,1652,0.67891,26,1675,0.680612,37,1278,0.875756
90,27,1618,0.685448,26,1660,0.679027,38,1262,0.876962
91,27,1613,0.680013,26,1642,0.678814,37,1262,0.867325
92,28,1613,0.672622,26,1626,0.677917,37,1239,0.873759
93,29,1585,0.677121,27,1598,0.682188,39,1231,0.869959
94,27,1565,0.678463,26,1579,0.682929,38,1211,0.87486
95,30,1545,0.679995,27,1566,0.681232,37,1199,0.874279
96,28,1522,0.68306,26,1548,0.681858,38,1186,0.874615
97,27,1501,0.685457,27,1516,0.688842,39,1176,0.872928
98,27,1484,0.686219,28,1514,0.682725,39,1161,0.875136
99,29,1484,0.679288,28,1489,0.686991,39,1145,0.878349
100,28,1437,0.694444,27,1468,0.689687,38,1136,0.876424
101,28,1419,0.696272,28,1442,0.694967,38,1132,0.870799
102,27,1401,0.698285,25,1422,0.697675,38,1115,0.87535
103,28,1424,0.68036,27,1436,0.684274,38,1106,0.873874
104,28,1406,0.682426,27,1421,0.684732,37,1092,0.876516
105,28,1397,0.680272,29,1421,0.67821,39,1083,0.87535
106,28,1350,0.697263,28,1379,0.691942,38,1066,0.880855
107,31,1356,0.687696,30,1394,0.678216,39,1066,0.872623
108,31,1354,0.682333,29,1356,0.690465,40,1050,0.877655
109,28,1337,0.68465,28,1371,0.676762,38,1045,0.873744
110,27,1304,0.695555,26,1316,0.698194,38,1037,0.872448
111,29,1295,0.694068,27,1318,0.69087,38,1019,0.879786
112,27,1271,0.70083,26,1279,0.70526,39,1016,0.874493
113,28,1263,0.699017,26,1283,0.696872,38,995,0.884956
114,27,1259,0.695082,28,1264,0.700986,37,995,0.877193
115,28,1248,0.695096,28,1254,0.700349,37,985,0.878349
116,28,1235,0.69634,25,1248,0.697601,36,977,0.877871
117,28,1220,0.698856,27,1231,0.701049,39,976,0.871255
118,28,1213,0.696922,27,1223,0.699588,38,959,0.879105
119,27,1198,0.699697,29,1210,0.701054,38,956,0.874439
120,27,1190,0.698519,27,1197,0.702653,38,943,0.879044
121,29,1167,0.706364,27,1180,0.706741,37,929,0.884846
122,27,1175,0.695817,27,1174,0.704479,37,930,0.876655
123,27,1152,0.703903,27,1168,0.70229,38,921,0.877979
124,28,1167,0.689275,25,1161,0.700768,37,922,0.869959
125,27,1139,0.700525,26,1133,0.712099,38,898,0.885936
126,26,1142,0.693145,27,1155,0.693177,39,898,0.878905
127,27,1126,0.697433,26,1142,0.695444,37,892,0.877817
128,29,1133,0.68772,26,1128,0.698455,38,874,0.888794
129,30,1122,0.689061,27,1142,0.684655,37,879,0.876916
130,28,1098,0.698666,27,1126,0.688921,37,866,0.883158
131,29,1093,0.696495,27,1086,0.708494,37,865,0.877424
132,29,1080,0.699516,26,1101,0.69369,36,853,0.882955
133,28,1052,0.712682,27,1073,0.706187,39,839,0.890853
134,27,1051,0.708035,28,1059,0.710073,38,847,0.875902
135,30,1041,0.709522,26,1056,0.706802,37,831,0.886054
136,27,1045,0.701617,27,1041,0.71158,36,832,0.878488
137,27,1034,0.703883,27,1051,0.699753,36,822,0.88262
138,27,1029,0.702168,26,1033,0.706627,37,824,0.874111
139,28,1019,0.703938,26,1029,0.704241,37,815,0.877347
140,29,1016,0.700967,31,1028,0.699882,39,806,0.880747
141,28,1003,0.70499,28,1014,0.704387,38,802,0.878835
142,28,1009,0.695875,27,1018,0.696714,37,793,0.882488
143,28,1002,0.695822,27,996,0.706924,37,787,0.882955
144,27,1014,0.682836,26,1016,0.688372,37,785,0.879044
145,26,977,0.70373,26,991,0.700645,38,768,0.89218
146,28,989,0.690455,27,1004,0.686952,39,772,0.881508
147,27,980,0.692037,26,995,0.68837,38,763,0.885771
148,27,981,0.686662,28,990,0.687127,38,764,0.878642
149,28,981,0.682054,28,983,0.687314,37,756,0.88192
150,27,970,0.685166,28,974,0.688959,37,756,0.87604
151,28,968,0.682031,26,965,0.690698,37,743,0.885363
152,27,968,0.677543,26,971,0.681968,38,743,0.879538
153,27,960,0.678707,33,959,0.68588,39,737,0.880855
154,32,944,0.685692,35,955,0.684245,40,734,0.878688
155,31,950,0.676979,30,959,0.67703,43,722,0.88743
156,30,945,0.676187,29,945,0.68253,40,720,0.884173
157,29,953,0.666258,29,956,0.670477,40,721,0.877332
158,28,930,0.678362,27,948,0.671785,37,716,0.877824
159,30,930,0.674095,29,927,0.682491,37,703,0.88832
160,28,922,0.675676,26,924,0.6804,40,701,0.885269
161,28,922,0.671479,27,919,0.679808,38,707,0.872357
162,28,917,0.670961,28,917,0.677067,38,694,0.883096
163,28,913,0.669756,28,912,0.676556,39,691,0.881461
164,29,912,0.6664,28,919,0.667372,37,682,0.887563
165,34,887,0.680967,28,898,0.678647,38,687,0.87581
166,28,888,0.676105,27,883,0.685877,38,670,0.892459
167,28,873,0.683564,26,883,0.68177,38,679,0.875442
168,27,883,0.671826,26,883,0.677711,37,668,0.884455
169,28,876,0.673169,28,875,0.679786,39,671,0.875319
170,29,879,0.666933,27,879,0.672749,39,663,0.880592
171,30,875,0.666054,28,858,0.684985,38,658,0.882044
172,28,860,0.673691,27,870,0.671721,37,649,0.888984
173,29,845,0.681645,29,860,0.67551,38,651,0.88115
174,28,850,0.673755,26,847,0.681812,38,644,0.885536
175,27,840,0.677851,28,842,0.681893,40,644,0.880475
176,30,839,0.6748,30,838,0.681217,39,642,0.878179
177,31,829,0.679053,28,832,0.682195,39,634,0.88415
178,28,828,0.67605,27,846,0.667269,37,636,0.87644
179,29,830,0.670659,29,833,0.673772,38,625,0.886761
180,29,817,0.677507,28,814,0.685482,38,621,0.887469
181,29,820,0.671308,29,836,0.663965,39,623,0.879755
182,28,821,0.666809,27,820,0.673047,38,624,0.87353
183,28,826,0.659165,28,823,0.666958,39,613,0.88422
184,28,802,0.675128,27,806,0.677158,38,613,0.879415
185,29,806,0.668159,27,818,0.663739,38,611,0.877501
186,30,789,0.678831,27,798,0.67652,37,596,0.894566
187,31,802,0.664297,28,810,0.663049,38,604,0.878094
188,30,800,0.66241,30,804,0.664386,40,598,0.882114
189,29,794,0.663865,29,786,0.675834,48,596,0.880367
190,30,779,0.673038,31,791,0.668076,42,595,0.877193
191,30,780,0.668659,32,779,0.674696,39,591,0.878457
192,30,774,0.670313,28,779,0.671182,39,589,0.876824
193,29,766,0.673777,29,770,0.675418,39,584,0.879685
194,28,764,0.672052,27,762,0.67891,38,583,0.876639
195,28,755,0.676544,29,753,0.683422,38,575,0.884173
196,30,753,0.674873,27,752,0.680828,43,575,0.879662
197,29,738,0.685039,28,743,0.685483,39,570,0.882807
198,30,727,0.69185,28,745,0.680211,39,564,0.887611
199,30,731,0.684622,28,733,0.687746,39,564,0.88315
200,27,720,0.691563,29,727,0.68989,37,557,0.88968
201,28,712,0.695822,29,717,0.695923,37,560,0.880553
202,29,706,0.698236,27,713,0.696319,39,554,0.885598
203,28,698,0.702726,28,706,0.699681,40,553,0.882815
204,31,700,0.697292,29,715,0.687585,38,552,0.880065
205,29,702,0.691922,28,695,0.703697,37,542,0.891782
206,28,691,0.699477,26,697,0.698294,37,543,0.885834
207,28,693,0.694097,26,691,0.700887,37,540,0.886407
208,28,686,0.697778,27,691,0.697517,37,530,0.898634
209,28,675,0.705706,28,662,0.724244,39,532,0.891004
210,29,667,0.710732,28,675,0.707066,38,532,0.886761
211,29,659,0.715912,30,667,0.712061,37,528,0.889181
212,29,671,0.699849,27,670,0.705564,38,525,0.889996
213,26,667,0.700722,27,656,0.71707,40,528,0.880832
214,32,653,0.712332,32,645,0.725756,39,523,0.885018
215,29,653,0.709019,30,646,0.721274,47,517,0.891027
216,30,642,0.717772,28,653,0.710324,38,521,0.880158
217,27,653,0.702484,29,648,0.712445,40,517,0.882815
218,29,639,0.71451,28,647,0.710261,37,509,0.892443
219,28,643,0.706844,28,632,0.723611,38,516,0.876432
220,27,634,0.713572,28,643,0.708134,38,511,0.880902
221,28,632,0.712581,30,634,0.714826,38,505,0.887233
222,29,619,0.724197,26,635,0.710497,38,501,0.890218
223,32,621,0.718639,29,619,0.72539,39,504,0.881003
224,32,611,0.727082,27,618,0.723308,38,502,0.88053
225,30,614,0.720331,29,617,0.721247,40,497,0.885347
226,27,619,0.711379,29,615,0.720365,37,491,0.892092
227,28,609,0.719818,29,618,0.713749,38,488,0.893567
228,28,607,0.719011,29,609,0.721004,39,488,0.889648
229,28,596,0.729017,28,612,0.714375,38,488,0.885763
230,28,590,0.733192,27,600,0.725337,39,487,0.883704
231,29,604,0.71318,29,604,0.717466,39,484,0.885277
232,28,595,0.720793,26,602,0.716721,37,482,0.885081
233,27,592,0.721319,27,594,0.723151,37,473,0.897876
234,28,597,0.712251,28,592,0.722466,39,480,0.881135
235,27,589,0.718804,27,590,0.721804,38,475,0.886525
236,28,583,0.723087,29,588,0.721163,39,475,0.882768
237,29,582,0.721267,29,586,0.720545,38,469,0.893943
238,28,575,0.726934,27,582,0.722395,37,465,0.897795
239,28,575,0.723893,26,579,0.723059,36,466,0.892132
240,27,566,0.732279,27,570,0.73129,38,461,0.897989
241,29,571,0.722888,26,569,0.729522,38,458,0.900082
242,30,574,0.716158,29,572,0.722738,38,456,0.900268
243,27,560,0.730946,28,562,0.73243,39,465,0.879322
244,28,564,0.722815,27,562,0.729428,37,460,0.885175
245,29,561,0.723694,27,561,0.727732,37,456,0.889245
246,29,558,0.724606,26,560,0.726054,39,450,0.89736
247,29,554,0.726855,26,552,0.733479,36,454,0.885904
248,29,561,0.714939,28,564,0.715146,38,450,0.890123
249,28,555,0.719725,28,552,0.727588,37,449,0.88851
250,28,558,0.713012,28,560,0.714437,38,440,0.902935
251,27,552,0.717849,26,547,0.728316,42,444,0.891289
252,34,555,0.711157,31,553,0.71764,42,436,0.90393
253,29,538,0.730604,28,541,0.730484,38,439,0.894246
254,30,544,0.719745,30,545,0.722326,38,439,0.890726
255,29,534,0.730273,28,542,0.723432,37,437,0.891266
256,27,539,0.72071,29,538,0.725905,38,433,0.895929
257,29,534,0.72459,28,537,0.724413,36,437,0.88433
258,28,535,0.72044,27,532,0.72832,36,435,0.884924
259,28,531,0.723034,27,531,0.726852,37,423,0.906339
260,27,534,0.71623,28,534,0.72004,37,430,0.888257
261,28,527,0.722909,28,531,0.721282,37,429,0.886902
262,28,526,0.721511,28,529,0.721223,38,422,0.898069
263,29,523,0.722867,29,525,0.723895,37,425,0.888383
264,27,520,0.72426,27,522,0.72526,37,420,0.89548
265,29,520,0.721527,27,523,0.721149,37,418,0.896338
266,27,518,0.721574,27,516,0.728085,37,422,0.884564
267,30,521,0.714755,27,520,0.719839,38,411,0.904666
268,28,515,0.720337,28,512,0.728235,37,418,0.886305
269,30,517,0.714898,28,515,0.721347,38,413,0.893623
270,28,519,0.709522,33,519,0.713197,37,412,0.892459
271,27,514,0.71374,29,511,0.721567,38,411,0.891313
272,29,511,0.715267,28,514,0.714764,39,410,0.890187
273,29,512,0.711263,28,515,0.710778,41,411,0.884783
274,31,518,0.700506,28,515,0.708184,38,407,0.890155
275,28,510,0.708843,27,510,0.712451,38,404,0.893455
276,28,509,0.707654,27,513,0.705763,37,402,0.894614
277,28,508,0.706479,29,510,0.707307,40,398,0.900276
278,30,511,0.699829,28,508,0.707507,38,397,0.899281
279,27,513,0.694618,27,515,0.695493,38,398,0.893823
280,29,508,0.69891,27,506,0.705199,38,393,0.901876
281,28,507,0.697788,28,509,0.698593,39,396,0.891909
282,27,511,0.689903,28,509,0.696116,43,393,0.89548
283,28,509,0.69015,30,506,0.697724,43,393,0.892315
284,32,508,0.689066,29,504,0.697996,38,388,0.900544
285,31,508,0.686648,29,504,0.695547,38,388,0.897384
286,29,506,0.686936,29,505,0.691757,40,380,0.912925
287,28,505,0.68589,27,503,0.692058,40,392,0.882106
288,28,507,0.680828,26,503,0.689655,38,386,0.892602
289,28,504,0.682487,28,507,0.681905,37,380,0.903448
290,27,504,0.680133,27,502,0.686248,38,386,0.886446
291,26,506,0.675133,31,503,0.682545,41,381,0.894903
292,29,500,0.680846,29,503,0.680207,40,380,0.894166
293,29,504,0.673169,31,502,0.679221,42,380,0.891115
294,33,502,0.673537,29,502,0.676911,44,379,0.890409
295,32,506,0.665978,29,502,0.674617,39,376,0.894414
296,30,505,0.665035,28,503,0.671015,39,369,0.908166
297,29,501,0.668056,28,500,0.672725,38,372,0.897868
298,27,500,0.667138,29,502,0.667825,39,371,0.897247
299,29,500,0.664907,27,496,0.673554,38,372,0.891862
300,28,500,0.662691,27,502,0.663373,38,369,0.896057
301,28,498,0.663126,27,498,0.666421,37,370,0.890686
302,27,499,0.659613,30,497,0.665536,42,363,0.904715
303,30,499,0.657436,29,499,0.66071,36,365,0.896829
304,28,497,0.657895,29,499,0.658537,38,364,0.896314
305,29,495,0.658371,30,493,0.664278,40,362,0.898271
306,30,495,0.65622,29,494,0.660782,38,365,0.888036
307,29,489,0.662059,29,487,0.667992,38,361,0.894871
308,29,490,0.658571,28,491,0.660458,40,364,0.884674
309,28,486,0.661809,27,485,0.666375,37,358,0.896467
310,28,488,0.656987,26,490,0.657521,37,359,0.891107
311,28,487,0.656211,27,483,0.664801,38,354,0.900682
312,28,487,0.654108,27,487,0.657287,37,362,0.878117
313,31,487,0.652018,29,485,0.657859,37,351,0.902511
314,27,487,0.649942,29,487,0.6531,37,356,0.887107
315,26,483,0.653211,26,483,0.656359,37,349,0.901876
316,27,481,0.653834,27,483,0.654282,37,345,0.909355
317,28,483,0.649089,27,485,0.649558,37,350,0.893647
318,28,484,0.64572,28,481,0.652841,38,347,0.898473
319,27,482,0.64635,27,484,0.646804,37,348,0.893104
320,27,484,0.641684,28,483,0.646103,36,346,0.895415
321,27,483,0.641001,27,483,0.644091,37,347,0.890076
322,28,480,0.642979,27,483,0.64209,37,344,0.894983
323,26,481,0.639664,31,482,0.641416,39,342,0.897384
324,28,482,0.636375,27,479,0.643397,38,343,0.892029
325,29,480,0.637044,28,478,0.642744,39,346,0.88164
326,29,480,0.63509,28,482,0.635513,37,337,0.902201
327,27,478,0.63578,26,475,0.642803,37,340,0.891576
328,29,477,0.635163,27,479,0.635551,37,339,0.891456
329,29,471,0.641248,27,476,0.637568,38,336,0.896612
330,28,468,0.643376,26,472,0.640963,38,335,0.896539
331,28,470,0.638721,28,476,0.633716,38,336,0.891194
332,28,470,0.636797,27,470,0.639783,38,341,0.875595
333,28,469,0.636229,27,468,0.640558,40,336,0.885842
334,28,466,0.638382,28,470,0.635952,37,334,0.888431
335,27,465,0.637836,27,470,0.634054,39,328,0.901835
336,28,464,0.6373,29,466,0.637533,38,326,0.904617
337,30,460,0.640898,27,466,0.635641,38,333,0.883143
338,28,458,0.641774,27,463,0.637822,38,331,0.885802
339,29,465,0.63031,28,464,0.634585,38,325,0.899345
340,32,453,0.644995,28,464,0.632718,37,326,0.893975
341,28,457,0.637511,28,459,0.637659,39,328,0.885967
342,33,458,0.634268,29,455,0.641321,37,327,0.886054
343,30,462,0.626979,28,455,0.639452,41,323,0.89431
344,34,457,0.631951,29,458,0.633462,41,324,0.888984
345,30,457,0.63012,29,454,0.637129,39,325,0.883704
346,28,457,0.628299,29,457,0.631164,38,321,0.892029
347,28,452,0.633372,28,452,0.636229,38,317,0.900576
348,29,454,0.628788,26,452,0.634401,36,320,0.889648
349,29,449,0.633922,27,452,0.632583,38,316,0.898222
350,29,451,0.629327,27,449,0.634943,37,317,0.892857
351,29,448,0.631708,28,448,0.634532,38,312,0.904445
352,27,445,0.634131,28,450,0.629948,38,316,0.890567
353,27,444,0.63375,27,446,0.633734,37,315,0.890837
354,28,437,0.642013,27,443,0.636176,37,315,0.88832
355,27,438,0.638753,26,442,0.635803,38,317,0.880282
356,27,439,0.635518,28,438,0.639742,39,308,0.903212
357,27,436,0.638068,27,439,0.636513,37,314,0.883634
358,28,432,0.642137,26,432,0.644905,37,309,0.895287
359,27,430,0.643306,28,435,0.638722,37,308,0.895664
360,27,426,0.647501,27,430,0.644271,38,308,0.893176
361,28,431,0.638268,27,428,0.645455,37,306,0.896467
362,26,425,0.645428,27,431,0.639242,37,305,0.896893
363,27,428,0.63917,28,424,0.647886,37,306,0.891528
364,29,419,0.651008,29,420,0.65219,41,303,0.897795
365,36,417,0.652316,27,420,0.650403,38,304,0.892419
366,29,414,0.655214,28,420,0.648626,40,304,0.889981
367,28,414,0.653428,28,418,0.649919,37,302,0.893376
368,27,412,0.654793,27,415,0.652785,37,302,0.890948
369,27,409,0.657774,28,415,0.651016,37,299,0.89736
370,28,412,0.651254,27,408,0.660268,37,299,0.894935
371,27,408,0.655819,27,411,0.653736,38,299,0.892522
372,27,397,0.672043,27,406,0.659917,38,298,0.89308
373,27,399,0.666907,27,397,0.672895,39,297,0.893655
374,28,392,0.676911,27,399,0.667771,37,295,0.897247
375,28,399,0.66335,28,402,0.661077,36,295,0.894855
376,29,388,0.680198,31,395,0.670868,39,296,0.88949
377,29,394,0.668141,28,391,0.675854,40,293,0.896122
378,29,388,0.676599,30,391,0.674066,39,287,0.912242
379,30,397,0.659631,30,392,0.670592,40,293,0.891393
380,30,382,0.683527,27,394,0.665471,38,290,0.89815
381,28,392,0.664474,28,383,0.682564,37,290,0.895792
382,27,379,0.687087,27,386,0.675547,39,292,0.88739
383,27,378,0.687096,28,387,0.672063,38,289,0.894166
384,28,373,0.694444,27,375,0.693351,38,289,0.891838
385,31,383,0.67465,28,386,0.670283,38,290,0.886486
386,28,370,0.696418,26,381,0.678993,37,289,0.887217
387,28,375,0.685406,27,373,0.691631,43,289,0.884924
388,28,368,0.696573,27,367,0.701024,38,284,0.898021
389,28,373,0.685518,27,374,0.686252,38,283,0.898844
390,28,376,0.678334,28,373,0.686311,37,287,0.884173
391,28,368,0.691228,27,371,0.688213,38,286,0.884964
392,28,363,0.69891,27,370,0.688295,37,282,0.895095
393,28,370,0.684013,28,364,0.697757,37,285,0.883517
394,28,362,0.697272,28,366,0.692218,37,278,0.903228
395,27,365,0.689822,28,362,0.698025,40,281,0.891424
396,29,357,0.703413,27,365,0.690591,37,278,0.898666
397,29,360,0.695826,28,357,0.704146,40,274,0.909347
398,29,360,0.694078,29,365,0.687121,39,281,0.884705
399,27,359,0.694256,30,357,0.700616,39,278,0.891909
400,27,348,0.714286,28,356,0.70081,38,277,0.892857
401,27,347,0.714546,28,357,0.697122,37,273,0.903538
402,27,344,0.718949,27,347,0.715242,38,277,0.888415
403,26,343,0.719243,27,350,0.707408,37,276,0.889387
404,28,345,0.713328,28,344,0.71785,38,274,0.893591
405,29,343,0.715692,28,344,0.716078,39,272,0.897868
406,28,339,0.722303,27,343,0.716378,37,276,0.882815
407,26,338,0.722648,27,338,0.72509,37,272,0.893455
408,27,340,0.716661,27,344,0.710813,37,271,0.894518
409,27,332,0.732032,28,335,0.727946,39,270,0.8956
410,29,335,0.723746,28,333,0.730491,39,270,0.893416
411,27,334,0.724134,27,335,0.724404,39,266,0.904494
412,28,328,0.73551,27,333,0.726945,38,272,0.882613
413,30,330,0.729309,28,333,0.725185,39,268,0.893471
414,33,328,0.731957,28,332,0.725592,38,270,0.884783
415,27,329,0.727987,28,329,0.730383,38,268,0.889166
416,29,326,0.73288,28,326,0.735269,42,265,0.896958
417,31,326,0.731122,28,325,0.735742,40,261,0.908364
418,32,321,0.740664,28,324,0.736226,38,262,0.902772
419,29,323,0.734349,28,327,0.727793,39,264,0.893871
420,30,321,0.737137,27,320,0.741792,38,265,0.888415
421,28,316,0.746949,28,320,0.74003,40,263,0.892969
422,30,320,0.735922,30,320,0.738277,39,262,0.894214
423,30,316,0.743417,29,317,0.743436,38,260,0.898884
424,30,318,0.737028,31,315,0.746347,40,257,0.907112
425,30,312,0.749344,27,319,0.735342,37,257,0.904977
426,31,307,0.759682,27,312,0.749918,39,258,0.899394
427,28,311,0.748217,28,313,0.745794,38,259,0.893863
428,27,312,0.744092,27,312,0.746413,40,260,0.888383
429,29,311,0.744729,26,310,0.749432,39,257,0.896539
430,28,314,0.735943,28,313,0.740591,40,259,0.887626
431,28,308,0.748447,28,311,0.743579,38,255,0.899297
432,27,308,0.746714,27,308,0.749014,37,256,0.893751
433,28,305,0.75227,26,308,0.747285,39,258,0.884854
434,29,301,0.760445,26,305,0.752826,38,256,0.889632
435,28,303,0.753721,29,303,0.756005,40,253,0.897989
436,32,302,0.754466,29,304,0.751814,39,254,0.892443
437,29,300,0.757725,28,302,0.755013,38,252,0.897384
438,28,303,0.748559,27,302,0.753289,38,252,0.895335
439,27,295,0.766971,26,296,0.76666,38,251,0.896813
440,32,301,0.750075,27,299,0.757317,37,251,0.894775
441,27,294,0.766072,27,294,0.768324,37,251,0.892746
442,28,291,0.772165,27,294,0.766586,38,251,0.890726
443,27,294,0.762614,28,296,0.759738,38,251,0.888715
444,27,293,0.763475,27,295,0.760571,38,249,0.893751
445,27,293,0.76176,27,292,0.766583,36,247,0.898876
446,26,291,0.76524,27,295,0.757161,37,248,0.893288
447,29,289,0.768775,28,292,0.763153,38,247,0.894855
448,29,287,0.772368,26,288,0.771921,37,248,0.8893
449,29,286,0.773323,28,287,0.772859,39,246,0.894446
450,28,286,0.771605,28,286,0.773812,37,251,0.874891
451,28,285,0.772577,27,285,0.774778,38,246,0.89048
452,27,287,0.765533,27,285,0.773064,37,243,0.899345
453,27,287,0.763843,26,289,0.760785,38,245,0.890123
454,28,285,0.767471,26,286,0.766994,37,242,0.899038
455,27,282,0.773874,27,281,0.778791,39,243,0.893416
456,27,283,0.769468,27,286,0.76363,39,247,0.877193
457,29,281,0.77321,28,281,0.775383,38,245,0.882332
458,28,280,0.774257,28,278,0.781956,39,240,0.898521
459,27,282,0.76713,27,283,0.766602,38,243,0.88563
460,27,281,0.768167,26,282,0.767621,37,241,0.890948
461,27,279,0.771956,27,280,0.771373,37,237,0.903832
462,28,280,0.767554,27,279,0.772435,38,242,0.88347
463,28,278,0.771367,27,279,0.770766,38,245,0.870898
464,28,279,0.766965,29,279,0.769105,38,238,0.894262
465,28,277,0.770802,27,278,0.770184,38,238,0.892339
466,27,278,0.766401,27,277,0.771278,37,237,0.894134
467,27,278,0.76476,27,275,0.775168,39,233,0.907342
468,26,274,0.774186,26,274,0.776307,36,236,0.894039
469,28,276,0.766977,28,276,0.769094,38,235,0.895881
470,28,273,0.773694,27,275,0.77022,38,236,0.890234
471,28,270,0.780567,28,272,0.776977,39,234,0.895841
472,27,275,0.764853,27,274,0.769728,37,233,0.897731
473,27,271,0.774419,27,270,0.779365,37,233,0.895833
474,29,271,0.772786,26,269,0.780583,38,231,0.901583
475,29,272,0.768344,27,272,0.770434,37,231,0.899685
476,29,272,0.76673,29,270,0.774453,40,229,0.905535
477,28,266,0.782252,29,265,0.787263,42,228,0.907548
478,29,264,0.786485,28,265,0.785616,39,230,0.897876
479,27,263,0.787805,28,264,0.786915,39,230,0.896001
480,29,266,0.777363,28,266,0.779431,38,231,0.890313
481,27,263,0.784529,28,264,0.783643,38,230,0.892276
482,29,262,0.785867,28,262,0.787926,39,233,0.879105
483,28,262,0.78424,28,262,0.786295,40,225,0.908067
484,28,266,0.770939,28,265,0.775877,41,226,0.902234
485,30,263,0.778059,29,261,0.786022,39,227,0.896459
486,29,265,0.770642,27,264,0.775581,37,226,0.898521
487,27,266,0.76619,27,263,0.776901,37,224,0.904576
488,28,267,0.761777,28,266,0.766653,37,224,0.902723
489,28,263,0.771694,28,263,0.773724,37,226,0.893009
490,28,263,0.770119,26,261,0.778001,38,225,0.895095
491,27,263,0.768551,28,262,0.773483,37,226,0.889371
492,29,262,0.769894,27,261,0.774838,38,225,0.891456
493,28,261,0.771254,27,262,0.770345,39,225,0.889648
494,28,263,0.763884,28,263,0.765893,37,224,0.891758
495,28,262,0.765228,27,261,0.770142,38,220,0.90592
496,26,261,0.766589,26,262,0.765686,37,224,0.888163
497,28,262,0.762149,26,260,0.769963,39,222,0.894254
498,27,261,0.76351,27,260,0.768417,39,222,0.892459
499,27,259,0.767819,26,262,0.761083,39,219,0.902706
500,29,261,0.760456,27,260,0.765344,37,218,0.904977
501,30,259,0.764754,27,261,0.760919,40,219,0.899103
502,29,258,0.766166,28,258,0.768143,39,219,0.897312
503,31,261,0.755921,29,260,0.760779,38,219,0.895528
504,28,257,0.766072,27,258,0.765095,39,218,0.897795
505,27,258,0.761615,26,259,0.760662,40,214,0.912534
506,28,257,0.763044,28,257,0.765005,40,219,0.890218
507,30,258,0.75861,28,258,0.760567,38,219,0.888462
508,29,258,0.757117,28,257,0.761993,43,218,0.890726
509,29,257,0.758547,25,258,0.757579,37,219,0.884971
510,28,258,0.754148,27,258,0.756094,37,216,0.895335
511,27,259,0.749788,27,257,0.75752,37,216,0.893583
512,27,259,0.748324,27,259,0.750262,39,217,0.887784
513,28,256,0.75555,29,256,0.757484,40,218,0.882044
514,28,257,0.751168,28,257,0.753099,39,214,0.896555
515,29,257,0.749709,27,257,0.751636,37,214,0.894815
516,27,257,0.748257,27,257,0.75018,37,214,0.89308
517,29,256,0.749704,28,256,0.751623,36,212,0.899645
518,28,255,0.751168,27,256,0.750172,39,211,0.902104
519,30,255,0.749721,28,255,0.751633,39,210,0.904593
520,28,255,0.748279,27,255,0.750187,38,213,0.890313
521,28,255,0.746843,27,255,0.748747,37,214,0.88451
522,29,255,0.745412,25,255,0.747313,37,211,0.895191
523,27,255,0.743987,27,255,0.745884,38,210,0.897674
524,27,255,0.742567,27,255,0.74446,37,211,0.891774
525,27,255,0.741152,27,255,0.743042,39,212,0.885936
526,28,255,0.739743,27,255,0.74163,38,209,0.896764
527,28,255,0.73834,26,255,0.740223,39,208,0.899305
528,27,256,0.734085,27,255,0.738821,38,207,0.901876
529,27,255,0.735548,27,255,0.737424,40,210,0.887493
530,27,256,0.731315,26,257,0.730364,37,206,0.902772
531,28,255,0.732778,26,255,0.734646,37,206,0.901071
532,27,255,0.7314,27,256,0.730431,38,208,0.890853
533,28,255,0.730028,27,255,0.73189,38,209,0.884987
534,28,255,0.728661,27,255,0.730519,38,207,0.891742
535,28,255,0.727299,26,255,0.729154,38,207,0.890076
536,27,255,0.725942,27,255,0.727793,37,205,0.896958
537,28,255,0.72459,26,255,0.726438,37,203,0.903979
538,27,255,0.723244,28,255,0.725088,39,208,0.880918
539,29,255,0.721902,28,255,0.723743,39,209,0.875136
540,32,255,0.720565,30,255,0.722402,41,202,0.903342
541,28,255,0.719233,29,255,0.721067,38,203,0.897296
542,28,255,0.717906,26,255,0.719737,38,203,0.89564
543,27,255,0.716584,26,255,0.718411,39,205,0.885395
544,27,255,0.715267,27,255,0.717091,40,203,0.892347
545,31,255,0.713954,27,255,0.715775,39,204,0.886407
546,27,255,0.712647,31,255,0.714464,41,203,0.889079
547,30,255,0.711344,30,255,0.713158,40,202,0.891782
548,28,255,0.710046,28,255,0.711856,38,203,0.885834
549,29,255,0.708752,28,255,0.71056,38,202,0.888533
550,29,255,0.707464,28,255,0.709268,42,197,0.909091
551,30,255,0.70618,28,255,0.707981,44,204,0.876755
552,32,255,0.7049,29,255,0.706698,38,200,0.892411
553,27,255,0.703626,29,255,0.70542,40,199,0.895207
554,31,255,0.702356,29,255,0.704147,38,203,0.87624
555,28,255,0.70109,27,255,0.702878,39,201,0.883236
556,29,255,0.699829,32,255,0.701614,40,199,0.890377
557,30,255,0.698573,27,255,0.700354,40,196,0.902177
558,29,255,0.697321,27,255,0.699099,38,200,0.882815
559,28,255,0.696073,28,255,0.697848,38,197,0.894454
560,29,255,0.69483,28,255,0.696602,40,196,0.897344
561,27,255,0.693592,27,255,0.695361,37,196,0.895744
562,31,255,0.692358,29,255,0.694123,38,194,0.903228
563,29,255,0.691128,27,255,0.69289,38,197,0.888099
564,29,255,0.689903,27,255,0.691662,39,194,0.900025
565,30,255,0.688682,31,255,0.690438,40,191,0.912326
566,29,255,0.687465,28,255,0.689218,40,199,0.874646
567,30,255,0.686252,28,255,0.688002,38,191,0.909107
568,28,255,0.685044,27,255,0.686791,40,195,0.889173
569,29,255,0.68384,28,255,0.685584,40,195,0.887611
570,30,254,0.685307,27,255,0.684381,39,192,0.899685
571,28,255,0.681445,28,255,0.683183,39,191,0.902739
572,28,254,0.682911,28,255,0.681988,40,194,0.887437
573,29,255,0.679066,27,255,0.680798,37,193,0.890409
574,27,255,0.677883,27,255,0.679612,39,194,0.884345
575,30,255,0.676704,27,255,0.67843,39,194,0.882807
576,27,255,0.67553,29,255,0.677252,38,195,0.876824
577,28,255,0.674359,28,255,0.676078,38,190,0.89798
578,28,255,0.673192,27,255,0.674909,38,192,0.887233
579,28,255,0.672029,28,255,0.673743,39,189,0.899539
580,28,255,0.670871,33,255,0.672582,39,189,0.897989
581,28,255,0.669716,26,255,0.671424,38,191,0.887201
582,28,255,0.668565,26,255,0.67027,39,187,0.904323
583,27,254,0.670026,26,255,0.669121,39,187,0.902772
584,28,255,0.666276,27,254,0.670577,43,186,0.905994
585,32,254,0.667735,29,254,0.669431,40,192,0.876616
586,28,255,0.664002,28,254,0.668289,39,191,0.879631
587,28,254,0.66546,26,255,0.664561,38,183,0.915902
588,27,254,0.664328,27,254,0.666016,38,187,0.895095
589,27,254,0.6632,27,254,0.664885,37,187,0.893575
590,28,254,0.662076,28,254,0.663758,41,183,0.911245
591,29,254,0.660956,26,255,0.660063,38,188,0.885889
592,28,254,0.65984,28,254,0.661516,39,186,0.893751
593,28,254,0.658727,27,255,0.657837,36,186,0.892244
594,30,254,0.657618,27,254,0.659288,38,186,0.890742
595,27,255,0.653958,27,255,0.655626,38,184,0.898755
596,28,255,0.652861,27,255,0.654526,37,184,0.897247
597,27,255,0.651767,27,255,0.653429,37,185,0.89098
598,27,255,0.650677,27,255,0.652337,38,185,0.88949
599,28,255,0.649591,27,254,0.653785,40,185,0.888005
600,27,255,0.648508,28,255,0.650162,44,184,0.891266
601,30,255,0.647429,27,255,0.64908,40,183,0.894566
602,28,255,0.646354,27,255,0.648002,39,183,0.89308
603,31,255,0.645282,28,255,0.646927,39,184,0.886831
604,28,255,0.644214,28,255,0.645856,39,185,0.880654
605,29,255,0.643149,27,255,0.644789,42,182,0.893455
606,29,253,0.647124,30,255,0.643725,40,183,0.887185
607,29,255,0.64103,29,255,0.642664,41,184,0.880987
608,27,253,0.644995,27,255,0.641607,39,180,0.898763
609,27,255,0.638925,28,255,0.640554,38,182,0.887587
610,28,254,0.640369,28,255,0.639504,38,183,0.881368
611,29,255,0.636833,27,255,0.638457,39,179,0.899264
612,29,254,0.638276,27,255,0.637414,37,182,0.883236
613,29,255,0.634755,29,255,0.636374,39,180,0.891432
614,27,254,0.636197,26,255,0.635338,38,181,0.885144
615,27,255,0.632691,26,255,0.634305,38,181,0.883704
616,27,255,0.631664,27,255,0.633275,38,175,0.912009
617,28,255,0.63064,28,255,0.632248,43,176,0.905444
618,28,254,0.632079,28,255,0.631225,38,179,0.889079
619,28,255,0.628603,28,255,0.630206,39,176,0.902519
620,28,255,0.627589,27,255,0.629189,38,181,0.876578
621,28,255,0.626578,26,255,0.628176,39,179,0.884783
622,29,254,0.628014,27,255,0.627166,37,176,0.898166
623,28,254,0.627006,28,255,0.626159,38,177,0.891742
624,28,254,0.626002,27,254,0.627592,40,175,0.900317
625,29,254,0.625,28,255,0.624156,39,175,0.898876
626,28,254,0.624002,28,254,0.625587,38,175,0.89744
627,27,253,0.62545,28,255,0.622165,41,172,0.911369
628,28,253,0.624454,27,252,0.628492,39,176,0.889585
629,27,253,0.623461,28,254,0.622603,38,175,0.89316
630,28,254,0.62004,28,253,0.624046,40,173,0.901876
631,28,253,0.621485,29,253,0.623057,42,175,0.890329
632,30,253,0.620501,27,253,0.622071,39,174,0.893943
633,28,255,0.6147,28,255,0.616267,38,173,0.897602
634,27,253,0.618544,27,255,0.615295,38,175,0.886116
635,29,253,0.61757,28,255,0.614326,38,174,0.889719
636,28,253,0.616599,27,253,0.618159,40,170,0.90886
637,28,253,0.615631,27,255,0.612398,38,177,0.872144
638,28,253,0.614666,27,253,0.616221,38,175,0.880561
639,28,255,0.608928,27,255,0.610481,38,174,0.88415
640,30,253,0.612745,29,253,0.614295,39,172,0.892857
641,28,253,0.611789,28,255,0.608576,39,173,0.886399
642,30,253,0.610836,27,253,0.612382,38,170,0.900366
643,28,255,0.60514,28,255,0.606683,38,170,0.898965
644,28,254,0.606561,27,255,0.605741,39,171,0.892411
645,28,254,0.60562,27,255,0.604802,37,170,0.896178
646,27,252,0.609444,27,254,0.606219,38,168,0.905256
647,28,255,0.601399,27,255,0.602932,36,173,0.878179
648,28,254,0.602816,27,255,0.602002,40,168,0.902462
649,29,255,0.599546,27,253,0.605777,38,169,0.895833
650,29,251,0.608088,27,255,0.60015,40,170,0.889284
651,28,251,0.607153,28,254,0.601562,40,170,0.887918
652,27,251,0.606222,27,251,0.607744,37,165,0.912942
653,28,251,0.605294,27,251,0.606813,38,169,0.890345
654,29,252,0.601989,27,251,0.605885,38,167,0.899442
655,27,251,0.603446,27,252,0.602585,39,165,0.90876
656,29,250,0.604917,27,250,0.606429,39,164,0.912809
657,28,251,0.601609,28,251,0.603119,39,166,0.900633
658,28,250,0.603078,28,250,0.604586,37,168,0.888747
659,28,252,0.597422,27,250,0.603668,38,169,0.882239
660,28,251,0.598874,27,252,0.59802,37,167,0.891266
661,27,250,0.600341,27,250,0.601842,38,164,0.905904
662,30,248,0.60423,28,248,0.605728,40,165,0.899151
663,29,248,0.603318,28,248,0.604814,39,163,0.908612
664,28,245,0.609726,28,244,0.613699,37,164,0.901811
665,29,247,0.603919,28,246,0.607846,39,166,0.889798
666,26,245,0.607895,27,245,0.609385,38,164,0.899103
667,29,243,0.611939,26,240,0.621012,37,164,0.897755
668,27,245,0.606075,28,243,0.612508,39,165,0.891075
669,28,244,0.607629,28,245,0.606652,39,162,0.90592
670,31,242,0.611696,28,241,0.615693,42,165,0.888415
671,29,244,0.605818,27,245,0.604844,38,163,0.897779
672,28,243,0.607386,26,244,0.606393,39,162,0.901876
673,28,243,0.606483,27,243,0.607957,37,163,0.895111
674,27,242,0.608065,28,243,0.607055,38,164,0.888431
675,29,243,0.604686,28,240,0.613652,40,163,0.892459
676,27,241,0.608761,28,243,0.605259,39,166,0.875319
677,28,240,0.610374,27,237,0.6195,40,165,0.879229
678,28,241,0.606966,28,240,0.610936,39,161,0.899345
679,28,239,0.611101,26,241,0.607532,38,160,0.90353
680,27,241,0.60518,27,239,0.611661,39,165,0.87535
681,27,240,0.606789,28,239,0.610763,37,159,0.906438
682,27,240,0.605899,27,240,0.607353,39,160,0.899556
683,28,239,0.607522,29,239,0.608974,39,164,0.876724
684,28,238,0.609162,27,239,0.608084,40,160,0.896925
685,28,238,0.608273,28,239,0.607196,38,161,0.890155
686,28,236,0.61249,27,238,0.608831,38,160,0.89431
687,28,235,0.614179,26,238,0.607945,37,158,0.904102
688,28,238,0.60562,27,235,0.614727,38,160,0.891711
689,29,237,0.607271,27,236,0.611262,39,160,0.890416
690,28,236,0.608939,28,237,0.607829,39,162,0.878349
691,28,235,0.610624,27,237,0.606949,40,155,0.915935
692,28,236,0.607179,27,235,0.611174,39,158,0.897569
693,27,236,0.606303,27,236,0.607734,41,158,0.896274
694,27,234,0.61056,27,236,0.606858,38,157,0.900576
695,28,232,0.614893,28,234,0.611108,39,158,0.893695
696,29,234,0.608806,28,236,0.605114,38,157,0.897989
697,28,232,0.613128,28,232,0.614551,38,160,0.880196
698,28,231,0.614878,27,234,0.608482,37,160,0.878935
699,28,234,0.606193,27,234,0.607611,39,155,0.905453
700,27,233,0.607903,26,234,0.606743,38,155,0.904159
701,27,233,0.607036,27,234,0.605878,39,159,0.880576
702,28,232,0.608761,28,233,0.607583,41,158,0.884783
703,29,231,0.610504,27,232,0.609306,41,156,0.894638
704,30,231,0.609637,27,231,0.611045,40,156,0.893368
705,25,229,0.614043,27,230,0.612803,38,155,0.897747
706,27,231,0.60791,28,231,0.609314,38,158,0.879771
707,28,231,0.60705,27,231,0.608453,37,157,0.884017
708,27,230,0.608806,28,230,0.610206,40,155,0.893943
709,28,229,0.610579,27,229,0.611977,39,157,0.881523
710,28,231,0.604485,27,229,0.611115,40,152,0.908678
711,28,231,0.603635,29,229,0.610256,38,152,0.9074
712,29,227,0.613316,27,230,0.606778,38,156,0.88333
713,28,227,0.612456,28,229,0.608544,39,151,0.91073
714,28,226,0.614281,27,227,0.612987,40,154,0.892077
715,27,228,0.608088,28,229,0.606842,38,154,0.890829
716,27,227,0.60989,29,227,0.611274,39,155,0.883954
717,28,230,0.601164,27,227,0.610422,40,151,0.905649
718,27,227,0.608191,28,226,0.612239,46,152,0.898553
719,31,228,0.604705,27,229,0.603466,39,152,0.897304
720,28,227,0.606502,28,228,0.605242,39,152,0.896057
721,32,227,0.605661,27,226,0.609692,40,149,0.912475
722,28,225,0.61015,27,226,0.608847,39,149,0.911212
723,29,226,0.606634,28,227,0.605356,39,155,0.875396
724,29,226,0.605796,27,225,0.609834,38,152,0.891107
725,27,225,0.607626,27,225,0.608993,38,150,0.90151
726,27,226,0.604127,28,225,0.608154,39,149,0.906191
727,27,224,0.608635,29,226,0.60466,40,149,0.904945
728,28,221,0.615976,28,224,0.609161,40,152,0.886211
729,29,222,0.612385,28,225,0.605651,40,152,0.884995
730,27,223,0.608828,28,223,0.610186,40,152,0.883783
731,27,223,0.607995,27,222,0.612065,37,151,0.888305
732,28,219,0.618154,27,222,0.611229,37,150,0.892889
733,27,220,0.61453,28,222,0.610395,38,150,0.891671
734,27,218,0.619272,28,221,0.612291,38,152,0.878966
735,27,222,0.607386,29,223,0.606035,38,150,0.889245
736,28,223,0.603865,27,222,0.607907,40,151,0.88227
737,28,222,0.605738,27,221,0.609799,40,149,0.892666
738,28,219,0.613128,26,221,0.608972,38,148,0.89736
739,28,218,0.615082,27,219,0.61364,37,149,0.89025
740,26,217,0.617055,26,218,0.61559,38,147,0.900901
741,28,217,0.616223,27,217,0.61756,39,149,0.887847
742,29,218,0.612595,27,217,0.616728,39,151,0.875136
743,28,217,0.614564,28,220,0.607593,39,147,0.897263
744,28,217,0.613738,28,217,0.61507,41,144,0.914344
745,28,214,0.621427,27,217,0.614244,38,145,0.906947
746,27,218,0.60931,28,217,0.613421,38,147,0.893655
747,28,216,0.614077,27,218,0.609821,40,149,0.880716
748,27,217,0.610456,27,218,0.609006,39,146,0.897247
749,28,216,0.612437,28,216,0.61376,39,148,0.884181
750,28,216,0.611621,27,217,0.610149,39,147,0.888889
751,30,215,0.613621,28,215,0.61494,38,145,0.899701
752,28,211,0.624313,27,215,0.614123,38,145,0.898505
753,29,215,0.611991,26,215,0.613307,39,145,0.897312
754,27,214,0.614009,28,215,0.612494,38,144,0.902218
755,30,215,0.61037,27,214,0.614508,40,146,0.888928
756,27,212,0.618108,27,214,0.613695,39,148,0.875994
757,28,212,0.617292,28,212,0.6186,39,147,0.880669
758,27,211,0.619371,26,211,0.620678,38,142,0.909835
759,28,211,0.618555,26,214,0.61127,38,144,0.896274
760,28,210,0.620655,27,209,0.6249,38,146,0.88308
761,27,211,0.61693,28,211,0.618232,38,145,0.887879
762,28,206,0.630931,28,210,0.620326,39,143,0.89886
763,27,210,0.618215,27,207,0.628387,38,145,0.885551
764,27,209,0.620332,28,209,0.621628,39,145,0.884392
765,28,207,0.62545,29,208,0.623766,39,143,0.895335
766,27,208,0.621659,26,208,0.622952,38,142,0.900333
767,28,205,0.629846,26,208,0.622139,39,142,0.899159
768,27,208,0.62004,27,207,0.624296,39,144,0.885771
769,27,205,0.628208,27,205,0.629496,38,141,0.903049
770,29,204,0.630438,27,205,0.628678,38,142,0.895656
771,27,206,0.623566,27,203,0.633976,39,140,0.907005
772,28,204,0.628804,28,207,0.621061,38,143,0.887217
773,27,203,0.631054,27,204,0.629272,38,142,0.89218
774,28,201,0.636448,27,201,0.637727,38,141,0.897215
775,28,196,0.651678,27,201,0.636904,40,140,0.902323
776,29,196,0.650838,28,200,0.639226,39,142,0.888731
777,28,198,0.643501,29,200,0.638404,40,140,0.900001
778,28,195,0.65246,27,197,0.647175,39,139,0.905174
779,28,200,0.635494,27,198,0.643119,39,138,0.910423
780,27,196,0.647501,28,197,0.645516,37,143,0.878117
781,27,199,0.63702,27,199,0.638287,38,140,0.895391
782,27,197,0.642599,27,197,0.643865,38,141,0.888036
783,28,195,0.648294,28,198,0.639834,39,140,0.893104
784,27,194,0.650771,27,194,0.652033,39,139,0.898247
785,28,192,0.656642,28,193,0.654535,38,140,0.890829
786,28,190,0.662638,29,195,0.647079,40,137,0.90876
787,28,192,0.654973,27,192,0.656231,39,137,0.907606
788,27,191,0.657531,26,193,0.652043,39,139,0.893687
789,27,190,0.660118,27,187,0.67185,38,140,0.886313
790,28,192,0.652486,28,194,0.647081,39,137,0.904159
791,28,192,0.651661,27,189,0.663148,40,137,0.903016
792,29,187,0.668056,27,190,0.658867,39,135,0.914947
793,28,189,0.660227,27,190,0.658036,39,141,0.875718
794,26,186,0.669918,26,188,0.664112,37,140,0.880731
795,28,188,0.662032,28,186,0.67032,39,140,0.879624
796,28,189,0.657739,27,188,0.662444,43,136,0.9038
797,28,187,0.663865,28,182,0.683146,40,134,0.915843
798,27,187,0.663033,27,190,0.653913,40,136,0.901534
799,28,184,0.672884,29,185,0.670524,40,137,0.893975
800,28,182,0.679348,27,182,0.680584,39,135,0.905797
801,27,183,0.674832,27,183,0.676067,39,139,0.879183
802,28,181,0.681357,26,183,0.675224,39,135,0.903538
803,28,179,0.688028,28,180,0.685479,38,137,0.889521
804,28,177,0.69485,28,177,0.69608,37,136,0.894807
805,29,176,0.697885,27,177,0.695215,39,138,0.881018
806,28,175,0.700958,26,176,0.698246,40,135,0.899054
807,28,175,0.700089,26,174,0.705292,39,135,0.89794
808,27,174,0.703195,27,173,0.708437,40,138,0.877747
809,28,175,0.698358,28,173,0.707561,38,135,0.89572
810,27,171,0.713623,26,173,0.706688,38,136,0.888178
811,29,170,0.716887,28,173,0.705816,40,136,0.887083
812,28,172,0.707774,27,172,0.708992,39,136,0.885991
813,27,171,0.71099,27,170,0.716339,38,136,0.884901
814,27,170,0.714245,27,171,0.711331,36,133,0.90331
815,29,169,0.71754,27,170,0.714581,37,136,0.882729
816,29,167,0.725142,26,168,0.722088,38,134,0.894518
817,29,168,0.719994,29,169,0.716993,42,132,0.906659
818,30,164,0.736442,27,167,0.724577,39,134,0.892331
819,28,167,0.722486,27,164,0.736749,38,134,0.891242
820,27,163,0.739098,28,165,0.731452,38,133,0.8967
821,28,163,0.738198,28,165,0.730561,38,133,0.895608
822,28,160,0.750954,27,165,0.729672,38,131,0.907869
823,28,163,0.736404,27,165,0.728785,40,134,0.88691
824,28,161,0.744535,28,160,0.75033,39,133,0.892347
825,28,162,0.739098,29,162,0.740296,39,132,0.897868
826,29,160,0.747317,28,161,0.743928,39,133,0.890187
827,28,162,0.737311,28,162,0.738505,38,131,0.90238
828,26,159,0.750143,27,159,0.751335,38,132,0.894614
829,27,159,0.749238,26,159,0.750429,38,133,0.886965
830,28,156,0.762544,28,156,0.763733,39,132,0.892459
831,28,158,0.752106,27,157,0.758024,38,133,0.88483
832,28,154,0.770464,27,159,0.747723,41,131,0.896958
833,28,155,0.764637,27,156,0.760983,39,129,0.909455
834,28,154,0.768616,27,157,0.755298,38,132,0.888178
835,28,153,0.772648,28,153,0.77383,39,131,0.893735
836,27,150,0.786955,28,153,0.772905,39,133,0.879538
837,28,153,0.770802,28,154,0.76704,42,128,0.912018
838,28,150,0.785077,28,149,0.791454,39,128,0.910929
839,29,149,0.789335,28,149,0.790511,38,128,0.909844
840,29,148,0.793651,27,150,0.784383,38,130,0.895095
841,28,150,0.782277,26,149,0.788631,38,130,0.894031
842,28,146,0.802465,28,150,0.78252,39,127,0.913576
843,28,149,0.785589,27,150,0.781591,39,130,0.891909
844,28,144,0.81153,29,148,0.791058,39,132,0.877655
845,28,145,0.805056,28,146,0.800784,39,127,0.910332
846,29,144,0.809612,28,144,0.810778,38,129,0.89548
847,28,143,0.814233,26,142,0.821051,37,130,0.887697
848,30,145,0.802208,26,145,0.803371,38,134,0.860763
849,28,143,0.812315,27,144,0.807913,37,126,0.913067
850,29,142,0.816993,28,142,0.818154,39,129,0.891266
851,28,143,0.810406,28,143,0.811564,40,129,0.890218
852,29,142,0.815076,28,144,0.805068,38,129,0.889173
853,28,142,0.81412,27,142,0.815276,38,130,0.881453
854,27,141,0.818853,27,142,0.814321,39,127,0.900739
855,28,139,0.829497,27,141,0.819049,39,127,0.899685
856,26,138,0.834446,27,139,0.82968,38,130,0.878364
857,27,140,0.821733,27,140,0.822884,41,127,0.897585
858,30,139,0.826597,30,139,0.827746,40,128,0.889696
859,27,139,0.825634,27,139,0.826782,39,127,0.895496
860,28,138,0.830565,26,139,0.825821,38,130,0.874279
861,27,141,0.812196,28,141,0.813341,38,127,0.893416
862,29,138,0.828638,26,139,0.823904,40,126,0.899297
863,27,139,0.821807,27,140,0.817163,40,124,0.9124
864,28,137,0.832667,29,139,0.821997,40,128,0.883517
865,28,137,0.831705,28,141,0.80958,39,124,0.910291
866,28,136,0.836764,27,137,0.831882,39,124,0.90924
867,28,137,0.829786,26,140,0.813392,39,125,0.901096
868,28,135,0.84093,27,135,0.842065,42,126,0.89308
869,29,137,0.827876,28,138,0.823097,39,126,0.892053
870,29,135,0.838997,28,135,0.840129,40,122,0.91954
871,27,136,0.831961,27,137,0.827107,41,128,0.876417
872,28,135,0.837072,26,136,0.832137,38,124,0.902983
873,29,136,0.830055,27,136,0.831183,39,124,0.901949
874,27,134,0.841298,27,135,0.836284,38,125,0.893879
875,27,135,0.834202,27,135,0.835328,40,124,0.899888
876,29,134,0.839377,27,135,0.834375,40,123,0.905994
877,31,134,0.83842,28,135,0.833423,39,122,0.912201
878,28,134,0.837465,28,134,0.838587,41,123,0.90393
879,27,134,0.836512,28,135,0.831527,39,126,0.881904
880,27,132,0.848033,27,134,0.836681,39,126,0.880902
881,29,133,0.840795,27,134,0.835731,39,125,0.886776
882,27,132,0.84611,27,132,0.847226,38,125,0.885771
883,27,133,0.838891,28,134,0.833839,40,123,0.898812
884,29,132,0.844195,29,132,0.84531,40,124,0.890726
885,29,132,0.843241,29,133,0.838108,40,126,0.875925
886,28,132,0.84229,29,132,0.843402,40,123,0.895768
887,29,132,0.84134,27,134,0.830078,39,121,0.90919
888,28,132,0.840393,28,132,0.841502,39,123,0.893751
889,28,131,0.845759,29,132,0.840555,39,124,0.885716
890,29,132,0.838504,27,132,0.839611,41,124,0.884721
891,29,131,0.84386,28,131,0.844966,40,122,0.897868
892,29,131,0.842914,27,131,0.844019,39,122,0.896861
893,29,131,0.841971,28,132,0.83679,40,121,0.903081
894,29,131,0.841029,27,131,0.84213,39,123,0.887753
895,27,131,0.840089,28,131,0.84119,40,121,0.901063
896,28,131,0.839151,27,131,0.840251,40,123,0.885771
897,28,130,0.844566,27,130,0.845664,39,121,0.899054
898,29,129,0.850065,29,127,0.864341,39,122,0.890869
899,29,127,0.862285,30,127,0.86338,39,121,0.897054
900,28,130,0.841751,28,129,0.849271,40,120,0.903342
901,27,127,0.86037,27,127,0.861463,38,121,0.895063
902,27,129,0.846296,28,129,0.847387,39,121,0.894071
903,27,128,0.851861,28,129,0.846449,40,121,0.89308
904,26,129,0.844423,27,127,0.858604,39,119,0.906717
905,29,129,0.84349,27,129,0.844578,38,120,0.898352
906,30,129,0.842559,28,129,0.843646,39,121,0.890123
907,28,128,0.848104,26,128,0.84919,39,121,0.889142
908,29,128,0.84717,27,127,0.854822,37,122,0.881057
909,27,128,0.846238,27,129,0.840862,39,118,0.909182
910,27,127,0.851861,28,127,0.852943,39,119,0.900739
911,28,128,0.844381,29,128,0.845461,40,121,0.885238
912,29,128,0.843455,28,128,0.844534,40,122,0.877193
913,28,127,0.849062,28,127,0.850141,39,117,0.912742
914,28,128,0.841609,29,128,0.842686,39,118,0.904208
915,28,127,0.847206,28,127,0.848282,41,118,0.90322
916,27,128,0.839772,27,128,0.840846,38,120,0.887563
917,27,127,0.845359,27,127,0.846432,38,120,0.886596
918,27,127,0.844438,28,127,0.84551,39,118,0.900268
919,26,127,0.843519,29,127,0.84459,44,117,0.906783
920,29,127,0.842602,28,127,0.843672,42,118,0.898311
921,29,127,0.841687,29,127,0.842756,45,119,0.889981
922,29,127,0.840774,28,127,0.841842,40,118,0.896363
923,29,127,0.839863,27,127,0.84093,40,121,0.873729
924,28,127,0.838954,28,127,0.84002,39,120,0.879879
925,29,127,0.838047,27,127,0.839112,39,119,0.886132
926,27,127,0.837142,25,127,0.838206,39,120,0.877979
927,28,127,0.836239,28,127,0.837301,38,118,0.891528
928,28,127,0.835338,27,127,0.836399,39,117,0.897989
929,27,127,0.834439,27,127,0.835499,41,117,0.897022
930,29,127,0.833542,28,127,0.8346,41,117,0.896057
931,30,127,0.832646,28,127,0.833704,38,118,0.887697
932,28,127,0.831753,27,127,0.832809,38,116,0.901648
933,28,127,0.830862,28,127,0.831917,39,119,0.878534
934,28,127,0.829972,26,127,0.831026,39,114,0.915097
935,27,127,0.829084,27,127,0.830137,40,118,0.8839
936,29,127,0.828199,28,127,0.82925,40,116,0.897795
937,28,127,0.827315,27,127,0.828365,41,115,0.904437
938,28,127,0.826433,27,127,0.827482,40,117,0.888415
939,27,127,0.825553,28,127,0.826601,38,116,0.894927
940,29,127,0.824674,28,127,0.825722,39,115,0.901551
941,28,127,0.823798,27,127,0.824844,39,117,0.885583
942,28,127,0.822923,29,127,0.823968,38,116,0.892077
943,29,127,0.822051,28,127,0.823095,41,115,0.898683
944,29,127,0.82118,29,127,0.822223,39,115,0.897731
945,29,127,0.820311,29,127,0.821353,39,114,0.904445
946,28,127,0.819444,27,127,0.820484,39,115,0.895833
947,29,127,0.818578,28,127,0.819618,39,114,0.902535
948,29,127,0.817715,28,127,0.818753,40,117,0.879044
949,29,127,0.816853,28,127,0.817891,40,116,0.885496
950,33,127,0.815993,28,127,0.81703,40,117,0.877193
951,29,127,0.815135,29,127,0.816171,39,113,0.906487
952,28,127,0.814279,27,127,0.815313,39,117,0.87535
953,28,127,0.813425,26,127,0.814458,39,114,0.896853
954,29,127,0.812572,28,127,0.813604,38,112,0.911494
955,28,127,0.811721,27,127,0.812752,40,116,0.879933
956,30,127,0.810872,28,127,0.811902,40,118,0.864484
957,31,127,0.810025,28,127,0.811054,40,114,0.893104
958,28,127,0.809179,27,127,0.810207,37,112,0.907688
959,29,127,0.808336,27,127,0.809362,39,114,0.891242
960,30,127,0.807494,30,127,0.808519,41,114,0.890313
961,30,127,0.806653,28,127,0.807678,41,112,0.904855
962,28,127,0.805815,28,127,0.806838,39,113,0.896122
963,28,127,0.804978,29,127,0.806,42,114,0.88754
964,29,127,0.804143,27,127,0.805164,39,112,0.902039
965,26,127,0.80331,26,127,0.80433,39,112,0.901104
966,28,127,0.802478,27,127,0.803497,40,113,0.892411
967,28,127,0.801648,28,127,0.802666,39,117,0.861772
968,28,127,0.80082,27,127,0.801837,40,114,0.882955
969,29,127,0.799994,27,127,0.80101,40,113,0.889648
970,29,127,0.799169,30,127,0.800184,40,115,0.873668
971,31,127,0.798346,29,127,0.79936,48,112,0.895536
972,30,127,0.797524,29,127,0.798537,40,114,0.879322
973,29,127,0.796705,27,127,0.797717,40,110,0.909513
974,28,127,0.795887,28,127,0.796898,40,111,0.900609
975,29,127,0.795071,29,127,0.79608,40,112,0.891862
976,29,127,0.794256,28,127,0.795265,41,114,0.875718
977,28,127,0.793443,27,127,0.794451,39,110,0.905789
978,28,127,0.792632,27,127,0.793638,38,113,0.881461
979,28,127,0.791822,28,127,0.792828,37,114,0.873035
980,28,127,0.791014,30,127,0.792019,40,113,0.879662
981,29,127,0.790208,29,127,0.791211,41,111,0.894182
982,29,127,0.789403,29,127,0.790406,39,111,0.893272
983,28,127,0.7886,32,127,0.789602,41,110,0.90026
984,29,127,0.787799,28,127,0.788799,39,112,0.883704
985,27,127,0.786999,28,127,0.787998,39,111,0.890551
986,29,127,0.786201,28,127,0.787199,39,110,0.897521
987,28,127,0.785404,28,127,0.786402,39,110,0.896612
988,28,127,0.784609,28,127,0.785606,39,111,0.887847
989,29,127,0.783816,29,127,0.784811,40,110,0.894799
990,28,127,0.783024,29,127,0.784018,41,111,0.886054
991,28,127,0.782234,27,127,0.783227,40,111,0.885159
992,27,127,0.781445,27,127,0.782438,39,111,0.884267
993,30,127,0.780658,30,127,0.78165,42,113,0.868146
994,29,127,0.779873,28,127,0.780863,42,109,0.898247
995,29,127,0.779089,28,127,0.780079,41,108,0.905428
996,29,127,0.778307,29,127,0.779295,40,108,0.904519
997,28,127,0.777526,28,127,0.778514,39,109,0.895544
998,29,127,0.776747,30,127,0.777734,42,111,0.878951
999,29,127,0.77597,27,127,0.776955,39,111,0.878071
1000,30,127,0.775194,29,127,0.776178,41,109,0.892857
1001,29,127,0.774419,28,127,0.775403,42,110,0.884072
1002,29,127,0.773647,28,127,0.774629,40,109,0.891075
1003,27,127,0.772875,28,127,0.773857,40,108,0.898206
1004,27,127,0.772105,28,127,0.773086,39,107,0.905469
1005,29,127,0.771337,28,127,0.772317,41,111,0.872829
1006,28,127,0.77057,28,127,0.771549,39,109,0.887532
1007,28,127,0.769805,27,127,0.770783,42,109,0.886651
1008,28,127,0.769041,28,127,0.770018,41,108,0.893751
1009,29,127,0.768279,27,127,0.769255,40,108,0.892865
1010,28,127,0.767519,30,127,0.768493,38,109,0.884017
1011,29,127,0.766759,27,127,0.767733,40,109,0.883143
1012,27,127,0.766002,27,127,0.766975,40,109,0.88227
1013,30,127,0.765246,28,127,0.766217,39,105,0.914043
1014,29,127,0.764491,27,127,0.765462,40,109,0.88053
1015,29,127,0.763738,29,127,0.764708,39,105,0.912242
1016,28,127,0.762986,27,127,0.763955,39,109,0.878796
1017,27,127,0.762236,27,127,0.763204,40,108,0.885842
1018,28,127,0.761487,26,127,0.762454,40,107,0.893017
1019,29,127,0.76074,27,127,0.761706,41,107,0.89214
1020,29,127,0.759994,28,127,0.760959,43,110,0.867604
1021,30,127,0.75925,27,127,0.760214,40,106,0.898561
1022,29,127,0.758507,29,127,0.75947,40,104,0.914461
1023,28,127,0.757765,29,127,0.758728,40,107,0.888652
1024,28,127,0.757025,28,127,0.757987,41,109,0.871931
1025,28,127,0.756287,27,127,0.757247,39,107,0.886918
1026,29,127,0.75555,28,127,0.756509,40,106,0.894182
1027,29,127,0.754814,28,127,0.755772,41,106,0.893312
1028,28,127,0.75408,28,127,0.755037,39,106,0.892443
1029,29,127,0.753347,28,127,0.754303,40,107,0.88347
1030,28,127,0.752615,27,127,0.753571,41,104,0.907359
1031,27,127,0.751885,27,127,0.75284,39,107,0.881756
1032,28,127,0.751157,27,127,0.752111,38,106,0.888984
1033,28,127,0.75043,28,127,0.751383,41,102,0.921956
1034,29,127,0.749704,27,127,0.750656,41,106,0.887264
1035,28,127,0.74898,28,127,0.749931,40,105,0.894614
1036,29,127,0.748257,28,127,0.749207,38,105,0.893751
1037,29,127,0.747535,27,127,0.748484,40,108,0.868757
1038,28,127,0.746815,27,127,0.747763,40,107,0.87581
1039,28,127,0.746096,27,127,0.747044,39,103,0.907985
1040,29,127,0.745379,28,127,0.746325,42,107,0.874126
1041,29,127,0.744663,28,127,0.745608,41,104,0.897771
1042,29,127,0.743948,28,127,0.744893,41,106,0.880452
1043,30,127,0.743235,27,127,0.744179,39,105,0.887753
1044,28,127,0.742523,28,127,0.743466,39,107,0.870777
1045,28,127,0.741812,27,127,0.742754,41,105,0.886054
1046,28,127,0.741103,27,127,0.742044,40,105,0.885206
1047,29,127,0.740395,28,127,0.741336,42,105,0.884361
1048,28,127,0.739689,28,127,0.740628,40,103,0.900187
1049,28,127,0.738984,29,127,0.739922,41,101,0.916624
1050,29,127,0.73828,27,127,0.739217,42,102,0.907029
1051,29,127,0.737577,28,127,0.738514,39,101,0.91488
1052,28,127,0.736876,27,127,0.737812,42,105,0.880158
1053,29,127,0.736176,28,127,0.737111,41,102,0.904445
1054,28,127,0.735478,28,127,0.736412,40,103,0.895063
1055,28,127,0.734781,28,127,0.735714,40,105,0.877655
1056,28,127,0.734085,28,127,0.735017,40,104,0.885018
1057,28,127,0.733391,28,127,0.734322,40,101,0.909686
1058,28,127,0.732697,27,127,0.733628,41,102,0.900171
1059,28,127,0.732005,29,127,0.732935,41,101,0.907968
1060,29,127,0.731315,29,127,0.732244,42,103,0.889996
1061,28,127,0.730626,28,127,0.731554,40,101,0.906257
1062,30,127,0.729938,27,127,0.730865,40,104,0.880018
1063,29,127,0.729251,28,127,0.730177,41,104,0.87919
1064,28,127,0.728566,29,127,0.729491,39,102,0.895095
1065,29,127,0.727882,28,127,0.728806,41,103,0.885818
1066,28,127,0.727199,28,127,0.728122,40,106,0.86063
1067,29,127,0.726517,28,127,0.72744,41,102,0.892578
1068,29,127,0.725837,28,127,0.726759,41,102,0.891742
1069,29,127,0.725158,28,127,0.726079,39,99,0.917111
1070,29,127,0.72448,28,127,0.7254,41,98,0.925326
1071,28,127,0.723804,27,127,0.724723,40,103,0.880855
1072,28,127,0.723129,28,127,0.724047,39,100,0.905666
1073,29,127,0.722455,27,127,0.723372,41,100,0.904822
1074,29,127,0.721782,29,127,0.722699,42,103,0.878395
1075,30,127,0.721111,28,127,0.722026,41,100,0.903138
1076,28,127,0.72044,28,127,0.721355,40,99,0.911145
1077,28,127,0.719771,27,127,0.720686,38,101,0.892793
1078,28,127,0.719104,26,127,0.720017,39,99,0.909455
1079,28,127,0.718437,29,127,0.71935,39,97,0.926784
1080,30,127,0.717772,29,127,0.718684,44,101,0.890313
1081,27,127,0.717108,31,127,0.718019,43,99,0.906931
1082,28,127,0.716445,28,127,0.717355,41,99,0.906093
1083,28,127,0.715784,29,127,0.716693,41,101,0.887847
1084,28,127,0.715123,28,127,0.716032,39,102,0.87858
1085,28,127,0.714464,29,127,0.715372,41,100,0.894815
1086,29,127,0.713806,29,127,0.714713,41,100,0.893991
1087,29,127,0.71315,28,127,0.714055,40,101,0.88458
1088,28,127,0.712494,27,127,0.713399,41,100,0.892347
1089,28,127,0.71184,29,127,0.712744,38,102,0.874546
1090,28,127,0.711187,28,127,0.71209,43,100,0.89071
1091,28,127,0.710535,28,127,0.711437,42,99,0.898618
1092,28,127,0.709884,29,127,0.710786,43,98,0.906684
1093,29,127,0.709235,30,127,0.710136,42,99,0.896974
1094,30,127,0.708587,28,127,0.709487,43,98,0.905027
1095,30,127,0.70794,28,127,0.708839,50,98,0.9042
1096,28,127,0.707294,28,127,0.708192,41,101,0.877316
1097,29,127,0.706649,28,127,0.707546,42,100,0.885026
1098,29,127,0.706005,28,127,0.706902,39,99,0.892889
1099,29,127,0.705363,28,127,0.706259,40,101,0.874921
1100,28,127,0.704722,29,127,0.705617,45,99,0.891266
1101,29,127,0.704082,28,127,0.704976,43,101,0.873332
1102,28,127,0.703443,28,127,0.704336,40,101,0.872539
1103,28,127,0.702805,29,127,0.703697,40,98,0.897642
1104,27,127,0.702168,28,127,0.70306,40,98,0.896829
1105,28,127,0.701533,27,127,0.702424,40,97,0.904977
1106,29,127,0.700899,28,127,0.701789,42,97,0.904159
1107,28,127,0.700265,28,127,0.701155,42,101,0.868598
1108,28,127,0.699633,29,127,0.700522,39,99,0.88483
1109,29,127,0.699003,27,127,0.69989,40,98,0.892785
1110,28,127,0.698373,27,127,0.69926,43,98,0.891981
1111,29,127,0.697744,27,127,0.69863,41,100,0.873874
1112,28,127,0.697117,27,127,0.698002,41,96,0.908364
1113,29,127,0.69649,28,127,0.697375,41,97,0.898473
1114,30,127,0.695865,28,127,0.696749,42,98,0.888778
1115,28,127,0.695241,28,127,0.696124,39,98,0.887981
1116,29,127,0.694618,27,127,0.6955,40,99,0.878488
1117,28,127,0.693996,28,127,0.694878,40,99,0.877701
1118,28,127,0.693375,28,127,0.694256,40,97,0.894454
1119,29,127,0.692756,28,127,0.693636,43,98,0.884807
1120,29,127,0.692137,30,127,0.693016,39,99,0.87535
1121,29,127,0.69152,28,127,0.692398,40,98,0.883228
1122,28,127,0.690904,28,127,0.691781,40,100,0.865306
1123,29,127,0.690288,29,127,0.691165,42,99,0.873012
1124,28,127,0.689674,28,127,0.69055,40,98,0.880871
1125,31,127,0.689061,30,127,0.689936,42,95,0.907029
1126,29,127,0.688449,30,127,0.689324,42,98,0.879306
1127,29,127,0.687838,29,127,0.688712,42,98,0.878526
1128,28,127,0.687229,27,127,0.688101,38,96,0.89548
1129,28,127,0.68662,27,127,0.687492,40,98,0.87697
1130,28,127,0.686012,28,127,0.686883,41,95,0.903016
1131,29,127,0.685406,28,127,0.686276,40,96,0.893104
1132,29,127,0.6848,28,127,0.68567,41,97,0.883392
1133,29,127,0.684196,29,127,0.685065,42,94,0.90991
1134,29,127,0.683592,29,127,0.684461,42,95,0.899831
1135,28,127,0.68299,28,127,0.683858,39,93,0.917768
1136,28,127,0.682389,28,127,0.683256,40,96,0.889173
1137,29,127,0.681789,27,127,0.682655,40,94,0.906709
1138,29,127,0.68119,28,127,0.682055,41,95,0.896668
1139,29,127,0.680592,28,127,0.681456,43,94,0.905117
1140,30,127,0.679995,30,127,0.680858,40,97,0.877193
1141,29,127,0.679399,29,127,0.680261,41,97,0.876424
1142,28,127,0.678804,28,127,0.679666,39,93,0.912142
1143,27,127,0.67821,28,127,0.679071,39,97,0.874891
1144,29,127,0.677617,27,127,0.678478,42,97,0.874126
1145,29,127,0.677025,28,127,0.677885,43,94,0.900374
1146,28,127,0.676434,28,127,0.677293,41,93,0.908959
1147,30,127,0.675845,29,127,0.676703,42,95,0.889632
1148,28,127,0.675256,29,127,0.676113,40,94,0.898021
1149,29,127,0.674668,28,127,0.675525,41,94,0.897239
1150,30,127,0.674082,28,127,0.674938,41,95,0.887311
1151,28,127,0.673496,27,127,0.674351,39,93,0.90501
1152,29,127,0.672911,28,127,0.673766,41,96,0.876824
1153,29,127,0.672328,28,127,0.673182,42,96,0.876063
1154,28,127,0.671745,28,127,0.672598,41,96,0.875304
1155,29,127,0.671163,27,127,0.672016,39,97,0.865801
1156,27,127,0.670583,28,127,0.671435,40,92,0.910581
1157,31,127,0.670003,29,127,0.670854,41,94,0.891035
1158,28,127,0.669425,28,127,0.670275,41,93,0.899539
1159,29,127,0.668847,28,127,0.669697,41,93,0.898763
1160,28,127,0.668271,30,127,0.669119,41,94,0.888731
1161,30,127,0.667695,29,127,0.668543,41,94,0.887965
1162,27,127,0.66712,28,127,0.667968,41,93,0.896443
1163,29,127,0.666547,28,127,0.667393,41,93,0.895672
1164,28,127,0.665974,29,127,0.66682,42,95,0.876639
1165,30,127,0.665402,28,127,0.666247,40,95,0.875887
1166,31,127,0.664832,29,127,0.665676,43,93,0.893368
1167,29,127,0.664262,28,127,0.665106,39,93,0.892602
1168,28,127,0.663693,29,127,0.664536,41,93,0.891838
1169,29,127,0.663126,28,127,0.663968,41,94,0.881889
1170,28,127,0.662559,27,127,0.6634,41,94,0.881135
1171,29,127,0.661993,29,127,0.662834,41,93,0.889553
1172,29,127,0.661428,30,127,0.662268,41,92,0.89815
1173,30,127,0.660864,30,127,0.661704,42,91,0.906931
1174,28,127,0.660301,29,127,0.66114,40,91,0.906158
1175,28,127,0.659739,30,127,0.660577,39,93,0.886525
1176,29,127,0.659178,28,127,0.660016,39,93,0.885771
1177,29,127,0.658618,27,127,0.659455,40,92,0.894334
1178,29,127,0.658059,28,127,0.658895,41,92,0.893575
1179,29,127,0.657501,29,127,0.658336,40,93,0.883517
1180,30,127,0.656944,30,127,0.657778,40,90,0.911245
1181,29,127,0.656388,28,127,0.657221,40,92,0.891305
1182,28,127,0.655832,28,127,0.656665,40,92,0.890551
1183,29,127,0.655278,28,127,0.65611,41,92,0.889798
1184,28,127,0.654724,29,127,0.655556,41,92,0.889047
1185,29,127,0.654172,28,127,0.655003,42,93,0.879044
1186,30,127,0.65362,29,127,0.654451,40,91,0.89699
1187,29,127,0.65307,30,127,0.653899,42,92,0.8868
1188,30,127,0.65252,28,127,0.653349,40,90,0.905108
1189,28,127,0.651971,28,127,0.652799,40,91,0.894726
1190,32,127,0.651423,27,127,0.652251,42,89,0.913409
1191,30,127,0.650876,28,127,0.651703,42,94,0.865599
1192,29,127,0.65033,30,127,0.651156,42,91,0.892475
1193,30,127,0.649785,28,127,0.65061,43,90,0.901315
1194,29,127,0.649241,28,127,0.650066,40,91,0.89098
1195,28,127,0.648698,28,127,0.649522,40,93,0.871688
1196,29,127,0.648155,28,127,0.648979,39,90,0.899054
1197,30,127,0.647614,28,127,0.648436,40,93,0.870231
1198,30,127,0.647073,28,127,0.647895,41,91,0.888005
1199,30,127,0.646534,28,127,0.647355,44,92,0.877925
1200,31,127,0.645995,29,127,0.646815,41,88,0.915751
1201,29,127,0.645457,27,127,0.646277,39,90,0.895311
1202,28,127,0.64492,28,127,0.645739,39,88,0.914227
1203,28,127,0.644384,29,127,0.645202,42,91,0.884314
1204,29,127,0.643849,30,127,0.644666,41,89,0.902788
1205,30,127,0.643314,30,127,0.644131,41,92,0.873553
1206,29,127,0.642781,30,127,0.643597,41,91,0.882114
1207,30,127,0.642248,28,127,0.643064,39,89,0.900544
1208,29,127,0.641717,28,127,0.642532,40,89,0.899798
1209,29,127,0.641186,27,127,0.642,41,89,0.899054
1210,30,127,0.640656,28,127,0.64147,40,88,0.908183
1211,29,127,0.640127,29,127,0.64094,43,89,0.897569
1212,29,127,0.639599,29,127,0.640411,42,90,0.887185
1213,28,127,0.639072,29,127,0.639883,42,91,0.877024
1214,29,127,0.638545,27,127,0.639356,41,90,0.885724
1215,30,127,0.63802,28,127,0.63883,40,89,0.894614
1216,29,127,0.637495,28,127,0.638305,41,87,0.913743
1217,29,127,0.636971,28,127,0.63778,41,89,0.893144
1218,30,127,0.636448,29,127,0.637256,41,89,0.892411
1219,29,127,0.635926,30,127,0.636734,43,90,0.882091
1220,29,127,0.635405,29,127,0.636212,40,90,0.881368
1221,29,127,0.634884,27,127,0.635691,40,87,0.910001
1222,29,127,0.634365,28,127,0.63517,41,87,0.909256
1223,28,127,0.633846,28,127,0.634651,40,87,0.908513
1224,30,127,0.633328,29,127,0.634133,42,89,0.888036
1225,29,127,0.632811,29,127,0.633615,42,87,0.907029
1226,31,127,0.632295,29,127,0.633098,44,90,0.877055
1227,29,127,0.63178,29,127,0.632582,39,89,0.885865
1228,28,127,0.631265,27,127,0.632067,40,89,0.885144
1229,28,127,0.630752,29,127,0.631553,42,90,0.874914
1230,29,127,0.630239,28,127,0.631039,41,88,0.893416
1231,30,127,0.629727,28,127,0.630527,41,87,0.902609
1232,30,127,0.629216,28,127,0.630015,42,87,0.901876
1233,30,127,0.628705,28,127,0.629504,42,86,0.91127
1234,29,127,0.628196,28,127,0.628994,40,86,0.910531
1235,28,127,0.627687,28,127,0.628484,39,87,0.899685
1236,29,127,0.627179,27,127,0.627976,41,88,0.889079
1237,30,127,0.626672,29,127,0.627468,41,87,0.89823
1238,30,127,0.626166,29,127,0.626961,41,89,0.877994
1239,29,127,0.625661,30,127,0.626455,42,88,0.886926
1240,29,127,0.625156,30,127,0.62595,41,89,0.876578
1241,29,127,0.624653,27,127,0.625446,40,86,0.905395
1242,28,127,0.62415,28,127,0.624942,40,88,0.884783
1243,29,127,0.623647,30,127,0.624439,43,88,0.884072
1244,29,127,0.623146,31,127,0.623938,40,87,0.893176
1245,29,127,0.622646,28,127,0.623436,42,89,0.873057
1246,28,127,0.622146,29,127,0.622936,41,91,0.853796
1247,30,127,0.621647,28,127,0.622436,41,88,0.881236
1248,29,127,0.621149,29,127,0.621938,42,86,0.900317
1249,33,127,0.620652,31,127,0.62144,43,89,0.870261
1250,29,127,0.620155,30,127,0.620943,43,87,0.888889
1251,28,127,0.619659,29,127,0.620446,42,87,0.888178
1252,29,127,0.619164,27,127,0.619951,41,86,0.89744
1253,30,127,0.61867,28,127,0.619456,41,88,0.877016
1254,28,127,0.618177,28,127,0.618962,41,88,0.876317
1255,28,127,0.617684,29,127,0.618469,42,86,0.895295
1256,29,127,0.617193,29,127,0.617976,41,89,0.865411
1257,31,127,0.616702,28,127,0.617485,43,88,0.874225
1258,29,127,0.616211,30,127,0.616994,43,84,0.913693
1259,29,127,0.615722,27,127,0.616504,40,86,0.892451
1260,29,127,0.615233,29,127,0.616015,42,86,0.891742
1261,29,127,0.614745,28,127,0.615526,41,86,0.891035
1262,29,127,0.614258,27,127,0.615038,41,85,0.900447
1263,29,127,0.613772,28,127,0.614551,42,85,0.899734
1264,30,127,0.613286,28,127,0.614065,43,84,0.909355
1265,30,127,0.612801,29,127,0.61358,41,86,0.888218
1266,29,127,0.612317,28,127,0.613095,41,85,0.897602
1267,29,127,0.611834,29,127,0.612611,40,86,0.886816
1268,28,127,0.611352,27,127,0.612128,44,85,0.896186
1269,28,127,0.61087,30,127,0.611646,40,85,0.89548
1270,29,127,0.610389,29,127,0.611164,41,86,0.884721
1271,30,127,0.609909,27,127,0.610683,39,85,0.894071
1272,31,127,0.609429,28,127,0.610203,42,85,0.893368
1273,29,127,0.60895,29,127,0.609724,41,85,0.892666
1274,29,127,0.608472,29,127,0.609245,41,84,0.902218
1275,30,127,0.607995,29,127,0.608767,42,85,0.891266
1276,31,127,0.607519,30,127,0.60829,43,84,0.900804
1277,30,127,0.607043,28,127,0.607814,43,84,0.900098
1278,30,127,0.606568,31,127,0.607338,41,84,0.899394
1279,28,127,0.606094,29,127,0.606863,42,84,0.898691
1280,29,127,0.60562,27,127,0.606389,41,85,0.887784
1281,29,127,0.605147,28,127,0.605916,40,85,0.887091
1282,30,127,0.604675,29,127,0.605443,41,86,0.87644
1283,31,127,0.604204,30,127,0.604971,41,83,0.906306
1284,30,127,0.603733,30,127,0.6045,42,84,0.895191
1285,30,127,0.603264,28,127,0.60403,40,86,0.874393
1286,28,127,0.602795,27,127,0.60356,41,85,0.883642
1287,30,127,0.602326,29,127,0.603091,42,85,0.882955
1288,32,127,0.601859,28,127,0.602623,42,84,0.892411
1289,29,127,0.601392,29,127,0.602155,42,87,0.861995
1290,28,127,0.600925,29,127,0.601689,43,84,0.891027
1291,30,127,0.60046,29,127,0.601223,41,84,0.890337
1292,28,127,0.599995,29,127,0.600757,42,84,0.889648
1293,29,127,0.599531,28,127,0.600293,41,85,0.878858
1294,29,127,0.599068,29,127,0.599829,42,87,0.858664
1295,30,127,0.598605,28,127,0.599365,41,86,0.867641
1296,30,127,0.598143,28,127,0.598903,43,82,0.907771
1297,30,127,0.597682,28,127,0.598441,42,82,0.907071
1298,29,127,0.597222,28,127,0.59798,41,83,0.895833
1299,28,127,0.596762,29,127,0.59752,41,84,0.884854
1300,30,127,0.596303,30,127,0.59706,41,85,0.874126
1301,30,127,0.595845,28,127,0.596601,42,85,0.873454
1302,30,127,0.595387,28,127,0.596143,42,82,0.903587
1303,29,127,0.59493,28,127,0.595686,41,83,0.892395
1304,31,127,0.594474,28,127,0.595229,41,84,0.881461
1305,30,127,0.594018,29,127,0.594773,41,84,0.880786
1306,29,127,0.593563,28,127,0.594317,41,85,0.87011
1307,30,127,0.593109,28,127,0.593863,41,83,0.889664
1308,29,127,0.592656,29,127,0.593408,41,83,0.888984
1309,29,127,0.592203,29,127,0.592955,41,83,0.888305
1310,29,127,0.591751,28,127,0.592503,40,82,0.898069
1311,28,127,0.5913,28,127,0.592051,42,83,0.886949
1312,28,127,0.590849,28,127,0.591599,42,84,0.876086
1313,29,127,0.590399,30,127,0.591149,42,82,0.896017
1314,32,127,0.58995,28,127,0.590699,41,84,0.874753
1315,29,127,0.589501,30,127,0.59025,42,83,0.884251
1316,30,127,0.589053,28,127,0.589801,43,81,0.904617
1317,29,127,0.588606,29,127,0.589353,40,80,0.914821
1318,29,127,0.588159,28,127,0.588906,41,80,0.914127
1319,29,127,0.587713,29,127,0.58846,40,84,0.871437
1320,29,127,0.587268,29,127,0.588014,43,83,0.880902
1321,31,127,0.586823,28,127,0.587569,41,83,0.880235
1322,30,127,0.58638,28,127,0.587124,43,81,0.900511
1323,29,127,0.585936,30,127,0.58668,39,82,0.889245
1324,29,127,0.585494,29,127,0.586237,43,80,0.909984
1325,28,127,0.585052,29,127,0.585795,43,81,0.898473
1326,28,127,0.584611,29,127,0.585353,41,81,0.897795
1327,31,127,0.58417,28,127,0.584912,43,81,0.897118
1328,30,127,0.58373,28,127,0.584472,43,79,0.918307
1329,30,127,0.583291,29,127,0.584032,42,81,0.895768
1330,28,127,0.582852,28,127,0.583593,42,81,0.895095
1331,28,127,0.582415,28,127,0.583154,41,80,0.905199
1332,30,127,0.581977,27,127,0.582716,43,82,0.883236
1333,30,127,0.581541,29,127,0.582279,42,82,0.882574
1334,29,127,0.581105,28,127,0.581843,43,81,0.892411
1335,31,127,0.58067,29,127,0.581407,43,81,0.891742
1336,29,127,0.580235,30,127,0.580972,46,80,0.901811
1337,30,127,0.579801,29,127,0.580537,42,80,0.901136
1338,30,127,0.579368,28,127,0.580103,43,82,0.879275
1339,30,127,0.578935,29,127,0.57967,42,82,0.878619
1340,28,127,0.578503,29,127,0.579238,41,81,0.888415
1341,29,127,0.578071,29,127,0.578806,42,82,0.877308
1342,29,127,0.577641,29,127,0.578374,42,79,0.908727
1343,31,127,0.577211,29,127,0.577944,41,81,0.886431
1344,30,127,0.576781,30,127,0.577514,42,80,0.896443
1345,30,127,0.576352,30,127,0.577084,43,80,0.895776
1346,29,127,0.575924,30,127,0.576655,41,80,0.895111
1347,31,127,0.575497,30,127,0.576227,42,80,0.894446
1348,28,127,0.57507,29,127,0.5758,42,79,0.904683
1349,29,127,0.574643,29,127,0.575373,42,81,0.882488
1350,29,127,0.574218,28,127,0.574947,43,79,0.903342
1351,29,127,0.573793,29,127,0.574521,42,82,0.870815
1352,29,127,0.573368,28,127,0.574096,42,77,0.924556
1353,29,127,0.572944,29,127,0.573672,43,82,0.869527
1354,31,127,0.572521,29,127,0.573248,43,80,0.889822
1355,30,127,0.572099,29,127,0.572825,50,79,0.900009
1356,32,127,0.571677,30,127,0.572403,43,78,0.910448
1357,29,127,0.571256,29,127,0.571981,43,80,0.887855
1358,29,127,0.570835,29,127,0.57156,41,82,0.866326
1359,29,127,0.570415,27,127,0.571139,41,81,0.875994
1360,29,127,0.569995,29,127,0.570719,41,80,0.885897
1361,29,127,0.569577,30,127,0.5703,41,79,0.896041
1362,31,127,0.569158,29,127,0.569881,45,81,0.874065
1363,31,127,0.568741,29,127,0.569463,43,79,0.894726
1364,28,127,0.568324,29,127,0.569046,42,77,0.916422
1365,29,127,0.567908,29,127,0.568629,42,80,0.882651
1366,31,127,0.567492,29,127,0.568213,42,77,0.915081
1367,29,127,0.567077,29,127,0.567797,41,79,0.892108
1368,31,127,0.566662,29,127,0.567382,43,79,0.891456
1369,30,127,0.566248,29,127,0.566967,42,79,0.890805
1370,30,127,0.565835,28,127,0.566553,39,79,0.890155
1371,29,127,0.565422,28,127,0.56614,41,81,0.868327
1372,30,127,0.56501,28,127,0.565728,41,79,0.888857
1373,30,127,0.564599,29,127,0.565316,43,81,0.867062
1374,30,126,0.568595,29,126,0.569312,42,78,0.898521
1375,31,126,0.568182,31,126,0.568898,47,79,0.886918
1376,31,126,0.567769,37,126,0.568484,46,81,0.865172
1377,29,126,0.567357,31,126,0.568071,45,79,0.88563
1378,30,126,0.566945,31,126,0.567659,42,79,0.884987
1379,30,126,0.566534,29,126,0.567248,43,78,0.895263
1380,30,126,0.566123,29,126,0.566837,44,80,0.873057
1381,30,126,0.565713,31,126,0.566426,42,80,0.872425
1382,29,124,0.574277,29,125,0.570467,41,78,0.89332
1383,30,125,0.569343,28,125,0.570055,41,77,0.903832
1384,29,125,0.568932,29,125,0.569643,42,79,0.88115
1385,29,126,0.564079,28,126,0.56479,43,79,0.880514
1386,30,126,0.563672,29,126,0.564383,44,78,0.890742
1387,30,126,0.563266,30,126,0.563976,42,77,0.901226
1388,30,126,0.56286,29,126,0.563569,42,78,0.889458
1389,29,125,0.566884,28,126,0.563164,41,78,0.888818
1390,29,126,0.56205,28,126,0.562759,42,78,0.888178
1391,30,124,0.570561,28,124,0.571269,42,78,0.88754
1392,31,124,0.570151,30,126,0.56195,43,75,0.921014
1393,30,124,0.569742,29,124,0.570449,42,79,0.875457
1394,29,126,0.560438,31,126,0.561144,41,79,0.874829
1395,29,124,0.568925,28,124,0.569631,42,77,0.896057
1396,30,124,0.568518,28,124,0.569223,41,76,0.90675
1397,30,123,0.572656,29,123,0.57336,42,80,0.862433
1398,29,124,0.567704,29,123,0.57295,43,78,0.883096
1399,30,124,0.567299,30,124,0.568002,42,78,0.882465
1400,30,123,0.571429,29,124,0.567596,42,78,0.881834
1401,30,123,0.571021,28,123,0.571723,43,76,0.903514
1402,29,123,0.570613,29,123,0.571315,47,78,0.880576
1403,31,124,0.565681,34,124,0.566383,47,77,0.890948
1404,30,123,0.569801,31,124,0.565979,43,75,0.913142
1405,30,124,0.564876,33,124,0.565576,45,77,0.88968
1406,34,124,0.564474,31,124,0.565174,43,78,0.878071
1407,29,123,0.568586,30,123,0.569285,42,77,0.888415
1408,30,124,0.563672,30,124,0.564371,44,77,0.887784
1409,30,124,0.563272,29,124,0.563971,44,77,0.887154
1410,33,123,0.567376,32,123,0.568074,44,77,0.886525
1411,31,123,0.566974,30,123,0.567671,42,76,0.89711
1412,29,123,0.566572,30,123,0.567269,45,76,0.896475
1413,33,124,0.561678,30,124,0.562374,43,78,0.873721
1414,30,123,0.565771,30,124,0.561977,41,76,0.895207
1415,30,123,0.565371,30,123,0.566066,42,78,0.872486
1416,30,123,0.564972,30,123,0.565667,44,77,0.882768
1417,30,123,0.564573,30,123,0.565267,43,76,0.893312
1418,29,120,0.578048,27,121,0.574042,41,75,0.904126
1419,30,122,0.568324,29,123,0.564471,42,74,0.915223
1420,31,122,0.567924,30,122,0.568617,42,78,0.869414
1421,30,122,0.567524,30,122,0.568216,48,75,0.902218
1422,32,122,0.567125,36,122,0.567817,45,77,0.879044
1423,31,122,0.566726,31,123,0.562884,46,77,0.878426
1424,30,122,0.566328,29,122,0.567019,43,78,0.866972
1425,30,121,0.570532,29,122,0.566621,42,75,0.899685
1426,29,121,0.570132,30,121,0.570822,41,76,0.887674
1427,29,121,0.569732,31,121,0.570422,42,75,0.898424
1428,30,121,0.569333,29,121,0.570022,42,76,0.886431
1429,31,121,0.568935,30,119,0.579027,42,75,0.897167
1430,29,120,0.573197,29,121,0.569225,42,76,0.885191
1431,32,119,0.577531,28,119,0.578218,44,75,0.895913
1432,28,119,0.577127,29,119,0.577814,44,75,0.895287
1433,29,118,0.581531,29,118,0.582217,43,74,0.906281
1434,30,118,0.581125,29,118,0.581811,43,74,0.905649
1435,30,120,0.5712,30,120,0.571886,43,77,0.87108
1436,32,118,0.580316,32,117,0.585877,52,75,0.892793
1437,32,118,0.579912,29,118,0.580596,46,74,0.903759
1438,30,117,0.584378,29,117,0.585062,47,74,0.90313
1439,32,118,0.579106,32,118,0.579789,43,75,0.890932
1440,30,118,0.578704,30,118,0.579387,44,74,0.901876
1441,32,119,0.573523,30,117,0.583844,43,75,0.889696
1442,30,118,0.577901,28,118,0.578583,41,75,0.889079
1443,30,118,0.577501,29,118,0.578182,42,74,0.900001
1444,30,118,0.577101,28,118,0.577782,43,75,0.887847
1445,33,117,0.581547,31,116,0.587156,43,75,0.887233
1446,31,118,0.576302,30,118,0.576982,43,76,0.875396
1447,30,118,0.575904,29,117,0.581423,42,74,0.897513
1448,29,118,0.575506,29,118,0.576186,43,74,0.896893
1449,31,118,0.575109,28,117,0.580621,42,73,0.908067
1450,30,118,0.574713,28,118,0.575391,46,76,0.872981
1451,29,118,0.574317,30,117,0.57982,42,74,0.895039
1452,30,117,0.578744,29,117,0.579421,44,76,0.871779
1453,29,118,0.573526,29,117,0.579022,42,75,0.882348
1454,29,117,0.577948,30,118,0.573808,44,74,0.893192
1455,29,116,0.582445,29,115,0.588099,41,76,0.869981
1456,30,116,0.582045,30,116,0.58272,42,73,0.903702
1457,31,116,0.581646,28,116,0.58232,44,74,0.891353
1458,32,116,0.581247,29,116,0.581921,43,73,0.902462
1459,31,116,0.580848,31,115,0.586486,43,76,0.867596
1460,30,116,0.58045,28,116,0.581124,42,73,0.901226
1461,29,116,0.580053,29,115,0.585684,41,76,0.866408
1462,29,116,0.579656,30,116,0.580329,41,74,0.888305
1463,29,116,0.57926,29,116,0.579932,44,73,0.899378
1464,30,115,0.583812,29,116,0.579536,42,74,0.887091
1465,30,116,0.578469,31,116,0.57914,42,73,0.89815
1466,29,114,0.588042,30,114,0.588712,47,73,0.897537
1467,29,115,0.582618,30,116,0.578351,44,74,0.885277
1468,31,115,0.582221,28,115,0.582891,42,74,0.884674
1469,31,115,0.581825,31,115,0.582494,44,74,0.884072
1470,30,115,0.581429,30,115,0.582098,41,74,0.88347
1471,29,115,0.581034,29,113,0.591807,42,73,0.894486
1472,31,115,0.580639,28,115,0.581307,41,72,0.905797
1473,29,113,0.590336,30,113,0.591003,41,74,0.881671
1474,30,114,0.58485,29,113,0.590602,41,73,0.892666
1475,31,113,0.589536,29,115,0.580125,44,73,0.892061
1476,31,114,0.584058,31,113,0.589802,45,72,0.903342
1477,33,113,0.588737,31,114,0.584328,50,73,0.890853
1478,33,114,0.583267,34,113,0.589004,45,72,0.90212
1479,36,113,0.587941,31,113,0.588606,44,74,0.878094
1480,32,113,0.587544,32,113,0.588208,45,74,0.877501
1481,32,113,0.587147,32,113,0.587811,44,73,0.888447
1482,31,113,0.586751,31,113,0.587414,45,71,0.911843
1483,30,112,0.591499,32,113,0.587018,43,73,0.887248
1484,31,113,0.58596,31,112,0.591762,41,72,0.898473
1485,30,112,0.590702,29,112,0.591364,43,73,0.886054
1486,30,113,0.585172,29,113,0.585833,42,73,0.885457
1487,30,113,0.584778,29,113,0.585439,43,71,0.908777
1488,30,112,0.589511,32,113,0.585046,43,73,0.884267
1489,30,111,0.594329,29,111,0.594989,44,73,0.883673
1490,31,111,0.59393,29,111,0.594589,42,73,0.88308
1491,29,110,0.598831,28,110,0.59949,41,71,0.906339
1492,29,111,0.593134,30,110,0.599088,42,72,0.893655
1493,31,110,0.598029,29,110,0.598687,44,73,0.881306
1494,30,110,0.597629,30,110,0.598286,44,73,0.880716
1495,31,109,0.602609,30,110,0.597886,43,72,0.891862
1496,30,109,0.602206,29,109,0.602863,42,72,0.891266
1497,30,110,0.596431,28,110,0.597087,45,73,0.878951
1498,32,108,0.60687,29,108,0.607525,46,73,0.878364
1499,32,109,0.601001,29,110,0.59629,43,72,0.889482
1500,31,108,0.606061,30,108,0.606715,43,73,0.877193
1501,30,109,0.6002,29,109,0.600855,43,73,0.876609
1502,30,109,0.599801,28,109,0.600455,42,71,0.899701
1503,29,108,0.604851,28,109,0.600055,43,72,0.887115
1504,31,108,0.604449,29,108,0.605102,42,71,0.898505
1505,30,108,0.604047,29,109,0.599258,44,72,0.885936
1506,30,111,0.58762,29,110,0.593519,44,72,0.885347
1507,30,110,0.592473,33,109,0.598462,44,71,0.896716
1508,31,111,0.586841,30,111,0.587492,42,72,0.884173
1509,30,110,0.591688,30,110,0.592339,43,71,0.895528
1510,31,109,0.596623,29,109,0.597273,42,72,0.883002
1511,30,108,0.601649,30,109,0.596878,44,74,0.859498
1512,30,107,0.606767,29,107,0.607416,42,71,0.893751
1513,30,107,0.606366,30,109,0.596089,43,71,0.89316
1514,31,108,0.600456,29,107,0.606614,44,73,0.869082
1515,29,108,0.60006,30,106,0.61182,41,71,0.891981
1516,30,108,0.599664,29,106,0.611416,46,71,0.891393
1517,29,105,0.616071,29,105,0.616718,42,71,0.890805
1518,30,106,0.609964,29,106,0.610611,46,70,0.902413
1519,31,106,0.609563,30,106,0.610209,45,70,0.901819
1520,30,103,0.626566,29,103,0.627212,43,71,0.889047
1521,31,103,0.626154,29,104,0.620892,43,71,0.888462
1522,29,102,0.63176,29,103,0.626388,42,72,0.87604
1523,30,106,0.607962,29,105,0.614288,43,71,0.887296
1524,30,106,0.607563,30,106,0.608207,43,72,0.874891
1525,30,107,0.601594,30,105,0.613482,43,69,0.910747
1526,31,104,0.618215,31,107,0.601843,42,71,0.885551
1527,30,103,0.623694,29,103,0.624337,43,72,0.873172
1528,29,101,0.635389,29,102,0.629921,41,69,0.908959
1529,37,101,0.634973,29,101,0.635614,42,70,0.895921
1530,30,102,0.628457,30,100,0.64142,43,70,0.895335
1531,30,100,0.640361,29,101,0.634784,44,68,0.919955
1532,30,99,0.646279,29,100,0.640583,44,71,0.882083
1533,29,103,0.621253,29,102,0.627866,41,71,0.881508
1534,30,99,0.645436,29,99,0.646075,42,70,0.893001
1535,29,99,0.645016,29,100,0.639331,42,70,0.892419
1536,31,98,0.651042,29,98,0.65168,43,71,0.879786
1537,30,97,0.65719,29,97,0.657827,44,68,0.916364
1538,30,98,0.650195,29,97,0.6574,43,70,0.890678
1539,31,97,0.656336,30,97,0.656973,43,70,0.890099
1540,30,99,0.642921,30,98,0.649987,43,70,0.889521
1541,29,97,0.655484,30,97,0.65612,43,70,0.888944
1542,30,97,0.655059,30,97,0.655694,43,70,0.888368
1543,30,97,0.654634,30,97,0.655269,44,69,0.900122
1544,30,96,0.660886,30,97,0.654845,45,71,0.875228
1545,33,97,0.653787,29,97,0.654421,43,71,0.874661
1546,30,97,0.653364,30,97,0.653998,42,69,0.898376
1547,30,96,0.659605,30,97,0.653575,41,69,0.897795
1548,31,97,0.65252,29,97,0.653153,43,68,0.909852
1549,30,96,0.658753,28,96,0.659385,43,69,0.896636
1550,30,95,0.665115,30,96,0.65896,43,70,0.883783
1551,30,95,0.664686,30,95,0.665317,43,69,0.89548
1552,29,95,0.664258,28,96,0.658111,42,70,0.882644
1553,29,97,0.650419,29,97,0.65105,41,68,0.906923
1554,29,95,0.663403,28,97,0.650631,45,69,0.893751
1555,30,94,0.669882,30,93,0.677563,44,69,0.893176
1556,31,93,0.676498,30,94,0.670081,44,69,0.892602
1557,30,94,0.669022,30,94,0.669651,42,69,0.892029
1558,31,94,0.668592,31,93,0.676258,44,69,0.891456
1559,29,94,0.668163,30,94,0.668791,44,69,0.890884
1560,30,92,0.681942,29,94,0.668363,41,68,0.902853
1561,30,95,0.660428,29,95,0.661055,43,69,0.889743
1562,30,93,0.6739,29,94,0.667507,43,69,0.889173
1563,29,93,0.673469,30,93,0.674095,42,69,0.888605
1564,31,92,0.680198,31,93,0.673664,45,70,0.875871
1565,31,93,0.672608,29,94,0.666227,44,70,0.875312
1566,30,92,0.679329,29,92,0.679954,42,69,0.886902
1567,31,91,0.686196,29,92,0.67952,43,70,0.874195
1568,28,92,0.678463,29,92,0.679087,41,70,0.873637
1569,30,92,0.67803,29,92,0.678654,43,69,0.885206
1570,32,92,0.677599,30,92,0.678222,44,68,0.897102
1571,31,92,0.677167,30,92,0.67779,45,67,0.909339
1572,30,92,0.676737,30,92,0.677359,45,69,0.883517
1573,30,91,0.683578,30,91,0.6842,45,68,0.895391
1574,31,92,0.675877,28,91,0.683766,43,71,0.858546
1575,31,91,0.68271,28,91,0.683332,44,68,0.894254
1576,30,91,0.682277,30,91,0.682898,45,68,0.893687
1577,30,91,0.681845,30,91,0.682465,44,68,0.89312
1578,30,91,0.681412,31,91,0.682033,45,68,0.892554
1579,32,91,0.680981,30,91,0.681601,43,70,0.867551
1580,31,91,0.68055,29,91,0.681169,43,69,0.879044
1581,30,90,0.687512,29,91,0.680738,43,67,0.903587
1582,30,91,0.67969,30,91,0.680308,44,68,0.890298
1583,31,91,0.67926,30,91,0.679878,45,68,0.889735
1584,32,91,0.678831,30,91,0.679449,44,71,0.853126
1585,30,90,0.685777,29,90,0.686394,43,69,0.876271
1586,30,89,0.692876,31,91,0.678592,46,67,0.900739
1587,30,90,0.684913,28,89,0.693056,41,69,0.875166
1588,30,90,0.684481,30,91,0.677738,44,66,0.912642
1589,30,88,0.699252,29,89,0.692183,43,67,0.899038
1590,31,89,0.691133,30,88,0.699427,44,67,0.898473
1591,33,89,0.690698,28,89,0.691313,44,67,0.897908
1592,30,89,0.690265,31,89,0.690879,47,70,0.860467
1593,30,89,0.689831,30,88,0.69811,42,67,0.896781
1594,31,90,0.681905,29,89,0.690012,43,67,0.896218
1595,30,88,0.696621,33,88,0.697234,43,66,0.908637
1596,31,89,0.688535,29,89,0.689147,44,67,0.895095
1597,29,88,0.695749,28,88,0.696361,42,67,0.894534
1598,30,88,0.695314,29,88,0.695925,44,68,0.881383
1599,31,88,0.694879,29,88,0.69549,43,68,0.880832
1600,33,88,0.694444,36,88,0.695056,44,70,0.856164
1601,31,88,0.694011,31,88,0.694621,45,68,0.879732
1602,30,88,0.693577,30,88,0.694188,43,67,0.891742
1603,30,87,0.700933,29,88,0.693755,43,66,0.904102
1604,30,89,0.6851,30,88,0.693322,43,66,0.903538
1605,31,85,0.716153,29,87,0.700669,44,68,0.877539
1606,30,86,0.707574,29,86,0.708182,44,67,0.889521
1607,30,85,0.715262,30,87,0.699797,44,68,0.876447
1608,31,88,0.690989,30,87,0.699361,43,67,0.888415
1609,29,85,0.714372,30,86,0.706862,44,65,0.913977
1610,31,87,0.697885,29,87,0.698493,43,67,0.887311
1611,31,87,0.697452,29,87,0.698059,45,66,0.899612
1612,31,86,0.70494,31,86,0.705546,43,67,0.886211
1613,31,85,0.712601,29,86,0.705109,44,69,0.861059
1614,31,85,0.712159,31,86,0.704672,43,65,0.911145
1615,30,84,0.719994,30,85,0.712323,43,66,0.897384
1616,29,85,0.711278,30,84,0.720153,43,66,0.896829
1617,30,85,0.710838,29,85,0.711442,43,69,0.858929
1618,31,85,0.710399,30,84,0.719263,44,67,0.882924
1619,30,85,0.70996,30,85,0.710563,43,66,0.895167
1620,30,85,0.709522,31,85,0.710125,46,68,0.869414
1621,31,83,0.725768,30,84,0.717932,44,67,0.88129
1622,30,83,0.725321,30,83,0.725923,43,66,0.893511
1623,30,83,0.724874,29,84,0.717047,42,64,0.919616
1624,31,83,0.724428,30,83,0.725029,43,67,0.879662
1625,31,83,0.723982,30,83,0.724583,44,66,0.891862
1626,32,83,0.723537,30,83,0.724137,44,67,0.87858
1627,31,82,0.7317,30,83,0.723692,42,66,0.890765
1628,29,82,0.731251,29,82,0.73185,44,67,0.877501
1629,29,83,0.722204,29,82,0.731401,44,66,0.889672
1630,30,82,0.730353,30,82,0.730952,43,68,0.86408
1631,32,79,0.756939,30,80,0.748306,49,67,0.875887
1632,34,80,0.74725,30,79,0.757073,45,67,0.87535
1633,31,79,0.756012,30,80,0.74739,44,67,0.874814
1634,31,82,0.728566,30,82,0.729163,43,65,0.899993
1635,34,81,0.736893,31,81,0.737489,45,65,0.899442
1636,32,80,0.745423,32,80,0.746019,45,67,0.87321
1637,36,80,0.744968,36,80,0.745564,47,65,0.898343
1638,34,80,0.744513,32,80,0.745109,49,65,0.897795
1639,30,80,0.744059,30,80,0.744654,46,64,0.910639
1640,35,80,0.743605,34,82,0.726495,50,67,0.87108
1641,34,79,0.752327,33,80,0.743746,48,65,0.896154
1642,33,79,0.751868,34,78,0.761861,46,65,0.895608
1643,32,79,0.751411,31,79,0.752004,46,64,0.908422
1644,31,79,0.750954,31,80,0.742389,45,66,0.881554
1645,31,80,0.741345,29,80,0.741938,45,64,0.907318
1646,30,80,0.740894,30,80,0.741487,42,65,0.893431
1647,31,78,0.758956,30,78,0.759548,45,68,0.855161
1648,30,79,0.749131,28,78,0.759087,47,65,0.892347
1649,32,78,0.758035,30,77,0.768222,47,64,0.905117
1650,32,78,0.757576,29,80,0.73969,45,65,0.891266
1651,31,77,0.766701,30,78,0.757707,48,66,0.877817
1652,33,77,0.766237,31,79,0.747908,45,64,0.903473
1653,29,77,0.765773,31,76,0.77618,44,67,0.86423
1654,30,76,0.775122,30,76,0.775711,45,65,0.88911
1655,29,76,0.774653,32,76,0.775242,51,65,0.888573
1656,32,75,0.78424,31,75,0.784828,48,65,0.888036
1657,33,76,0.773718,31,74,0.794667,53,65,0.8875
1658,33,74,0.7936,31,75,0.783881,47,66,0.874111
1659,32,74,0.793122,30,75,0.783409,47,66,0.873584
1660,34,73,0.803213,32,74,0.793231,48,64,0.899119
1661,35,75,0.781879,31,74,0.792753,46,64,0.898578
1662,33,70,0.835673,31,73,0.802832,45,65,0.88483
1663,31,73,0.801764,30,74,0.7918,44,67,0.859033
1664,32,70,0.834669,29,70,0.835253,44,63,0.910548
1665,31,72,0.811622,31,72,0.812207,44,66,0.870436
1666,30,72,0.811135,31,72,0.811719,43,65,0.882706
1667,30,69,0.844901,30,69,0.845484,43,64,0.895343
1668,30,72,0.810163,29,70,0.83325,45,63,0.908364
1669,31,70,0.832168,30,69,0.844471,43,65,0.881119
1670,30,69,0.843384,31,71,0.82086,42,65,0.880592
1671,29,71,0.819786,29,71,0.820368,44,64,0.8932
1672,30,68,0.854409,30,70,0.831257,44,63,0.906191
1673,30,68,0.853898,29,69,0.842452,44,64,0.892132
1674,31,69,0.841368,30,68,0.853968,46,64,0.891599
1675,34,67,0.865239,30,68,0.853458,43,68,0.840866
1676,32,68,0.85237,31,67,0.865302,44,65,0.877439
1677,30,68,0.851861,29,69,0.840443,42,64,0.890004
1678,30,67,0.863692,30,67,0.864271,45,64,0.889474
1679,31,68,0.850847,32,68,0.851425,47,64,0.888944
1680,32,67,0.862664,32,68,0.850918,45,64,0.888415
1681,33,67,0.862151,31,66,0.875407,44,65,0.874829
1682,30,67,0.861638,33,67,0.862215,46,65,0.874309
1683,33,67,0.861126,33,67,0.861703,45,64,0.886831
1684,33,66,0.873271,31,67,0.861191,45,64,0.886305
1685,33,67,0.860104,32,67,0.86068,46,63,0.8992
1686,31,66,0.872235,29,67,0.86017,44,66,0.859594
1687,31,66,0.871718,31,67,0.85966,44,65,0.871718
1688,33,66,0.871202,31,66,0.871777,45,63,0.897602
1689,31,66,0.870686,30,66,0.87126,48,61,0.925104
1690,32,66,0.870171,32,66,0.870745,50,64,0.883158
1691,34,66,0.869656,32,66,0.87023,43,64,0.882636
1692,32,65,0.882114,30,65,0.882688,47,64,0.882114
1693,31,65,0.881593,31,66,0.869202,44,64,0.881593
1694,30,65,0.881073,31,65,0.881645,46,64,0.881073
1695,32,65,0.880553,29,66,0.868176,44,62,0.907647
1696,31,65,0.880034,31,65,0.880606,44,62,0.907112
1697,31,65,0.879515,29,66,0.867153,47,64,0.879515
1698,32,65,0.878997,30,65,0.879569,49,64,0.878997
1699,32,65,0.87848,31,65,0.879051,46,64,0.87848
1700,32,65,0.877963,30,65,0.878534,44,63,0.891266
1701,31,65,0.877447,31,65,0.878017,46,65,0.864543
1702,31,65,0.876931,29,65,0.877501,43,65,0.864035
1703,33,64,0.889696,29,65,0.876986,46,62,0.903383
1704,32,64,0.889173,31,65,0.876472,46,64,0.875902
1705,32,65,0.875388,31,65,0.875957,46,64,0.875388
1706,32,65,0.874875,30,65,0.875444,44,61,0.915885
1707,31,64,0.887611,30,65,0.874931,46,63,0.887611
1708,32,64,0.887091,30,64,0.887659,45,63,0.887091
1709,31,64,0.886572,30,65,0.873907,44,62,0.900212
1710,32,64,0.886054,30,64,0.886621,44,65,0.859993
1711,31,64,0.885536,31,65,0.872886,45,63,0.885536
1712,31,64,0.885018,30,64,0.885585,44,61,0.912675
1713,29,64,0.884502,30,65,0.871867,44,61,0.912142
1714,30,64,0.883986,29,64,0.884551,50,63,0.883986
1715,32,64,0.88347,31,64,0.884036,46,62,0.897062
1716,31,64,0.882955,31,64,0.883521,45,63,0.882955
1717,31,64,0.882441,30,64,0.883006,46,64,0.86927
1718,32,64,0.881928,31,64,0.882492,45,63,0.881928
1719,29,64,0.881414,30,64,0.881979,46,64,0.868259
1720,39,64,0.880902,38,64,0.881466,47,64,0.867754
1721,33,64,0.88039,32,64,0.880954,49,62,0.893935
1722,32,64,0.879879,32,64,0.880442,50,64,0.866746
1723,31,64,0.879368,28,64,0.879931,45,64,0.866243
1724,31,65,0.865741,30,65,0.866304,44,62,0.892379
1725,30,65,0.865239,29,65,0.865801,43,61,0.905797
1726,31,65,0.864738,30,65,0.8653,45,61,0.905272
1727,32,65,0.864237,30,65,0.864799,47,63,0.877332
1728,31,65,0.863737,31,65,0.864298,44,63,0.876824
1729,35,65,0.863237,34,65,0.863798,45,64,0.863237
1730,30,64,0.87581,31,65,0.863299,44,62,0.889284
1731,31,65,0.86224,30,65,0.8628,45,62,0.88877
1732,31,65,0.861742,31,65,0.862302,46,61,0.902136
1733,31,65,0.861245,31,65,0.861805,46,62,0.887745
1734,31,64,0.87379,30,64,0.874349,45,64,0.860748
1735,30,65,0.860252,31,65,0.860811,52,63,0.873286
1736,32,64,0.872783,30,65,0.860315,45,62,0.886211
1737,31,65,0.859262,31,65,0.85982,43,62,0.8857
1738,32,65,0.858767,31,65,0.859325,45,62,0.885191
1739,31,65,0.858273,30,65,0.858831,48,62,0.884682
1740,32,65,0.85778,33,65,0.858338,45,63,0.870777
1741,31,64,0.870277,30,64,0.870834,46,62,0.883665
1742,30,64,0.869777,29,64,0.870334,45,62,0.883158
1743,32,64,0.869278,31,64,0.869834,45,62,0.882651
1744,30,64,0.86878,31,64,0.869336,44,61,0.895929
1745,31,64,0.868282,30,64,0.868837,45,60,0.909628
1746,31,64,0.867784,31,64,0.86834,44,62,0.881135
1747,31,64,0.867288,33,64,0.867843,43,62,0.880631
1748,31,64,0.866791,29,64,0.867346,43,60,0.908067
1749,29,64,0.866296,31,64,0.86685,44,62,0.879624
1750,30,64,0.865801,29,64,0.866355,45,61,0.892857
1751,30,64,0.865306,31,64,0.86586,45,62,0.878619
1752,30,64,0.864813,33,64,0.865366,48,61,0.891838
1753,31,64,0.864319,31,64,0.864872,44,63,0.864319
1754,31,64,0.863826,31,64,0.864379,45,61,0.890821
1755,31,64,0.863334,31,64,0.863887,44,62,0.876616
1756,32,64,0.862843,32,64,0.863395,46,62,0.876117
1757,31,64,0.862351,33,64,0.862903,45,61,0.8893
1758,32,64,0.861861,31,64,0.862413,44,61,0.888794
1759,32,64,0.861371,30,64,0.861922,45,60,0.902389
1760,30,64,0.860882,29,64,0.861433,44,61,0.887784
1761,31,64,0.860393,30,64,0.860943,44,62,0.873629
1762,31,64,0.859904,29,64,0.860455,45,62,0.873134
1763,32,64,0.859417,31,64,0.859967,45,61,0.886273
1764,31,64,0.858929,31,64,0.859479,46,59,0.914344
1765,32,64,0.858443,36,64,0.858992,50,61,0.885269
1766,33,64,0.857957,32,64,0.858506,50,61,0.884768
1767,32,64,0.857471,31,64,0.85802,47,62,0.870663
1768,32,64,0.856986,32,64,0.857535,46,60,0.897795
1769,31,64,0.856502,30,64,0.85705,46,61,0.883267
1770,30,64,0.856018,30,64,0.856566,44,61,0.882768
1771,30,63,0.868697,30,64,0.856082,44,63,0.855534
1772,33,63,0.868206,31,64,0.855599,45,61,0.881772
1773,30,64,0.854569,29,64,0.855116,44,60,0.895263
1774,32,63,0.867227,31,64,0.854634,49,59,0.90919
1775,32,63,0.866739,31,64,0.854153,45,63,0.853606
1776,31,63,0.866251,30,63,0.866797,44,58,0.923054
1777,32,63,0.865763,31,63,0.866309,45,60,0.893248
1778,30,63,0.865276,31,63,0.865822,45,59,0.907145
1779,31,63,0.86479,30,63,0.865335,45,62,0.86479
1780,31,63,0.864304,31,63,0.864849,44,60,0.891742
1781,32,63,0.863819,31,63,0.864363,46,61,0.877316
1782,32,63,0.863334,30,63,0.863878,45,61,0.876824
1783,31,63,0.86285,31,63,0.863394,44,62,0.86285
1784,31,63,0.862366,31,63,0.86291,45,61,0.875841
1785,30,63,0.861883,30,63,0.862426,45,61,0.87535
1786,30,63,0.861401,32,63,0.861943,44,60,0.888747
1787,31,63,0.860919,31,63,0.861461,50,59,0.902576
1788,32,63,0.860437,31,63,0.860979,45,59,0.902071
1789,30,63,0.859956,29,63,0.860498,46,59,0.901567
1790,34,63,0.859476,30,63,0.860017,45,59,0.901063
1791,31,63,0.858996,30,63,0.859537,45,59,0.90056
1792,32,63,0.858516,32,63,0.859057,51,60,0.885771
1793,31,63,0.858038,31,63,0.858578,47,61,0.871445
1794,31,63,0.857559,31,63,0.8581,45,59,0.899054
1795,32,63,0.857082,32,63,0.857622,51,61,0.870474
1796,35,63,0.856604,31,63,0.857144,45,60,0.883798
1797,30,63,0.856128,31,63,0.856667,46,59,0.897553
1798,33,63,0.855652,32,63,0.856191,47,59,0.897054
1799,32,63,0.855176,35,63,0.855715,48,59,0.896555
1800,31,63,0.854701,30,63,0.855239,45,59,0.896057
1801,32,63,0.854226,31,63,0.854764,46,59,0.89556
1802,31,63,0.853752,31,63,0.85429,46,59,0.895063
1803,32,63,0.853279,31,63,0.853816,47,59,0.894566
1804,31,63,0.852806,32,63,0.853343,46,59,0.894071
1805,32,63,0.852333,33,63,0.85287,45,59,0.893575
1806,31,63,0.851861,31,63,0.852398,45,60,0.878905
1807,31,63,0.85139,30,63,0.851926,45,61,0.864693
1808,31,63,0.850919,31,63,0.851455,46,59,0.892092
1809,31,63,0.850449,30,63,0.850984,47,59,0.891599
1810,31,63,0.849979,31,63,0.850514,45,58,0.905715
1811,32,63,0.849509,30,63,0.850045,46,59,0.890615
1812,30,63,0.849041,29,63,0.849575,47,58,0.904715
1813,30,63,0.848572,31,63,0.849107,44,58,0.904216
1814,30,63,0.848104,32,63,0.848639,54,60,0.875028
1815,31,63,0.847637,31,63,0.848171,53,61,0.860882
1816,36,63,0.84717,30,63,0.847704,45,57,0.917768
1817,33,63,0.846704,30,63,0.847238,44,58,0.902226
1818,31,63,0.846238,31,63,0.846772,44,60,0.873103
1819,32,63,0.845773,32,63,0.846306,48,60,0.872623
1820,31,63,0.845309,32,63,0.845841,46,60,0.872144
1821,31,63,0.844844,30,63,0.845377,46,59,0.885724
1822,31,63,0.844381,30,63,0.844913,46,59,0.885238
1823,30,63,0.843917,30,63,0.844449,44,58,0.899256
1824,30,63,0.843455,30,63,0.843986,44,59,0.884267
1825,31,63,0.842993,30,63,0.843524,45,58,0.898271
1826,31,63,0.842531,30,63,0.843062,43,58,0.897779
1827,30,63,0.84207,30,63,0.8426,45,58,0.897287
1828,32,63,0.841609,30,63,0.842139,49,61,0.854759
1829,30,63,0.841149,30,63,0.841679,45,58,0.896306
1830,31,63,0.840689,30,63,0.841219,45,61,0.853825
1831,31,63,0.84023,30,63,0.84076,46,58,0.895327
1832,30,63,0.839772,31,63,0.840301,46,59,0.880406
1833,32,63,0.839313,32,63,0.839842,44,59,0.879925
1834,30,63,0.838856,30,63,0.839384,45,59,0.879446
1835,31,63,0.838399,30,63,0.838927,46,58,0.893376
1836,31,63,0.837942,30,63,0.83847,47,60,0.864543
1837,31,63,0.837486,30,63,0.838013,47,59,0.878009
1838,34,63,0.83703,31,63,0.837558,45,59,0.877532
1839,32,63,0.836575,31,63,0.837102,43,58,0.891432
1840,31,63,0.83612,30,63,0.836647,45,57,0.905797
1841,32,63,0.835666,30,63,0.836193,44,59,0.876102
1842,31,63,0.835213,30,63,0.835739,45,58,0.889981
1843,31,63,0.834759,30,63,0.835285,44,59,0.875151
1844,32,63,0.834307,30,63,0.834832,44,57,0.903832
1845,31,63,0.833854,30,63,0.83438,45,58,0.888533
1846,31,63,0.833403,30,63,0.833928,44,59,0.873729
1847,31,63,0.832952,30,63,0.833476,43,60,0.859394
1848,31,63,0.832501,31,63,0.833025,46,58,0.887091
1849,31,63,0.832051,31,63,0.832575,46,58,0.886611
1850,31,63,0.831601,31,63,0.832125,44,56,0.91617
1851,31,63,0.831152,31,63,0.831675,44,58,0.885653
1852,31,63,0.830703,31,63,0.831226,44,57,0.899928
1853,32,63,0.830254,29,63,0.830778,44,58,0.884697
1854,32,63,0.829807,30,63,0.830329,46,57,0.898957
1855,33,63,0.829359,30,63,0.829882,47,58,0.883744
1856,35,63,0.828912,30,63,0.829435,45,60,0.855227
1857,31,63,0.828466,31,63,0.828988,45,57,0.897505
1858,32,63,0.82802,30,63,0.828542,44,57,0.897022
1859,31,63,0.827575,30,63,0.828096,45,57,0.896539
1860,31,63,0.82713,31,63,0.827651,45,57,0.896057
1861,31,63,0.826685,31,63,0.827206,45,57,0.895576
1862,32,63,0.826241,31,63,0.826762,45,59,0.866221
1863,32,63,0.825798,30,63,0.826318,45,58,0.879949
1864,31,63,0.825355,31,63,0.825875,45,57,0.894134
1865,32,63,0.824912,31,63,0.825432,44,57,0.893655
1866,31,63,0.82447,30,63,0.82499,44,60,0.850644
1867,30,63,0.824029,31,63,0.824548,45,58,0.878063
1868,31,63,0.823588,31,63,0.824106,45,56,0.907342
1869,31,63,0.823147,30,63,0.823665,49,57,0.891742
1870,31,63,0.822707,32,63,0.823225,45,59,0.862515
1871,31,63,0.822267,31,63,0.822785,45,57,0.890789
1872,31,63,0.821828,30,63,0.822345,46,57,0.890313
1873,33,63,0.821389,34,63,0.821906,48,57,0.889838
1874,35,63,0.820951,31,63,0.821468,49,59,0.860674
1875,33,63,0.820513,31,63,0.82103,45,56,0.903955
1876,31,63,0.820075,31,63,0.820592,46,57,0.888415
1877,31,63,0.819639,31,63,0.820155,46,57,0.887942
1878,31,63,0.819202,31,63,0.819718,46,57,0.887469
1879,32,63,0.818766,31,63,0.819282,47,56,0.90203
1880,31,63,0.818331,30,63,0.818846,45,58,0.871992
1881,31,63,0.817896,30,63,0.818411,45,58,0.871528
1882,30,63,0.817461,30,63,0.817976,45,57,0.885583
1883,32,63,0.817027,31,63,0.817542,44,57,0.885112
1884,30,63,0.816593,30,63,0.817108,45,57,0.884643
1885,32,63,0.81616,30,63,0.816674,46,55,0.914662
1886,32,63,0.815727,31,63,0.816241,44,55,0.914177
1887,31,63,0.815295,30,63,0.815809,45,56,0.898206
1888,32,63,0.814863,30,63,0.815376,44,57,0.882768
1889,30,63,0.814432,30,63,0.814945,47,57,0.882301
1890,31,63,0.814001,32,63,0.814514,46,57,0.881834
1891,31,63,0.81357,33,63,0.814083,45,56,0.896306
1892,39,63,0.81314,32,63,0.813653,46,56,0.895833
1893,32,63,0.812711,30,63,0.813223,45,57,0.880437
1894,31,63,0.812282,30,63,0.812793,44,56,0.894887
1895,31,63,0.811853,30,63,0.812365,44,55,0.909835
1896,30,63,0.811425,30,63,0.811936,46,56,0.893943
1897,31,63,0.810997,31,63,0.811508,46,55,0.908876
1898,31,63,0.81057,30,63,0.81108,47,56,0.893001
1899,32,63,0.810143,31,63,0.810653,46,58,0.863267
1900,31,63,0.809717,31,63,0.810227,44,56,0.892061
1901,30,63,0.809291,30,63,0.809801,44,56,0.891591
1902,30,63,0.808865,29,63,0.809375,43,57,0.876271
1903,30,63,0.80844,29,63,0.808949,44,56,0.890654
1904,31,63,0.808016,30,63,0.808525,45,56,0.890187
1905,31,63,0.807591,31,63,0.8081,45,57,0.874891
1906,31,63,0.807168,30,63,0.807676,45,56,0.889252
1907,31,63,0.806744,31,63,0.807253,45,57,0.873973
1908,31,63,0.806322,29,63,0.80683,43,57,0.873515
1909,32,63,0.805899,30,63,0.806407,46,58,0.858745
1910,31,63,0.805477,30,63,0.805985,48,56,0.88739
1911,32,63,0.805056,30,63,0.805563,49,56,0.886926
1912,31,63,0.804635,30,63,0.805142,44,58,0.857398
1913,30,63,0.804214,30,63,0.804721,45,56,0.885999
1914,32,63,0.803794,31,63,0.8043,45,57,0.870777
1915,31,63,0.803374,31,63,0.80388,45,56,0.885073
1916,32,63,0.802955,31,63,0.803461,45,55,0.899863
1917,32,63,0.802536,36,63,0.803042,52,56,0.88415
1918,33,63,0.802118,31,63,0.802623,44,55,0.898925
1919,31,63,0.8017,29,63,0.802205,43,56,0.883228
1920,31,63,0.801282,30,63,0.801787,44,56,0.882768
1921,30,63,0.800865,30,63,0.801369,46,56,0.882309
1922,30,63,0.800448,30,63,0.800953,45,56,0.88185
1923,32,63,0.800032,30,63,0.800536,46,55,0.896588
1924,33,63,0.799616,30,63,0.80012,46,56,0.880933
1925,31,63,0.799201,30,63,0.799704,44,54,0.911369
1926,31,63,0.798786,30,63,0.799289,43,54,0.910896
1927,31,63,0.798371,31,63,0.798874,45,55,0.894726
1928,31,63,0.797957,32,63,0.79846,49,56,0.879105
1929,33,63,0.797544,31,63,0.798046,44,55,0.893799
1930,32,63,0.79713,31,63,0.797633,45,56,0.878194
1931,31,63,0.796718,28,63,0.797219,45,56,0.87774
1932,31,63,0.796305,29,63,0.796807,44,56,0.877285
1933,30,63,0.795893,29,63,0.796395,45,55,0.891949
1934,31,63,0.795482,31,63,0.795983,46,54,0.907128
1935,29,63,0.795071,30,63,0.795571,46,55,0.891027
1936,30,63,0.79466,29,63,0.795161,47,55,0.890567
1937,31,63,0.79425,30,63,0.79475,47,56,0.875021
1938,31,63,0.79384,30,63,0.79434,48,56,0.874569
1939,31,63,0.79343,29,63,0.79393,45,55,0.889189
1940,32,63,0.793021,29,63,0.793521,46,54,0.904323
1941,29,63,0.792613,29,63,0.793112,43,55,0.888273
1942,30,63,0.792205,31,63,0.792704,44,54,0.903391
1943,31,63,0.791797,32,63,0.792296,47,55,0.887359
1944,31,63,0.79139,31,63,0.791888,45,56,0.87187
1945,30,63,0.790983,31,63,0.791481,45,54,0.901998
1946,31,63,0.790576,30,63,0.791074,47,55,0.885991
1947,30,63,0.79017,30,63,0.790668,44,55,0.885536
1948,32,63,0.789765,30,63,0.790262,45,55,0.885081
1949,32,63,0.789359,30,63,0.789857,46,55,0.884627
1950,31,63,0.788955,33,63,0.789452,46,56,0.869187
1951,32,63,0.78855,30,63,0.789047,46,54,0.899224
1952,31,63,0.788146,30,63,0.788643,44,55,0.883267
1953,30,63,0.787743,30,63,0.788239,46,54,0.898303
1954,31,63,0.78734,31,63,0.787836,44,55,0.882363
1955,32,63,0.786937,30,63,0.787433,46,54,0.897384
1956,42,63,0.786535,32,63,0.78703,45,55,0.881461
1957,30,63,0.786133,30,63,0.786628,44,55,0.881011
1958,31,63,0.785731,31,63,0.786226,45,55,0.880561
1959,31,63,0.78533,29,63,0.785825,47,53,0.911544
1960,31,63,0.784929,30,63,0.785424,46,56,0.864753
1961,31,63,0.784529,31,63,0.785023,49,55,0.879214
1962,31,63,0.784129,30,63,0.784623,47,53,0.91015
1963,32,63,0.78373,30,63,0.784224,45,55,0.878318
1964,32,63,0.783331,30,63,0.783824,46,56,0.862991
1965,32,63,0.782932,30,63,0.783425,46,54,0.892817
1966,31,63,0.782534,31,63,0.783027,46,54,0.892363
1967,33,63,0.782136,31,63,0.782629,45,55,0.876532
1968,33,63,0.781739,30,63,0.782231,47,54,0.891456
1969,32,63,0.781342,31,63,0.781834,47,55,0.875641
1970,32,63,0.780945,31,63,0.781437,47,55,0.875197
1971,32,63,0.780549,30,63,0.78104,46,53,0.905994
1972,31,63,0.780153,31,63,0.780644,47,56,0.85949
1973,32,63,0.779757,34,63,0.780249,52,55,0.873866
1974,31,63,0.779362,31,63,0.779853,50,53,0.904617
1975,32,63,0.778968,31,63,0.779459,46,54,0.888297
1976,33,63,0.778574,29,63,0.779064,47,54,0.887847
1977,29,63,0.77818,29,63,0.77867,44,54,0.887398
1978,31,63,0.777786,30,63,0.778276,45,54,0.886949
1979,31,63,0.777393,31,63,0.777883,46,53,0.902332
1980,33,63,0.777001,31,63,0.77749,46,54,0.886054
1981,31,63,0.776609,31,63,0.777098,44,54,0.885606
1982,31,63,0.776217,30,63,0.776706,46,54,0.885159
1983,30,63,0.775825,29,63,0.776314,45,55,0.869459
1984,35,63,0.775434,35,63,0.775923,45,53,0.900058
1985,32,63,0.775044,30,63,0.775532,47,55,0.868583
1986,31,63,0.774653,30,63,0.775141,48,55,0.868146
1987,32,63,0.774263,30,63,0.774751,49,55,0.867709
1988,32,63,0.773874,30,63,0.774362,44,55,0.867273
1989,30,63,0.773485,29,63,0.773972,43,54,0.882044
1990,30,63,0.773096,29,63,0.773583,45,54,0.881601
1991,30,63,0.772708,30,63,0.773195,46,54,0.881158
1992,31,63,0.77232,31,63,0.772807,44,53,0.896443
1993,32,63,0.771933,32,63,0.772419,46,54,0.880274
1994,31,63,0.771545,30,63,0.772031,45,53,0.895544
1995,30,63,0.771159,30,63,0.771644,43,55,0.86423
1996,31,63,0.770772,29,63,0.771258,44,55,0.863797
1997,31,63,0.770386,30,63,0.770872,46,55,0.863364
1998,32,63,0.770001,30,63,0.770486,46,54,0.878071
1999,32,63,0.769616,31,63,0.7701,45,54,0.877632
2000,30,63,0.769231,29,63,0.769715,45,55,0.862069
2001,31,63,0.768846,30,63,0.769331,46,53,0.892411
2002,30,63,0.768462,29,63,0.768946,46,54,0.876317
2003,31,63,0.768079,31,63,0.768563,45,53,0.89152
2004,31,63,0.767695,30,63,0.768179,45,53,0.891075
2005,32,63,0.767312,31,63,0.767796,45,53,0.890631
2006,30,63,0.76693,29,63,0.767413,45,55,0.85949
2007,30,63,0.766548,30,63,0.767031,45,52,0.90592
2008,30,63,0.766166,30,63,0.766649,48,53,0.8893
2009,32,63,0.765785,32,63,0.766267,46,52,0.905018
2010,33,63,0.765404,31,63,0.765886,46,53,0.888415
2011,34,63,0.765023,30,63,0.765505,45,52,0.904118
2012,29,63,0.764643,30,63,0.765125,47,53,0.887532
2013,31,63,0.764263,30,63,0.764745,45,54,0.871528
2014,30,63,0.763884,29,63,0.764365,44,54,0.871095
2015,30,63,0.763504,31,63,0.763985,46,54,0.870663
2016,32,63,0.763126,31,63,0.763607,47,53,0.885771
2017,31,63,0.762747,31,63,0.763228,46,53,0.885332
2018,31,63,0.762369,31,63,0.76285,45,54,0.869369
2019,30,63,0.761992,30,63,0.762472,44,52,0.900536
2020,31,63,0.761615,31,63,0.762094,45,54,0.868508
2021,30,63,0.761238,29,63,0.761717,43,53,0.88358
2022,32,63,0.760861,31,63,0.761341,44,53,0.883143
2023,29,63,0.760485,29,63,0.760964,45,53,0.882706
2024,31,63,0.760109,31,63,0.760588,47,52,0.898311
2025,31,63,0.759734,31,63,0.760213,45,51,0.914495
2026,31,63,0.759359,30,63,0.759837,46,53,0.881399
2027,30,63,0.758984,31,63,0.759463,44,51,0.913592
2028,31,63,0.75861,30,63,0.759088,45,53,0.88053
2029,30,63,0.758236,30,63,0.758714,44,55,0.849748
2030,32,63,0.757863,32,63,0.75834,50,53,0.879662
2031,31,63,0.75749,31,63,0.757967,45,52,0.895215
2032,32,63,0.757117,30,63,0.757594,45,51,0.911344
2033,32,63,0.756744,31,63,0.757221,45,51,0.910896
2034,31,63,0.756372,30,63,0.756849,47,53,0.877932
2035,33,63,0.756001,32,63,0.756477,48,53,0.877501
2036,32,63,0.755629,30,63,0.756105,45,51,0.909554
2037,32,63,0.755258,30,63,0.755734,47,53,0.876639
2038,32,63,0.754888,31,63,0.755363,46,52,0.89214
2039,32,63,0.754518,31,63,0.754993,46,53,0.875779
2040,31,63,0.754148,31,63,0.754623,47,52,0.891266
2041,31,63,0.753778,31,63,0.754253,46,53,0.874921
2042,32,63,0.753409,31,63,0.753884,46,53,0.874493
2043,31,63,0.75304,32,63,0.753515,45,54,0.85873
2044,31,63,0.752672,31,63,0.753146,46,53,0.873637
2045,31,63,0.752304,30,63,0.752778,43,51,0.905551
2046,30,63,0.751936,29,63,0.75241,46,53,0.872783
2047,31,63,0.751569,33,63,0.752042,44,52,0.888218
2048,32,63,0.751202,33,63,0.751675,49,53,0.871931
2049,31,63,0.750835,32,63,0.751308,45,52,0.887351
2050,32,63,0.750469,31,63,0.750942,46,53,0.87108
2051,31,63,0.750103,30,63,0.750576,46,53,0.870655
2052,30,63,0.749738,31,63,0.75021,48,52,0.886054
2053,31,63,0.749372,30,63,0.749845,48,52,0.885622
2054,31,63,0.749008,31,63,0.749479,47,52,0.885191
2055,32,63,0.748643,30,63,0.749115,48,54,0.853716
2056,32,63,0.748279,31,63,0.74875,46,53,0.868538
2057,32,63,0.747915,33,63,0.748386,45,51,0.900268
2058,30,63,0.747552,31,63,0.748023,46,51,0.899831
2059,31,63,0.747189,30,63,0.747659,45,52,0.883041
2060,31,63,0.746826,30,63,0.747296,45,52,0.882613
2061,31,63,0.746464,30,63,0.746934,47,51,0.898521
2062,30,63,0.746102,30,63,0.746572,46,53,0.866011
2063,32,63,0.74574,30,63,0.74621,46,53,0.865591
2064,31,63,0.745379,31,63,0.745848,45,52,0.880902
2065,31,63,0.745018,31,63,0.745487,46,51,0.896781
2066,30,63,0.744657,30,63,0.745126,46,54,0.84917
2067,33,63,0.744297,31,63,0.744766,44,53,0.863916
2068,34,63,0.743937,31,63,0.744406,47,52,0.879198
2069,32,63,0.743577,31,63,0.744046,45,52,0.878773
2070,30,63,0.743218,30,63,0.743686,46,51,0.894614
2071,30,63,0.742859,31,63,0.743327,48,52,0.877925
2072,32,63,0.742501,31,63,0.742969,47,54,0.846711
2073,32,63,0.742143,32,63,0.74261,50,49,0.927678
2074,33,63,0.741785,31,63,0.742252,46,52,0.876655
2075,31,63,0.741427,32,63,0.741894,48,52,0.876232
2076,32,63,0.74107,31,63,0.741537,46,52,0.87581
2077,33,63,0.740713,30,63,0.74118,45,49,0.925892
2078,32,63,0.740357,31,63,0.740823,47,54,0.844267
2079,32,63,0.740001,30,63,0.740467,47,51,0.890742
2080,32,63,0.739645,32,63,0.740111,46,52,0.874126
2081,32,63,0.73929,31,63,0.739755,49,50,0.906676
2082,31,63,0.738934,30,63,0.7394,49,51,0.889458
2083,31,63,0.73858,31,63,0.739045,46,52,0.872867
2084,32,63,0.738225,30,63,0.73869,47,54,0.841836
2085,32,63,0.737871,31,63,0.738336,44,51,0.888178
2086,30,63,0.737518,29,63,0.737982,45,52,0.871612
2087,31,63,0.737164,30,63,0.737629,44,50,0.904069
2088,32,63,0.736811,31,63,0.737275,45,50,0.903636
2089,32,63,0.736458,30,63,0.736922,47,51,0.886478
2090,32,63,0.736106,30,63,0.73657,47,51,0.886054
2091,31,63,0.735754,30,63,0.736217,45,50,0.90234
2092,31,63,0.735402,31,63,0.735866,48,52,0.869112
2093,31,63,0.735051,30,63,0.735514,46,50,0.901478
2094,32,63,0.7347,31,63,0.735163,45,50,0.901047
2095,31,63,0.734349,31,63,0.734812,47,51,0.883939
2096,31,63,0.733999,31,63,0.734461,47,51,0.883517
2097,31,63,0.733649,31,63,0.734111,45,51,0.883096
2098,32,63,0.733299,29,63,0.733761,43,52,0.866626
2099,31,63,0.73295,30,63,0.733412,45,52,0.866213
2100,30,63,0.732601,31,63,0.733062,47,52,0.865801
2101,32,63,0.732252,31,63,0.732713,45,50,0.898045
2102,31,63,0.731904,30,63,0.732365,45,52,0.864977
2103,32,63,0.731556,29,63,0.732017,45,51,0.880576
2104,31,63,0.731208,30,63,0.731669,46,51,0.880158
2105,31,63,0.730861,29,63,0.731321,45,51,0.87974
2106,31,63,0.730514,30,63,0.730974,47,50,0.895913
2107,32,63,0.730167,31,63,0.730627,45,50,0.895488
2108,33,63,0.72982,30,63,0.73028,47,51,0.878488
2109,31,63,0.729474,31,63,0.729934,47,51,0.878071
2110,31,63,0.729129,32,63,0.729588,45,51,0.877655
2111,32,63,0.728783,30,63,0.729242,47,50,0.893791
2112,31,63,0.728438,30,63,0.728897,47,50,0.893368
2113,31,63,0.728093,30,63,0.728552,45,52,0.860474
2114,31,63,0.727749,31,63,0.728208,47,49,0.909686
2115,33,63,0.727405,29,63,0.727863,44,50,0.8921
2116,29,63,0.727061,30,63,0.727519,44,50,0.891679
2117,31,63,0.726718,30,63,0.727176,45,51,0.874753
2118,30,63,0.726375,30,63,0.726832,47,49,0.907968
2119,33,63,0.726032,30,63,0.726489,45,50,0.890416
2120,31,63,0.725689,31,63,0.726147,45,50,0.889996
2121,30,63,0.725347,30,63,0.725804,47,50,0.889577
2122,31,63,0.725005,31,63,0.725462,45,50,0.889158
2123,30,63,0.724664,30,63,0.72512,44,49,0.90583
2124,31,63,0.724323,30,63,0.724779,45,51,0.87187
2125,32,63,0.723982,32,63,0.724438,46,50,0.887902
2126,32,63,0.723641,31,63,0.724097,45,51,0.87105
2127,33,63,0.723301,30,63,0.723757,46,50,0.887067
2128,31,63,0.722961,30,63,0.723417,46,51,0.870231
2129,30,63,0.722622,30,63,0.723077,47,50,0.886234
2130,31,63,0.722282,30,63,0.722737,47,50,0.885818
2131,31,63,0.721943,31,63,0.722398,47,51,0.869006
2132,31,63,0.721605,31,63,0.722059,45,50,0.884987
2133,30,63,0.721267,30,63,0.721721,46,50,0.884572
2134,32,63,0.720929,31,63,0.721383,46,50,0.884158
2135,32,63,0.720591,30,63,0.721045,47,50,0.883744
2136,31,63,0.720254,32,63,0.720707,47,52,0.851209
2137,33,63,0.719916,31,63,0.72037,47,51,0.866566
2138,31,63,0.71958,30,63,0.720033,44,50,0.882503
2139,30,63,0.719243,31,63,0.719696,47,49,0.899054
2140,31,63,0.718907,32,63,0.71936,46,51,0.865351
2141,32,63,0.718571,34,63,0.719024,48,50,0.881267
2142,33,63,0.718236,34,63,0.718689,48,49,0.897795
2143,34,63,0.717901,33,63,0.718353,47,50,0.880444
2144,35,63,0.717566,31,63,0.718018,47,50,0.880034
2145,35,63,0.717231,31,63,0.717683,50,50,0.879624
2146,31,63,0.716897,30,63,0.717349,46,49,0.896122
2147,32,63,0.716563,30,63,0.717015,47,49,0.895704
2148,32,63,0.71623,31,63,0.716681,45,49,0.895287
2149,32,63,0.715896,31,63,0.716347,46,49,0.894871
2150,34,63,0.715564,31,63,0.716014,47,50,0.877578
2151,31,63,0.715231,31,63,0.715681,46,50,0.87717
2152,31,63,0.714898,30,63,0.715349,46,50,0.876762
2153,32,63,0.714566,31,63,0.715017,46,49,0.893208
2154,33,63,0.714235,31,63,0.714685,48,48,0.910299
2155,31,63,0.713903,30,63,0.714353,48,51,0.859328
2156,31,63,0.713572,32,63,0.714022,47,50,0.875136
2157,31,63,0.713241,30,63,0.713691,46,50,0.87473
2158,30,63,0.712911,31,63,0.71336,45,50,0.874325
2159,31,63,0.712581,30,63,0.71303,45,49,0.890726
2160,32,63,0.712251,30,63,0.712699,46,50,0.873515
2161,32,63,0.711921,31,63,0.71237,47,49,0.889901
2162,32,63,0.711592,31,63,0.71204,45,51,0.856546
2163,32,63,0.711263,33,63,0.711711,48,50,0.872303
2164,30,63,0.710934,30,63,0.711382,46,49,0.888668
2165,31,63,0.710606,30,63,0.711053,47,50,0.871498
2166,30,63,0.710278,30,63,0.710725,46,48,0.905256
2167,31,63,0.70995,30,63,0.710397,46,49,0.887437
2168,33,63,0.709622,30,63,0.71007,48,50,0.870292
2169,32,63,0.709295,32,63,0.709742,49,50,0.86989
2170,32,63,0.708968,31,63,0.709415,45,50,0.86949
2171,30,63,0.708642,30,63,0.709088,45,47,0.921234
2172,29,63,0.708316,31,63,0.708762,46,49,0.885395
2173,31,63,0.70799,30,63,0.708436,46,49,0.884987
2174,31,63,0.707664,31,63,0.70811,46,49,0.88458
2175,32,63,0.707339,32,63,0.707784,47,50,0.867491
2176,32,63,0.707014,30,63,0.707459,46,49,0.883767
2177,31,63,0.706689,30,63,0.707134,44,49,0.883361
2178,30,63,0.706364,30,63,0.706809,44,49,0.882955
2179,31,63,0.70604,30,63,0.706485,46,49,0.88255
2180,32,63,0.705716,32,63,0.706161,46,48,0.899442
2181,31,63,0.705393,32,63,0.705837,49,49,0.881741
2182,32,63,0.705069,30,63,0.705514,45,50,0.864708
2183,31,63,0.704746,30,63,0.70519,45,50,0.864312
2184,31,63,0.704424,30,63,0.704868,45,49,0.88053
2185,32,63,0.704101,31,63,0.704545,47,49,0.880127
2186,31,63,0.703779,31,63,0.704223,45,48,0.896974
2187,32,63,0.703457,31,63,0.703901,46,50,0.862731
2188,31,63,0.703136,30,63,0.703579,45,50,0.862337
2189,31,63,0.702815,30,63,0.703258,46,48,0.895744
2190,31,63,0.702494,30,63,0.702936,47,49,0.878117
2191,31,63,0.702173,31,63,0.702616,46,49,0.877717
2192,30,63,0.701853,31,63,0.702295,48,48,0.894518
2193,32,63,0.701533,31,63,0.701975,45,49,0.876916
2194,32,63,0.701213,29,63,0.701655,45,48,0.893703
2195,31,63,0.700894,31,63,0.701335,45,48,0.893296
2196,32,63,0.700574,30,63,0.701016,45,48,0.892889
2197,32,63,0.700256,31,63,0.700697,47,49,0.875319
2198,32,63,0.699937,32,63,0.700378,45,51,0.842517
2199,32,63,0.699619,30,63,0.700059,45,49,0.874523
2200,32,63,0.699301,30,63,0.699741,46,49,0.874126
2201,31,63,0.698983,31,63,0.699423,45,48,0.890861
2202,33,63,0.698666,32,63,0.699106,46,49,0.873332
2203,31,63,0.698348,31,63,0.698788,46,48,0.890052
2204,32,63,0.698032,31,63,0.698471,46,49,0.872539
2205,29,63,0.697715,30,63,0.698155,44,50,0.855688
2206,30,63,0.697399,30,63,0.697838,45,48,0.888841
2207,31,63,0.697083,29,63,0.697522,47,48,0.888439
2208,31,63,0.696767,30,63,0.697206,47,47,0.905797
2209,35,63,0.696452,29,63,0.69689,45,48,0.887634
2210,32,63,0.696136,30,63,0.696575,46,51,0.837942
2211,31,63,0.695822,30,63,0.69626,46,48,0.886831
2212,30,63,0.695507,30,63,0.695945,46,48,0.886431
2213,32,63,0.695193,32,63,0.695631,45,49,0.868991
2214,32,63,0.694879,32,63,0.695317,47,47,0.903342
2215,33,63,0.694565,31,63,0.695003,45,48,0.88523
2216,31,63,0.694252,29,63,0.694689,45,47,0.902527
2217,32,63,0.693938,30,63,0.694376,46,47,0.90212
2218,31,63,0.693626,31,63,0.694063,45,47,0.901713
2219,31,63,0.693313,32,63,0.69375,46,46,0.919701
2220,32,63,0.693001,31,63,0.693437,46,47,0.900901
2221,32,63,0.692689,31,63,0.693125,44,48,0.882839
2222,29,63,0.692377,30,63,0.692813,45,48,0.882441
2223,30,63,0.692065,31,63,0.692501,45,48,0.882044
2224,31,63,0.691754,32,63,0.69219,45,46,0.917633
2225,31,63,0.691443,31,63,0.691879,48,48,0.881251
2226,31,63,0.691133,31,63,0.691568,48,48,0.880855
2227,33,63,0.690822,32,63,0.691258,46,49,0.863528
2228,30,63,0.690512,31,63,0.690947,44,49,0.86314
2229,30,63,0.690203,31,63,0.690637,45,48,0.87967
2230,30,63,0.689893,30,63,0.690328,47,49,0.862366
2231,32,63,0.689584,31,63,0.690018,46,46,0.914754
2232,32,63,0.689275,31,63,0.689709,45,47,0.896057
2233,31,63,0.688966,30,63,0.6894,45,48,0.878094
2234,31,63,0.688658,30,63,0.689092,44,47,0.895255
2235,31,63,0.68835,30,63,0.688783,46,47,0.894855
2236,32,63,0.688042,30,63,0.688475,46,49,0.860052
2237,31,63,0.687734,31,63,0.688168,47,48,0.876524
2238,33,63,0.687427,30,63,0.68786,46,48,0.876132
2239,30,63,0.68712,30,63,0.687553,44,47,0.893256
2240,31,63,0.686813,30,63,0.687246,45,47,0.892857
2241,32,63,0.686507,30,63,0.686939,44,48,0.87496
2242,31,63,0.686201,31,63,0.686633,46,48,0.874569
2243,32,63,0.685895,31,63,0.686327,46,46,0.90986
2244,32,63,0.685589,30,63,0.686021,44,46,0.909455
2245,30,63,0.685284,32,63,0.685715,45,46,0.90905
2246,33,63,0.684978,30,63,0.68541,44,49,0.856223
2247,30,63,0.684674,30,63,0.685105,47,48,0.872623
2248,32,63,0.684369,32,63,0.6848,46,49,0.855461
2249,32,63,0.684065,31,63,0.684496,46,48,0.871847
2250,32,63,0.683761,31,63,0.684191,46,49,0.854701
2251,31,63,0.683457,31,63,0.683888,45,49,0.854321
2252,31,63,0.683153,30,63,0.683584,45,47,0.888099
2253,31,63,0.68285,30,63,0.68328,45,46,0.905822
2254,32,63,0.682547,33,63,0.682977,47,49,0.853184
2255,34,63,0.682245,31,63,0.682674,47,47,0.886918
2256,31,63,0.681942,29,63,0.682372,46,47,0.886525
2257,31,63,0.68164,29,63,0.682069,47,48,0.868757
2258,31,63,0.681338,31,63,0.681767,44,48,0.868372
2259,32,63,0.681037,32,63,0.681466,45,49,0.851296
2260,32,63,0.680735,31,63,0.681164,48,48,0.867604
2261,33,63,0.680434,31,63,0.680863,47,46,0.902617
2262,32,63,0.680133,32,63,0.680562,45,47,0.884173
2263,34,63,0.679833,31,63,0.680261,46,46,0.901819
2264,31,63,0.679532,31,63,0.679961,45,47,0.883392
2265,30,63,0.679232,30,63,0.67966,45,46,0.901023
2266,31,63,0.678933,31,63,0.67936,47,47,0.882613
2267,31,63,0.678633,31,63,0.679061,47,47,0.882223
2268,33,63,0.678334,31,63,0.678761,46,48,0.864543
2269,31,63,0.678035,30,63,0.678462,47,46,0.899434
2270,32,63,0.677736,30,63,0.678163,47,47,0.881057
2271,30,63,0.677438,31,63,0.677865,43,47,0.880669
2272,32,63,0.67714,33,63,0.677566,47,46,0.898247
2273,33,63,0.676842,31,63,0.677268,45,46,0.897851
2274,32,63,0.676544,32,63,0.67697,47,47,0.879507
2275,31,63,0.676247,30,63,0.676673,45,47,0.879121
2276,30,63,0.67595,31,63,0.676376,44,47,0.878735
2277,32,63,0.675653,28,63,0.676079,46,46,0.896274
2278,32,63,0.675356,32,63,0.675782,45,47,0.877963
2279,33,63,0.67506,32,63,0.675485,45,47,0.877578
2280,32,63,0.674764,31,63,0.675189,45,47,0.877193
2281,32,63,0.674468,29,63,0.674893,46,46,0.894702
2282,30,63,0.674172,30,63,0.674597,45,47,0.876424
2283,31,63,0.673877,31,63,0.674302,46,48,0.858863
2284,33,63,0.673582,31,63,0.674006,45,46,0.893527
2285,32,63,0.673287,30,63,0.673711,48,47,0.875274
2286,33,63,0.672993,31,63,0.673417,45,46,0.892746
2287,32,63,0.672699,30,63,0.673122,49,46,0.892355
2288,32,63,0.672405,31,63,0.672828,48,46,0.891965
2289,32,63,0.672111,31,63,0.672534,48,46,0.891576
2290,32,63,0.671817,32,63,0.672241,47,46,0.891186
2291,31,63,0.671524,31,63,0.671947,48,46,0.890797
2292,33,63,0.671231,31,63,0.671654,47,47,0.8726
2293,32,63,0.670938,31,63,0.671361,46,47,0.87222
2294,31,63,0.670646,30,63,0.671068,45,47,0.87184
2295,32,63,0.670354,30,63,0.670776,46,48,0.854372
2296,30,63,0.670062,31,63,0.670484,45,46,0.888857
2297,33,63,0.66977,31,63,0.670192,45,45,0.90698
2298,31,63,0.669478,32,63,0.6699,48,46,0.888084
2299,30,63,0.669187,31,63,0.669609,45,46,0.887697
2300,32,63,0.668896,29,63,0.669318,46,47,0.869565
2301,30,63,0.668606,29,63,0.669027,45,47,0.869187
2302,32,63,0.668315,32,63,0.668736,46,46,0.886541
2303,33,63,0.668025,32,63,0.668446,47,46,0.886156
2304,31,63,0.667735,31,63,0.668156,46,46,0.885771
2305,31,63,0.667445,30,63,0.667866,45,46,0.885387
2306,31,63,0.667156,30,63,0.667576,45,46,0.885003
2307,33,63,0.666867,31,63,0.667287,48,44,0.922262
2308,32,63,0.666578,32,63,0.666998,46,45,0.902657
2309,32,63,0.666289,31,63,0.666709,48,46,0.883853
2310,32,63,0.666001,32,63,0.66642,46,45,0.901876
2311,32,63,0.665712,30,63,0.666132,45,46,0.883088
2312,31,63,0.665425,31,63,0.665844,47,46,0.882706
2313,32,63,0.665137,31,63,0.665556,46,45,0.900706
2314,31,63,0.664849,31,63,0.665268,46,45,0.900317
2315,31,63,0.664562,30,63,0.664981,47,46,0.881562
2316,31,63,0.664275,32,63,0.664694,45,47,0.863558
2317,33,63,0.663989,30,63,0.664407,45,45,0.899151
2318,31,63,0.663702,30,63,0.66412,44,46,0.880421
2319,31,63,0.663416,30,63,0.663834,46,45,0.898376
2320,32,63,0.66313,31,63,0.663548,46,47,0.862069
2321,31,63,0.662844,31,63,0.663262,48,45,0.897602
2322,31,63,0.662559,31,63,0.662976,45,46,0.878905
2323,32,63,0.662274,30,63,0.662691,43,45,0.896829
2324,31,63,0.661989,30,63,0.662406,46,46,0.878148
2325,31,63,0.661704,30,63,0.662121,50,45,0.896057
2326,33,63,0.661419,32,63,0.661836,46,46,0.877393
2327,32,63,0.661135,31,63,0.661552,46,46,0.877016
2328,32,63,0.660851,31,63,0.661268,47,44,0.913943
2329,32,63,0.660567,31,63,0.660984,44,45,0.894518
2330,31,63,0.660284,30,63,0.6607,44,46,0.875887
2331,34,63,0.660001,30,63,0.660416,46,48,0.841177
2332,32,63,0.659718,33,63,0.660133,47,45,0.893368
2333,32,63,0.659435,31,63,0.65985,46,45,0.892985
2334,31,63,0.659152,30,63,0.659568,46,47,0.856898
2335,32,63,0.65887,30,63,0.659285,45,45,0.89222
2336,31,63,0.658588,31,63,0.659003,46,46,0.873637
2337,33,63,0.658306,30,63,0.658721,46,44,0.910423
2338,31,63,0.658025,30,63,0.658439,48,46,0.87289
2339,31,63,0.657743,30,63,0.658158,45,45,0.890694
2340,31,63,0.657462,29,63,0.657876,46,45,0.890313
2341,33,63,0.657181,29,63,0.657595,46,46,0.871771
2342,30,63,0.656901,31,63,0.657315,47,45,0.889553
2343,31,63,0.65662,31,63,0.657034,47,46,0.871027
2344,33,63,0.65634,32,63,0.656754,47,45,0.888794
2345,32,63,0.65606,31,63,0.656474,46,44,0.907318
2346,33,63,0.655781,32,63,0.656194,47,45,0.888036
2347,31,63,0.655501,30,63,0.655914,46,44,0.906544
2348,30,63,0.655222,32,63,0.655635,47,45,0.88728
2349,32,63,0.654943,32,63,0.655356,46,47,0.851426
2350,33,63,0.654664,30,63,0.655077,47,46,0.868432
2351,32,63,0.654386,30,63,0.654798,45,47,0.850702
2352,31,63,0.654108,30,63,0.65452,50,44,0.904617
2353,36,63,0.65383,31,63,0.654242,46,45,0.885395
2354,31,63,0.653552,31,63,0.653964,46,44,0.903849
2355,33,63,0.653275,31,63,0.653686,48,45,0.884643
2356,33,63,0.652997,31,63,0.653409,46,46,0.866221
2357,30,63,0.65272,30,63,0.653131,46,45,0.883892
2358,31,63,0.652443,30,63,0.652854,46,46,0.865486
2359,31,63,0.652167,31,63,0.652578,46,44,0.901933
2360,32,63,0.65189,32,63,0.652301,48,45,0.882768
2361,32,63,0.651614,31,63,0.652025,50,44,0.901169
2362,32,63,0.651339,32,63,0.651749,47,47,0.84674
2363,32,63,0.651063,29,63,0.651473,45,44,0.900406
2364,30,63,0.650787,30,63,0.651197,47,46,0.863289
2365,31,63,0.650512,31,63,0.650922,50,45,0.880902
2366,31,63,0.650237,32,63,0.650647,49,47,0.845309
2367,31,63,0.649963,32,63,0.650372,47,46,0.862195
2368,31,63,0.649688,31,63,0.650097,48,45,0.879786
2369,31,63,0.649414,32,63,0.649823,46,47,0.844238
2370,31,63,0.64914,31,63,0.649549,46,44,0.897747
2371,33,63,0.648866,30,63,0.649275,45,45,0.878673
2372,31,63,0.648593,31,63,0.649001,46,45,0.878302
2373,31,63,0.648319,32,63,0.648728,49,45,0.877932
2374,32,63,0.648046,31,63,0.648454,46,45,0.877562
2375,31,63,0.647773,29,63,0.648181,47,45,0.877193
2376,31,63,0.647501,31,63,0.647909,46,45,0.876824
2377,31,63,0.647228,31,63,0.647636,48,45,0.876455
2378,31,63,0.646956,30,63,0.647364,47,45,0.876086
2379,32,63,0.646684,33,63,0.647092,48,44,0.89435
2380,32,63,0.646412,32,63,0.64682,46,46,0.857486
2381,32,63,0.646141,30,63,0.646548,47,45,0.874983
2382,31,63,0.64587,31,63,0.646277,46,43,0.912642
2383,30,63,0.645599,30,63,0.646005,46,44,0.892849
2384,31,63,0.645328,31,63,0.645734,47,43,0.911876
2385,33,63,0.645057,31,63,0.645464,49,45,0.873515
2386,32,63,0.644787,31,63,0.645193,46,45,0.873149
2387,32,63,0.644517,31,63,0.644923,47,46,0.854971
2388,31,63,0.644247,29,63,0.644653,48,43,0.910349
2389,32,63,0.643977,30,63,0.644383,46,44,0.890607
2390,30,63,0.643708,31,63,0.644113,47,45,0.871688
2391,31,63,0.643439,30,63,0.643844,45,44,0.889862
2392,32,63,0.64317,31,63,0.643575,47,44,0.88949
2393,31,63,0.642901,31,63,0.643306,45,43,0.908447
2394,31,63,0.642632,30,63,0.643037,44,43,0.908067
2395,31,63,0.642364,30,63,0.642769,47,44,0.888376
2396,31,63,0.642096,31,63,0.6425,47,44,0.888005
2397,32,63,0.641828,31,63,0.642232,51,46,0.851404
2398,33,63,0.64156,30,63,0.641964,47,44,0.887264
2399,31,63,0.641293,29,63,0.641697,46,43,0.906175
2400,31,63,0.641026,31,63,0.641429,48,43,0.905797
2401,32,63,0.640759,32,63,0.641162,47,44,0.886156
2402,32,63,0.640492,32,63,0.640895,47,43,0.905043
2403,32,63,0.640225,31,63,0.640629,47,43,0.904666
2404,32,63,0.639959,31,63,0.640362,46,44,0.88505
2405,31,63,0.639693,33,63,0.640096,46,45,0.866251
2406,31,63,0.639427,32,63,0.63983,46,44,0.884314
2407,32,63,0.639161,30,63,0.639564,47,43,0.903163
2408,32,63,0.638896,30,63,0.639298,45,45,0.865172
2409,33,63,0.638631,31,63,0.639033,47,43,0.902413
2410,31,63,0.638366,31,63,0.638768,49,44,0.882846
2411,31,63,0.638101,30,63,0.638503,48,44,0.88248
2412,32,63,0.637836,31,63,0.638238,45,45,0.863737
2413,31,63,0.637572,31,63,0.637974,46,43,0.900917
2414,32,63,0.637308,32,63,0.63771,48,46,0.845409
2415,32,63,0.637044,31,63,0.637445,48,45,0.862664
2416,32,63,0.63678,32,63,0.637182,45,42,0.919794
2417,32,63,0.636517,32,63,0.636918,44,44,0.880289
2418,31,63,0.636254,31,63,0.636655,48,44,0.879925
2419,33,63,0.635991,31,63,0.636391,46,43,0.898683
2420,32,63,0.635728,32,63,0.636128,47,45,0.860882
2421,32,63,0.635465,32,63,0.635866,48,44,0.878835
2422,31,63,0.635203,31,63,0.635603,47,42,0.917515
2423,31,63,0.634941,31,63,0.635341,48,45,0.859816
2424,30,63,0.634679,30,63,0.635079,45,44,0.877747
2425,31,63,0.634417,30,63,0.634817,46,43,0.896459
2426,32,63,0.634156,32,63,0.634555,51,43,0.896089
2427,31,63,0.633894,30,63,0.634294,49,45,0.858399
2428,31,63,0.633633,31,63,0.634032,47,45,0.858045
2429,30,63,0.633372,30,63,0.633771,47,43,0.894983
2430,32,63,0.633112,31,63,0.633511,46,43,0.894614
2431,32,63,0.632851,30,63,0.63325,47,42,0.914119
2432,33,63,0.632591,31,63,0.63299,47,43,0.893879
2433,33,63,0.632331,34,63,0.632729,46,43,0.893511
2434,33,63,0.632071,31,63,0.63247,46,43,0.893144
2435,33,63,0.631812,29,63,0.63221,45,43,0.892777
2436,30,63,0.631552,33,63,0.63195,46,44,0.873423
2437,32,63,0.631293,31,63,0.631691,50,44,0.873065
2438,32,63,0.631034,32,63,0.631432,47,44,0.872707
2439,31,63,0.630776,31,63,0.631173,46,43,0.891313
2440,32,63,0.630517,30,63,0.630914,45,43,0.890948
2441,32,63,0.630259,29,63,0.630656,47,43,0.890583
2442,33,63,0.630001,32,63,0.630398,48,43,0.890218
2443,33,63,0.629743,32,63,0.630139,48,43,0.889854
2444,32,63,0.629485,31,63,0.629882,47,44,0.870564
2445,32,63,0.629228,31,63,0.629624,47,45,0.852079
2446,31,63,0.62897,30,63,0.629367,45,46,0.834348
2447,31,63,0.628713,31,63,0.629109,46,44,0.869497
2448,31,63,0.628457,29,63,0.628852,46,45,0.851035
2449,32,63,0.6282,31,63,0.628596,47,43,0.887674
2450,32,63,0.627943,31,63,0.628339,46,44,0.868432
2451,33,63,0.627687,33,63,0.628083,48,44,0.868078
2452,32,63,0.627431,31,63,0.627827,46,43,0.886588
2453,32,63,0.627176,31,63,0.627571,47,44,0.86737
2454,30,63,0.62692,31,63,0.627315,48,42,0.905551
2455,32,63,0.626665,32,63,0.627059,47,43,0.885504
2456,31,63,0.626409,32,63,0.626804,46,43,0.885144
2457,33,63,0.626154,32,63,0.626549,46,44,0.865958
2458,31,63,0.6259,31,63,0.626294,47,44,0.865606
2459,32,63,0.625645,31,63,0.626039,47,42,0.90371
2460,33,63,0.625391,31,63,0.625785,45,43,0.883704
2461,32,63,0.625137,29,63,0.625531,45,44,0.864551
2462,32,63,0.624883,31,63,0.625277,49,43,0.882987
2463,33,63,0.624629,32,63,0.625023,48,42,0.902242
2464,32,63,0.624376,31,63,0.624769,49,44,0.863498
2465,31,63,0.624122,30,63,0.624516,44,45,0.845166
2466,31,63,0.623869,31,63,0.624262,45,43,0.881554
2467,32,63,0.623616,31,63,0.624009,48,44,0.862448
2468,32,63,0.623364,32,63,0.623756,49,41,0.920878
2469,34,63,0.623111,30,63,0.623504,47,43,0.880483
2470,31,63,0.622859,32,63,0.623251,45,44,0.861401
2471,33,63,0.622607,30,63,0.622999,47,42,0.899321
2472,31,63,0.622355,31,63,0.622747,47,43,0.879415
2473,32,63,0.622103,31,63,0.622495,49,45,0.842432
2474,33,63,0.621852,31,63,0.622244,47,43,0.878704
2475,33,63,0.621601,31,63,0.621992,48,44,0.85966
2476,32,63,0.62135,32,63,0.621741,48,42,0.897505
2477,31,63,0.621099,32,63,0.62149,46,43,0.87764
2478,32,63,0.620848,31,63,0.621239,47,43,0.877285
2479,32,63,0.620598,30,63,0.620989,46,42,0.896419
2480,32,63,0.620347,31,63,0.620738,47,43,0.876578
2481,33,63,0.620097,31,63,0.620488,47,44,0.857581
2482,32,63,0.619848,32,63,0.620238,48,43,0.875871
2483,32,63,0.619598,31,63,0.619988,47,44,0.856891
2484,31,63,0.619348,31,63,0.619739,47,41,0.914947
2485,31,63,0.619099,30,63,0.619489,46,44,0.856201
2486,32,63,0.61885,33,63,0.61924,50,42,0.893895
2487,34,63,0.618601,32,63,0.618991,47,44,0.855512
2488,33,63,0.618353,31,63,0.618742,48,43,0.873759
2489,32,63,0.618104,33,63,0.618494,44,43,0.873408
2490,31,63,0.617856,30,63,0.618245,49,42,0.892459
2491,32,63,0.617608,31,63,0.617997,45,43,0.872707
2492,31,63,0.61736,31,63,0.617749,48,43,0.872357
2493,32,63,0.617113,31,63,0.617501,48,42,0.891385
2494,32,63,0.616865,30,63,0.617254,47,42,0.891027
2495,32,63,0.616618,33,63,0.617006,46,43,0.871308
2496,32,63,0.616371,32,63,0.616759,46,41,0.910548
2497,32,63,0.616124,30,63,0.616512,45,42,0.889957
2498,31,63,0.615877,30,63,0.616265,46,41,0.909819
2499,31,63,0.615631,31,63,0.616019,45,42,0.889245
2500,33,63,0.615385,31,63,0.615772,46,43,0.869565
2501,33,63,0.615139,32,63,0.615526,47,43,0.869218
2502,33,63,0.614893,31,63,0.61528,46,41,0.908364
2503,31,63,0.614647,30,63,0.615034,46,43,0.868523
2504,32,63,0.614402,34,63,0.614789,45,42,0.887469
2505,31,63,0.614156,32,63,0.614543,49,43,0.86783
2506,31,63,0.613911,31,63,0.614298,50,43,0.867483
2507,32,63,0.613666,31,63,0.614053,48,40,0.927635
2508,33,63,0.613422,31,63,0.613808,49,42,0.886054
2509,33,63,0.613177,31,63,0.613563,46,43,0.866446
2510,32,63,0.612933,30,63,0.613319,47,43,0.866101
2511,32,63,0.612689,31,63,0.613075,47,42,0.884995
2512,32,63,0.612445,31,63,0.612831,48,43,0.865411
2513,33,63,0.612201,31,63,0.612587,48,42,0.884291
2514,32,63,0.611958,31,63,0.612343,45,42,0.883939
2515,30,63,0.611714,31,63,0.6121,47,42,0.883587
2516,31,63,0.611471,30,63,0.611856,46,41,0.90331
2517,31,63,0.611228,32,63,0.611613,45,41,0.902951
2518,31,63,0.610986,32,63,0.61137,47,43,0.863349
2519,32,63,0.610743,32,63,0.611128,49,43,0.863006
2520,33,63,0.610501,30,63,0.610885,46,41,0.901876
2521,31,63,0.610258,31,63,0.610643,47,43,0.862322
2522,33,63,0.610016,32,63,0.610401,45,42,0.881135
2523,32,63,0.609775,32,63,0.610159,49,42,0.880786
2524,31,63,0.609533,33,63,0.609917,51,41,0.900447
2525,32,63,0.609292,32,63,0.609676,46,41,0.90009
2526,30,63,0.60905,31,63,0.609434,46,42,0.87974
2527,33,63,0.608809,32,63,0.609193,46,42,0.879391
2528,33,63,0.608569,31,63,0.608952,47,43,0.859934
2529,33,63,0.608328,31,63,0.608711,48,40,0.919566
2530,31,63,0.608088,33,63,0.608471,48,44,0.840972
2531,33,63,0.607847,31,63,0.60823,45,41,0.897956
2532,31,63,0.607607,30,63,0.60799,46,43,0.858575
2533,32,63,0.607367,30,63,0.60775,49,42,0.877308
2534,32,63,0.607128,31,63,0.60751,47,43,0.857898
2535,33,63,0.606888,32,63,0.607271,48,42,0.876616
2536,33,63,0.606649,31,63,0.607031,48,42,0.876271
2537,33,63,0.60641,32,63,0.606792,47,43,0.856883
2538,32,63,0.606171,30,63,0.606553,47,41,0.89548
2539,31,63,0.605932,33,63,0.606314,48,41,0.895127
2540,33,63,0.605694,32,63,0.606075,48,43,0.855871
2541,33,63,0.605455,31,63,0.605837,48,42,0.874546
2542,32,63,0.605217,32,63,0.605598,48,41,0.894071
2543,31,63,0.604979,30,63,0.60536,47,42,0.873859
2544,32,63,0.604741,32,63,0.605122,52,40,0.914144
2545,32,63,0.604504,32,63,0.604884,48,42,0.873172
2546,32,63,0.604266,32,63,0.604647,48,42,0.872829
2547,33,63,0.604029,32,63,0.604409,44,41,0.892315
2548,32,63,0.603792,30,63,0.604172,47,41,0.891965
2549,32,63,0.603555,30,63,0.603935,45,42,0.871802
2550,32,63,0.603318,32,63,0.603698,47,42,0.87146
2551,32,63,0.603082,31,63,0.603462,49,40,0.911635
2552,32,63,0.602845,32,63,0.603225,49,41,0.890567
2553,32,63,0.602609,31,63,0.602989,48,44,0.833396
2554,32,63,0.602373,31,63,0.602753,46,41,0.88987
2555,32,63,0.602138,31,63,0.602517,47,42,0.869754
2556,30,63,0.601902,31,63,0.602281,44,41,0.889173
2557,30,63,0.601667,33,63,0.602046,48,40,0.909496
2558,32,63,0.601431,32,63,0.60181,48,41,0.888478
2559,31,63,0.601196,32,63,0.601575,47,41,0.888131
2560,32,63,0.600962,30,63,0.60134,47,42,0.868056
2561,31,63,0.600727,32,63,0.601105,51,42,0.867717
2562,33,63,0.600492,31,63,0.600871,49,42,0.867378
2563,33,63,0.600258,31,63,0.600636,50,42,0.867039
2564,34,63,0.600024,32,63,0.600402,47,41,0.886399
2565,32,63,0.59979,31,63,0.600168,46,42,0.866363
2566,35,63,0.599556,31,63,0.599934,46,41,0.885708
2567,33,63,0.599323,32,63,0.5997,46,40,0.905953
2568,33,63,0.599089,32,63,0.599467,49,40,0.9056
2569,32,63,0.598856,32,63,0.599233,46,41,0.884674
2570,34,63,0.598623,31,63,0.599,48,42,0.864678
2571,33,63,0.59839,32,63,0.598767,47,40,0.904544
2572,32,63,0.598158,32,63,0.598535,50,41,0.883642
2573,34,63,0.597925,32,63,0.598302,48,40,0.90384
2574,32,63,0.597693,35,63,0.598069,51,41,0.882955
2575,33,63,0.597461,33,63,0.597837,49,42,0.862999
2576,33,63,0.597229,33,63,0.597605,50,40,0.902788
2577,33,63,0.596997,31,63,0.597373,50,41,0.881928
2578,32,63,0.596766,30,63,0.597141,49,41,0.881585
2579,32,63,0.596534,32,63,0.59691,48,41,0.881244
2580,35,63,0.596303,31,63,0.596679,47,41,0.880902
2581,33,63,0.596072,32,63,0.596447,49,41,0.880561
2582,32,63,0.595841,31,63,0.596216,47,41,0.88022
2583,31,63,0.59561,35,63,0.595986,48,41,0.879879
2584,34,63,0.59538,32,63,0.595755,49,41,0.879538
2585,34,63,0.59515,34,63,0.595524,49,41,0.879198
2586,33,63,0.594919,31,63,0.595294,48,39,0.920709
2587,32,63,0.594689,31,63,0.595064,45,40,0.898949
2588,32,63,0.59446,31,63,0.594834,48,41,0.878179
2589,32,63,0.59423,32,63,0.594604,48,42,0.858332
2590,32,63,0.594001,31,63,0.594375,47,41,0.877501
2591,33,63,0.593771,31,63,0.594145,49,41,0.877162
2592,34,63,0.593542,31,63,0.593916,48,42,0.857339
2593,31,63,0.593313,31,63,0.593687,47,40,0.896869
2594,34,63,0.593085,32,63,0.593458,47,39,0.917869
2595,34,63,0.592856,32,63,0.59323,48,40,0.896178
2596,33,63,0.592628,32,63,0.593001,48,41,0.875473
2597,33,63,0.5924,32,63,0.592773,49,40,0.895488
2598,35,63,0.592171,34,63,0.592545,51,41,0.874799
2599,34,63,0.591944,32,63,0.592317,49,42,0.85503
2600,32,63,0.591716,30,63,0.592089,50,42,0.854701
2601,32,63,0.591488,33,63,0.591861,47,42,0.854372
2602,33,63,0.591261,32,63,0.591634,48,40,0.893767
2603,32,63,0.591034,33,63,0.591406,48,41,0.873118
2604,32,63,0.590807,31,63,0.591179,47,39,0.914344
2605,34,63,0.59058,30,63,0.590952,48,40,0.892738
2606,32,63,0.590354,30,63,0.590726,49,41,0.872113
2607,33,63,0.590127,31,63,0.590499,49,40,0.892053
2608,32,63,0.589901,32,63,0.590273,49,39,0.912942
2609,32,63,0.589675,32,63,0.590046,47,41,0.87111
2610,32,63,0.589449,31,63,0.58982,46,39,0.912242
2611,31,63,0.589223,32,63,0.589594,46,39,0.911893
2612,33,63,0.588998,33,63,0.589369,48,41,0.87011
2613,33,63,0.588772,32,63,0.589143,50,41,0.869777
2614,33,63,0.588547,34,63,0.588918,48,41,0.869444
2615,33,63,0.588322,36,63,0.588692,45,40,0.889324
2616,34,63,0.588097,30,63,0.588467,48,40,0.888984
2617,32,63,0.587872,34,63,0.588243,51,40,0.888644
2618,35,63,0.587648,33,63,0.588018,51,40,0.888305
2619,34,63,0.587423,34,63,0.587793,48,41,0.867784
2620,32,63,0.587199,32,63,0.587569,48,41,0.867453
2621,32,63,0.586975,31,63,0.587345,49,40,0.887288
2622,33,63,0.586751,32,63,0.587121,49,41,0.866791
2623,35,63,0.586527,31,63,0.586897,48,39,0.907721
2624,34,63,0.586304,32,63,0.586673,47,41,0.866131
2625,32,63,0.586081,32,63,0.58645,47,40,0.885936
2626,33,63,0.585857,33,63,0.586226,48,41,0.865471
2627,31,63,0.585634,32,63,0.586003,48,40,0.885261
2628,34,63,0.585412,32,63,0.58578,49,41,0.864813
2629,34,63,0.585189,32,63,0.585558,48,40,0.884588
2630,32,63,0.584966,33,63,0.585335,46,41,0.864155
2631,32,63,0.584744,33,63,0.585112,45,40,0.883915
2632,31,63,0.584522,31,63,0.58489,47,40,0.88358
2633,33,63,0.5843,32,63,0.584668,50,40,0.883244
2634,33,63,0.584078,32,63,0.584446,49,40,0.882909
2635,32,63,0.583856,33,63,0.584224,46,40,0.882574
2636,33,63,0.583635,32,63,0.584003,49,41,0.862188
2637,33,63,0.583414,34,63,0.583781,50,41,0.861861
2638,32,63,0.583192,32,63,0.58356,49,40,0.88157
2639,34,63,0.582971,32,63,0.583339,49,41,0.861208
2640,32,63,0.582751,32,63,0.583118,50,40,0.880902
2641,32,63,0.58253,32,63,0.582897,49,39,0.901534
2642,33,63,0.582309,31,63,0.582676,47,40,0.880235
2643,34,63,0.582089,32,63,0.582456,52,40,0.879902
2644,33,63,0.581869,33,63,0.582236,48,39,0.900511
2645,34,63,0.581649,33,63,0.582015,49,40,0.879237
2646,33,63,0.581429,33,63,0.581795,50,40,0.878905
2647,33,63,0.581209,32,63,0.581576,50,40,0.878572
2648,32,63,0.58099,32,63,0.581356,48,41,0.858281
2649,32,63,0.580771,33,63,0.581137,48,40,0.877909
2650,37,63,0.580552,32,63,0.580917,48,40,0.877578
2651,33,63,0.580333,32,63,0.580698,48,40,0.877247
2652,35,63,0.580114,35,63,0.580479,47,40,0.876916
2653,32,63,0.579895,33,63,0.58026,46,41,0.856663
2654,33,63,0.579677,31,63,0.580042,48,40,0.876255
2655,32,63,0.579458,32,63,0.579823,48,40,0.875925
2656,32,63,0.57924,32,63,0.579605,47,40,0.875595
2657,33,63,0.579022,32,63,0.579387,49,39,0.896106
2658,32,63,0.578804,33,63,0.579169,48,40,0.874937
2659,33,63,0.578587,32,63,0.578951,49,40,0.874608
2660,31,63,0.578369,32,63,0.578733,47,38,0.916926
2661,34,63,0.578152,34,63,0.578516,50,40,0.87395
2662,35,63,0.577934,35,63,0.578299,51,41,0.853767
2663,33,63,0.577717,33,63,0.578081,48,41,0.853446
2664,32,63,0.577501,31,63,0.577864,49,39,0.893751
2665,33,63,0.577284,33,63,0.577648,47,41,0.852806
2666,33,63,0.577067,32,63,0.577431,46,40,0.872311
2667,32,63,0.576851,33,63,0.577214,49,39,0.892746
2668,31,63,0.576635,33,63,0.576998,49,41,0.851847
2669,35,63,0.576419,33,63,0.576782,48,40,0.871331
2670,34,63,0.576203,33,63,0.576566,47,39,0.891742
2671,34,63,0.575987,33,63,0.57635,50,39,0.891409
2672,33,63,0.575772,33,63,0.576134,49,40,0.870352
2673,34,63,0.575556,32,63,0.575919,47,40,0.870027
2674,33,63,0.575341,33,63,0.575703,49,41,0.849935
2675,34,63,0.575126,33,63,0.575488,48,40,0.869376
2676,34,63,0.574911,33,63,0.575273,49,39,0.889743
2677,32,63,0.574696,33,63,0.575058,48,39,0.889411
2678,32,63,0.574482,31,63,0.574843,46,41,0.848666
2679,32,63,0.574267,32,63,0.574629,51,40,0.868078
2680,33,63,0.574053,31,63,0.574414,47,39,0.888415
2681,34,63,0.573839,32,63,0.5742,51,40,0.867431
2682,34,63,0.573625,32,63,0.573986,52,40,0.867107
2683,35,63,0.573411,32,63,0.573772,49,40,0.866784
2684,32,63,0.573197,33,63,0.573558,50,39,0.887091
2685,32,63,0.572984,32,63,0.573345,48,41,0.846453
2686,33,63,0.57277,37,63,0.573131,49,39,0.886431
2687,32,63,0.572557,33,63,0.572918,49,39,0.886101
2688,33,63,0.572344,32,63,0.572705,50,38,0.907375
2689,40,63,0.572131,34,63,0.572492,49,40,0.86485
2690,34,63,0.571919,32,63,0.572279,49,40,0.864528
2691,32,63,0.571706,31,63,0.572066,47,39,0.884783
2692,35,63,0.571494,33,63,0.571854,50,40,0.863886
2693,34,63,0.571282,33,63,0.571642,49,39,0.884126
2694,34,63,0.57107,32,63,0.571429,53,39,0.883798
2695,35,63,0.570858,34,63,0.571217,48,38,0.905018
2696,33,63,0.570646,31,63,0.571005,47,39,0.883143
2697,33,63,0.570434,32,63,0.570794,48,38,0.904347
2698,33,63,0.570223,32,63,0.570582,49,39,0.882488
2699,33,63,0.570012,32,63,0.570371,49,39,0.882161
2700,33,63,0.569801,34,63,0.57016,48,38,0.903342
2701,32,63,0.56959,31,63,0.569948,46,39,0.881508
2702,33,63,0.569379,32,63,0.569738,50,38,0.902674
2703,33,63,0.569168,34,63,0.569527,48,38,0.90234
2704,34,63,0.568958,33,63,0.569316,49,39,0.88053
2705,33,63,0.568747,33,63,0.569106,49,39,0.880204
2706,34,63,0.568537,34,63,0.568895,48,39,0.879879
2707,35,63,0.568327,33,63,0.568685,51,39,0.879554
2708,35,63,0.568117,32,63,0.568475,54,40,0.858782
2709,35,63,0.567908,33,63,0.568265,48,38,0.900341
2710,34,63,0.567698,32,63,0.568056,50,38,0.900009
2711,32,63,0.567489,33,63,0.567846,50,40,0.857832
2712,32,63,0.567279,34,63,0.567637,46,39,0.877932
2713,33,63,0.56707,32,63,0.567427,50,39,0.877609
2714,34,63,0.566861,33,63,0.567218,48,40,0.856883
2715,33,63,0.566653,33,63,0.567009,50,40,0.856568
2716,32,63,0.566444,31,63,0.566801,46,38,0.898021
2717,32,63,0.566235,31,63,0.566592,47,38,0.89769
2718,32,63,0.566027,33,63,0.566384,49,39,0.875994
2719,36,63,0.565819,34,63,0.566175,49,38,0.89703
2720,33,63,0.565611,38,63,0.565967,50,37,0.919118
2721,33,63,0.565403,34,63,0.565759,49,39,0.875028
2722,34,63,0.565195,32,63,0.565551,49,39,0.874707
2723,33,63,0.564988,32,63,0.565344,48,38,0.895712
2724,37,63,0.56478,33,63,0.565136,50,39,0.874065
2725,32,63,0.564573,32,63,0.564929,51,39,0.873744
2726,33,63,0.564366,33,63,0.564721,51,39,0.873423
2727,33,63,0.564159,32,63,0.564514,50,39,0.873103
2728,34,63,0.563952,33,63,0.564307,49,40,0.852486
2729,35,63,0.563746,32,63,0.564101,51,38,0.893743
2730,34,63,0.563539,32,63,0.563894,48,39,0.872144
2731,33,63,0.563333,33,63,0.563688,49,39,0.871824
2732,35,63,0.563126,32,63,0.563481,50,39,0.871505
2733,33,63,0.56292,33,63,0.563275,49,38,0.892435
2734,33,63,0.562715,34,63,0.563069,48,38,0.892108
2735,34,63,0.562509,33,63,0.562863,50,38,0.891782
2736,33,63,0.562303,32,63,0.562657,47,40,0.849993
2737,35,63,0.562098,34,63,0.562452,48,38,0.891131
2738,37,63,0.561892,34,63,0.562246,51,38,0.890805
2739,33,63,0.561687,33,63,0.562041,49,38,0.89048
2740,34,63,0.561482,34,63,0.561836,50,39,0.868961
2741,33,63,0.561277,32,63,0.561631,49,40,0.848443
2742,33,63,0.561073,32,63,0.561426,47,39,0.868327
2743,33,63,0.560868,31,63,0.561222,52,38,0.889181
2744,33,63,0.560664,33,63,0.561017,49,38,0.888857
2745,34,63,0.56046,35,63,0.560813,48,38,0.888533
2746,34,63,0.560255,32,63,0.560608,51,38,0.88821
2747,34,63,0.560052,33,63,0.560404,47,38,0.887887
2748,33,63,0.559848,31,63,0.5602,49,39,0.866431
2749,33,63,0.559644,33,63,0.559997,48,37,0.909422
2750,33,63,0.559441,33,63,0.559793,48,38,0.886918
2751,33,63,0.559237,33,63,0.55959,49,38,0.886596
2752,33,63,0.559034,33,63,0.559386,48,37,0.90843
2753,33,63,0.558831,32,63,0.559183,47,37,0.9081
2754,34,63,0.558628,32,63,0.55898,47,38,0.88563
2755,33,63,0.558425,32,63,0.558777,50,39,0.86423
2756,32,63,0.558223,32,63,0.558574,49,39,0.863916
2757,33,63,0.55802,33,63,0.558372,49,37,0.906783
2758,33,63,0.557818,32,63,0.558169,47,38,0.884345
2759,32,63,0.557616,31,63,0.557967,49,38,0.884025
2760,31,63,0.557414,32,63,0.557765,50,39,0.862664
2761,32,63,0.557212,34,63,0.557563,52,38,0.883384
2762,34,63,0.55701,32,63,0.557361,51,39,0.862039
2763,34,63,0.556808,32,63,0.557159,48,39,0.861727
2764,34,63,0.556607,34,63,0.556958,50,38,0.882426
2765,32,63,0.556406,34,63,0.556756,51,38,0.882106
2766,36,63,0.556204,34,63,0.556555,50,38,0.881788
2767,33,63,0.556003,35,63,0.556354,50,39,0.860482
2768,33,63,0.555803,32,63,0.556153,52,38,0.88115
2769,34,63,0.555602,33,63,0.555952,48,38,0.880832
2770,34,63,0.555401,32,63,0.555751,50,39,0.85955
2771,33,63,0.555201,34,63,0.555551,48,38,0.880196
2772,31,63,0.555001,32,63,0.55535,52,38,0.879879
2773,33,63,0.5548,33,63,0.55515,50,39,0.85862
2774,33,63,0.5546,33,63,0.55495,49,39,0.85831
2775,33,63,0.554401,31,63,0.55475,49,37,0.900901
2776,36,63,0.554201,33,63,0.55455,49,39,0.857692
2777,32,63,0.554001,33,63,0.55435,46,39,0.857383
2778,34,63,0.553802,32,63,0.554151,51,38,0.877979
2779,33,63,0.553603,33,63,0.553951,48,38,0.877663
2780,34,63,0.553403,35,63,0.553752,51,38,0.877347
2781,35,63,0.553204,34,63,0.553553,50,38,0.877031
2782,35,63,0.553006,33,63,0.553354,50,38,0.876716
2783,34,63,0.552807,32,63,0.553155,49,38,0.876401
2784,34,63,0.552608,33,63,0.552956,49,38,0.876086
2785,33,63,0.55241,33,63,0.552758,48,38,0.875772
2786,33,63,0.552212,33,63,0.55256,48,37,0.897344
2787,32,63,0.552013,32,63,0.552361,49,38,0.875143
2788,33,63,0.551815,33,63,0.552163,49,38,0.874829
2789,32,63,0.551618,32,63,0.551965,48,38,0.874516
2790,32,63,0.55142,33,63,0.551767,47,39,0.853388
2791,34,63,0.551222,35,63,0.55157,51,36,0.918704
2792,34,63,0.551025,34,63,0.551372,48,37,0.895415
2793,33,63,0.550828,33,63,0.551175,50,38,0.873263
2794,33,63,0.55063,32,63,0.550977,47,37,0.894775
2795,33,63,0.550433,32,63,0.55078,46,37,0.894454
2796,33,63,0.550237,34,63,0.550583,51,38,0.872326
2797,33,63,0.55004,32,63,0.550386,49,38,0.872014
2798,34,63,0.549843,33,63,0.55019,51,38,0.871703
2799,36,63,0.549647,33,63,0.549993,48,38,0.871391
2800,33,63,0.549451,32,63,0.549797,48,39,0.85034
2801,32,63,0.549254,32,63,0.5496,49,37,0.892538
2802,33,63,0.549058,33,63,0.549404,49,37,0.89222
2803,33,63,0.548862,33,63,0.549208,49,37,0.891902
2804,34,63,0.548667,32,63,0.549012,51,38,0.869838
2805,35,63,0.548471,32,63,0.548817,49,39,0.848824
2806,33,63,0.548276,33,63,0.548621,50,37,0.890948
2807,33,63,0.54808,33,63,0.548426,49,37,0.890631
2808,34,63,0.547885,34,63,0.54823,49,37,0.890313
2809,34,63,0.54769,34,63,0.548035,47,38,0.868289
2810,32,63,0.547495,32,63,0.54784,47,38,0.86798
2811,33,63,0.5473,31,63,0.547645,47,37,0.889363
2812,32,63,0.547106,32,63,0.54745,48,37,0.889047
2813,34,63,0.546911,33,63,0.547256,50,38,0.867055
2814,34,63,0.546717,33,63,0.547061,48,39,0.84611
2815,32,63,0.546523,32,63,0.546867,48,40,0.826139
2816,32,63,0.546329,31,63,0.546673,47,38,0.866131
2817,34,63,0.546135,33,63,0.546479,49,36,0.910225
2818,33,63,0.545941,32,63,0.546285,48,38,0.865516
2819,34,63,0.545747,32,63,0.546091,50,37,0.886839
2820,34,63,0.545554,32,63,0.545897,48,37,0.886525
2821,33,63,0.54536,33,63,0.545704,48,38,0.864596
2822,33,63,0.545167,34,63,0.545511,47,37,0.885897
2823,33,63,0.544974,32,63,0.545317,48,36,0.90829
2824,34,63,0.544781,33,63,0.545124,48,37,0.885269
2825,34,63,0.544588,34,63,0.544931,49,37,0.884956
2826,33,63,0.544395,32,63,0.544738,48,37,0.884643
2827,32,63,0.544203,32,63,0.544546,48,37,0.88433
2828,33,63,0.54401,33,63,0.544353,48,38,0.862456
2829,33,63,0.543818,32,63,0.544161,49,38,0.862151
2830,34,63,0.543626,35,63,0.543968,49,38,0.861846
2831,34,63,0.543434,33,63,0.543776,50,37,0.88308
2832,35,63,0.543242,32,63,0.543584,47,39,0.840732
2833,36,63,0.54305,34,63,0.543392,49,37,0.882457
2834,34,63,0.542859,34,63,0.543201,50,38,0.86063
2835,35,63,0.542667,35,63,0.543009,50,37,0.881834
2836,38,63,0.542476,34,63,0.542818,50,37,0.881523
2837,35,63,0.542285,33,63,0.542626,49,39,0.83925
2838,33,63,0.542094,32,63,0.542435,47,37,0.880902
2839,34,63,0.541903,33,63,0.542244,49,37,0.880592
2840,33,63,0.541712,33,63,0.542053,48,38,0.858811
2841,34,63,0.541521,32,63,0.541862,49,38,0.858509
2842,33,63,0.541331,33,63,0.541672,51,37,0.879662
2843,35,63,0.54114,32,63,0.541481,51,38,0.857905
2844,33,63,0.54095,32,63,0.541291,47,38,0.857604
2845,34,63,0.54076,32,63,0.5411,50,37,0.878735
2846,32,63,0.54057,32,63,0.54091,48,37,0.878426
2847,33,63,0.54038,32,63,0.54072,49,37,0.878117
2848,33,63,0.54019,33,63,0.54053,49,36,0.900317
2849,34,63,0.540001,32,63,0.540341,50,38,0.856098
2850,34,63,0.539811,32,63,0.540151,49,37,0.877193
2851,35,63,0.539622,34,63,0.539962,50,37,0.876885
2852,32,63,0.539433,32,63,0.539772,50,36,0.899054
2853,33,63,0.539243,33,63,0.539583,50,36,0.898739
2854,35,63,0.539054,34,63,0.539394,48,37,0.875964
2855,34,63,0.538866,33,63,0.539205,51,37,0.875657
2856,33,63,0.538677,32,63,0.539016,52,37,0.87535
2857,34,63,0.538488,34,63,0.538828,50,36,0.897481
2858,34,63,0.5383,34,63,0.538639,50,36,0.897167
2859,35,63,0.538112,33,63,0.538451,50,37,0.874432
2860,34,63,0.537924,33,63,0.538263,50,35,0.920132
2861,32,63,0.537736,32,63,0.538074,47,35,0.919811
2862,32,63,0.537548,32,63,0.537886,47,36,0.895913
2863,33,63,0.53736,32,63,0.537698,48,37,0.87321
2864,33,62,0.545566,33,63,0.537511,48,35,0.918847
2865,34,63,0.536985,33,62,0.545713,49,37,0.8726
2866,33,63,0.536797,31,63,0.537136,50,38,0.85102
2867,34,63,0.53661,33,63,0.536948,48,36,0.89435
2868,32,62,0.544805,32,62,0.545143,47,36,0.894039
2869,35,62,0.544615,32,63,0.536574,49,37,0.871384
2870,34,62,0.544425,34,62,0.544763,50,37,0.87108
2871,34,63,0.535863,32,63,0.5362,50,36,0.893104
2872,33,63,0.535676,31,63,0.536013,49,36,0.892793
2873,35,63,0.53549,32,63,0.535827,47,37,0.870171
2874,35,62,0.543667,33,62,0.544004,52,36,0.892172
2875,33,62,0.543478,35,62,0.543815,49,36,0.891862
2876,34,62,0.543289,33,62,0.543626,49,36,0.891552
2877,34,62,0.5431,32,62,0.543437,48,35,0.914695
2878,33,62,0.542912,32,62,0.543248,46,37,0.868659
2879,33,63,0.534374,32,63,0.53471,49,36,0.890623
2880,35,63,0.534188,32,63,0.534525,49,38,0.846883
2881,39,63,0.534003,34,63,0.534339,50,35,0.913426
2882,33,63,0.533817,32,63,0.534154,49,36,0.889696
2883,33,63,0.533632,33,63,0.533968,49,36,0.889387
2884,34,63,0.533447,33,63,0.533783,48,36,0.889079
2885,35,63,0.533262,35,63,0.533598,50,36,0.88877
2886,34,63,0.533077,34,63,0.533413,50,37,0.866251
2887,34,63,0.532893,32,63,0.533229,49,36,0.888155
2888,33,63,0.532708,33,63,0.533044,49,35,0.911212
2889,33,63,0.532524,33,63,0.532859,50,37,0.865351
2890,34,63,0.53234,32,63,0.532675,49,38,0.843953
2891,34,63,0.532155,32,63,0.532491,49,36,0.886926
2892,33,63,0.531971,34,63,0.532307,50,36,0.886619
2893,36,63,0.531788,34,63,0.532123,48,35,0.909637
2894,35,63,0.531604,33,63,0.531939,48,38,0.842787
2895,32,62,0.539724,32,63,0.531755,49,38,0.842495
2896,33,63,0.531237,32,62,0.539872,48,36,0.885395
2897,32,63,0.531053,33,62,0.539685,52,37,0.862962
2898,33,63,0.53087,34,63,0.531205,49,36,0.884783
2899,33,62,0.538979,34,62,0.539313,49,36,0.884478
2900,34,63,0.530504,33,62,0.539127,49,37,0.862069
2901,33,63,0.530321,32,62,0.538941,50,36,0.883869
2902,33,63,0.530138,34,63,0.530472,45,35,0.906816
2903,34,62,0.538236,33,62,0.53857,50,35,0.906503
2904,35,62,0.538051,33,62,0.538385,50,38,0.839884
2905,35,62,0.537866,33,62,0.538199,50,35,0.905879
2906,34,62,0.537681,33,62,0.538014,47,37,0.860289
2907,33,62,0.537496,33,62,0.537829,49,36,0.882044
2908,33,62,0.537311,33,62,0.537644,48,36,0.881741
2909,34,62,0.537126,34,62,0.537459,50,36,0.881438
2910,35,62,0.536942,33,62,0.537274,51,36,0.881135
2911,34,62,0.536757,32,62,0.53709,49,37,0.858811
2912,33,62,0.536573,32,62,0.536905,49,36,0.88053
2913,33,62,0.536389,33,62,0.536721,50,35,0.903391
2914,33,62,0.536205,34,62,0.536537,52,37,0.857927
2915,33,62,0.536021,34,62,0.536353,50,36,0.879624
2916,33,62,0.535837,33,62,0.536169,49,36,0.879322
2917,34,62,0.535653,31,62,0.535985,48,35,0.902153
2918,32,62,0.535469,32,62,0.535801,51,37,0.856751
2919,33,62,0.535286,33,62,0.535618,50,35,0.901534
2920,34,62,0.535103,32,62,0.535435,49,36,0.878117
2921,32,62,0.53492,32,62,0.535251,50,37,0.855871
2922,34,62,0.534736,33,62,0.535068,51,37,0.855578
2923,35,62,0.534554,32,62,0.534885,47,36,0.877216
2924,33,62,0.534371,32,62,0.534702,48,36,0.876916
2925,34,62,0.534188,32,62,0.534519,48,36,0.876616
2926,34,62,0.534005,33,62,0.534337,50,36,0.876317
2927,34,62,0.533823,34,62,0.534154,49,36,0.876017
2928,35,62,0.533641,33,62,0.533972,49,36,0.875718
2929,33,62,0.533459,33,62,0.533789,50,37,0.853534
2930,34,62,0.533276,32,62,0.533607,46,35,0.89815
2931,33,62,0.533095,33,62,0.533425,50,35,0.897843
2932,33,62,0.532913,33,62,0.533243,52,35,0.897537
2933,35,62,0.532731,34,62,0.533061,53,36,0.874225
2934,34,62,0.532549,33,62,0.53288,50,37,0.852079
2935,33,62,0.532368,33,62,0.532698,50,36,0.873629
2936,33,62,0.532187,35,62,0.532517,49,36,0.873332
2937,35,62,0.532005,33,62,0.532335,52,35,0.896009
2938,35,62,0.531824,33,62,0.532154,48,35,0.895704
2939,34,62,0.531643,32,62,0.531973,50,36,0.87244
2940,33,62,0.531463,31,62,0.531792,48,36,0.872144
2941,34,62,0.531282,31,62,0.531611,48,34,0.918974
2942,33,62,0.531101,33,62,0.531431,49,35,0.894486
2943,34,62,0.530921,34,62,0.53125,51,35,0.894182
2944,35,62,0.53074,33,62,0.53107,51,36,0.870959
2945,33,62,0.53056,32,62,0.530889,49,35,0.893575
2946,33,62,0.53038,32,62,0.530709,49,35,0.893272
2947,33,62,0.5302,33,62,0.530529,49,36,0.870072
2948,33,62,0.53002,35,62,0.530349,48,35,0.892666
2949,33,62,0.529841,33,62,0.530169,49,36,0.869482
2950,34,62,0.529661,34,62,0.529989,49,36,0.869187
2951,34,62,0.529482,34,62,0.52981,48,36,0.868893
2952,35,62,0.529302,34,62,0.52963,48,36,0.868598
2953,32,62,0.529123,31,62,0.529451,50,36,0.868304
2954,33,62,0.528944,31,62,0.529272,48,36,0.86801
2955,33,62,0.528765,32,62,0.529093,49,37,0.846024
2956,34,62,0.528586,34,62,0.528914,50,33,0.939708
2957,33,62,0.528407,34,62,0.528735,48,36,0.86713
2958,34,62,0.528229,32,62,0.528556,48,36,0.866837
2959,34,62,0.52805,32,62,0.528377,49,35,0.889347
2960,33,62,0.527872,32,62,0.528199,49,35,0.889047
2961,33,62,0.527693,33,62,0.528021,48,36,0.865958
2962,33,62,0.527515,33,62,0.527842,49,35,0.888447
2963,35,62,0.527337,33,62,0.527664,50,36,0.865374
2964,33,62,0.527159,33,62,0.527486,49,37,0.843455
2965,34,62,0.526981,36,62,0.527308,49,34,0.911535
2966,33,62,0.526804,33,62,0.52713,51,34,0.911228
2967,35,62,0.526626,33,62,0.526953,51,34,0.910921
2968,35,62,0.526449,34,62,0.526775,51,36,0.863916
2969,34,62,0.526271,34,62,0.526598,52,36,0.863625
2970,33,62,0.526094,33,62,0.52642,49,35,0.886054
2971,33,62,0.525917,32,62,0.526243,49,35,0.885755
2972,33,62,0.52574,32,62,0.526066,49,35,0.885457
2973,34,62,0.525563,32,62,0.525889,52,35,0.885159
2974,34,62,0.525387,34,62,0.525712,50,35,0.884862
2975,34,62,0.52521,33,62,0.525536,49,37,0.840336
2976,33,62,0.525034,33,62,0.525359,49,35,0.884267
2977,33,61,0.533188,32,62,0.525183,49,35,0.88397
2978,33,61,0.533009,34,62,0.525006,50,35,0.883673
2979,34,61,0.53283,33,61,0.533155,50,36,0.860726
2980,34,61,0.532652,32,61,0.532976,50,36,0.860437
2981,34,60,0.541061,34,60,0.541386,48,35,0.882784
2982,32,60,0.54088,33,60,0.541204,47,35,0.882488
2983,34,60,0.540698,32,60,0.541023,48,37,0.838082
2984,33,61,0.531938,34,61,0.532262,49,34,0.905731
2985,35,60,0.540336,34,60,0.54066,49,36,0.858996
2986,34,60,0.540155,32,60,0.540479,49,35,0.881306
2987,33,60,0.539974,34,60,0.540298,47,35,0.881011
2988,34,60,0.539794,32,60,0.540117,48,36,0.858133
2989,32,60,0.539613,33,60,0.539937,50,35,0.880421
2990,33,60,0.539433,34,60,0.539756,49,36,0.857559
2991,33,60,0.539252,33,60,0.539576,48,35,0.879832
2992,32,60,0.539072,34,60,0.539395,49,35,0.879538
2993,34,60,0.538892,34,60,0.539215,52,35,0.879245
2994,33,60,0.538712,35,60,0.539035,50,35,0.878951
2995,35,60,0.538532,35,60,0.538855,50,35,0.878657
2996,35,60,0.538352,32,60,0.538675,50,34,0.902104
2997,34,60,0.538173,35,60,0.538495,50,36,0.855556
2998,34,60,0.537993,35,60,0.538316,50,36,0.855271
2999,34,60,0.537814,33,60,0.538136,50,35,0.877485
3000,35,60,0.537634,34,60,0.537957,52,35,0.877193
3001,36,60,0.537455,33,60,0.537778,51,35,0.876901
3002,33,60,0.537276,34,60,0.537599,50,35,0.876609
3003,32,60,0.537097,34,60,0.53742,46,36,0.853847
3004,33,60,0.536919,33,60,0.537241,50,35,0.876025
3005,33,60,0.53674,33,60,0.537062,49,35,0.875733
3006,34,60,0.536561,35,60,0.536883,48,35,0.875442
3007,34,60,0.536383,35,60,0.536705,48,36,0.852711
3008,34,60,0.536205,33,60,0.536526,48,33,0.923463
3009,34,60,0.536026,32,60,0.536348,49,36,0.852144
3010,34,60,0.535848,33,60,0.53617,51,36,0.851861
3011,34,59,0.544452,34,60,0.535992,52,36,0.851578
3012,34,59,0.544271,33,59,0.544592,47,34,0.897312
3013,34,59,0.54409,32,59,0.544411,50,34,0.897014
3014,34,59,0.54391,34,59,0.544231,48,34,0.896716
3015,33,59,0.543729,34,59,0.54405,52,35,0.872829
3016,34,59,0.543549,34,59,0.54387,49,35,0.872539
3017,33,59,0.543369,35,59,0.54369,49,34,0.895825
3018,34,59,0.543189,33,59,0.543509,52,35,0.871961
3019,37,59,0.543009,32,59,0.543329,50,35,0.871672
3020,34,58,0.551876,32,59,0.543149,47,35,0.871384
3021,33,59,0.54265,33,59,0.54297,49,34,0.894638
3022,34,58,0.551511,33,58,0.551831,49,34,0.894342
3023,34,59,0.542291,32,59,0.54261,51,35,0.870519
3024,37,59,0.542111,34,59,0.542431,48,34,0.893751
3025,33,59,0.541932,33,59,0.542252,49,35,0.869943
3026,35,58,0.550782,32,59,0.542073,47,34,0.89316
3027,33,59,0.541574,33,59,0.541893,54,34,0.892865
3028,34,58,0.550418,33,59,0.541714,50,34,0.89257
3029,33,57,0.559563,33,58,0.550556,50,34,0.892276
3030,34,57,0.559378,34,57,0.559697,49,33,0.916758
3031,40,57,0.559193,34,58,0.550192,50,35,0.868221
3032,34,57,0.559009,39,57,0.559328,60,34,0.891393
3033,35,57,0.558825,34,58,0.54983,51,34,0.891099
3034,35,57,0.55864,34,58,0.549648,52,34,0.890805
3035,34,58,0.549149,33,58,0.549467,50,35,0.867077
3036,34,57,0.558272,34,58,0.549286,49,35,0.866791
3037,34,57,0.558089,34,58,0.549105,50,35,0.866506
3038,34,58,0.548607,35,58,0.548925,50,33,0.914344
3039,35,57,0.557721,34,57,0.558039,53,35,0.865936
3040,35,57,0.557538,36,57,0.557856,50,34,0.889047
3041,33,58,0.548065,33,58,0.548383,50,35,0.865366
3042,33,57,0.557171,34,57,0.557489,50,34,0.888462
3043,35,56,0.566591,33,58,0.548023,51,34,0.88817
3044,34,57,0.556805,33,56,0.566723,51,35,0.864513
3045,35,56,0.566219,33,57,0.55694,49,35,0.86423
3046,33,58,0.547166,32,57,0.556757,47,34,0.887296
3047,33,57,0.556257,33,56,0.566165,51,36,0.841517
3048,34,56,0.565662,32,56,0.565979,51,36,0.841241
3049,35,57,0.555892,33,57,0.556209,50,36,0.840965
3050,34,56,0.565291,33,56,0.565608,51,35,0.862813
3051,33,56,0.565106,33,56,0.565422,51,36,0.840414
3052,33,56,0.564921,33,56,0.565237,51,34,0.885551
3053,33,57,0.555164,33,57,0.55548,49,35,0.861965
3054,34,56,0.564551,35,56,0.564867,53,35,0.861683
3055,34,57,0.5548,34,57,0.555117,51,33,0.909256
3056,35,56,0.564181,34,56,0.564497,52,33,0.908959
3057,33,56,0.563997,33,56,0.564313,52,34,0.884103
3058,33,56,0.563812,34,56,0.564128,52,35,0.860556
3059,33,55,0.573516,32,55,0.573832,51,34,0.883525
3060,34,55,0.573329,33,55,0.573644,51,34,0.883236
3061,34,55,0.573141,34,55,0.573457,54,34,0.882948
3062,34,55,0.572954,33,55,0.573269,50,35,0.859431
3063,36,55,0.572767,32,55,0.573082,50,35,0.859151
3064,34,55,0.57258,34,55,0.572895,51,35,0.85887
3065,37,55,0.572393,33,55,0.572708,48,34,0.881795
3066,34,54,0.582425,34,55,0.572521,52,35,0.85831
3067,35,54,0.582235,35,55,0.572335,48,34,0.88122
3068,38,53,0.592628,35,54,0.582359,53,34,0.880933
3069,36,54,0.581855,34,55,0.571962,52,34,0.880646
3070,34,53,0.592242,34,54,0.58198,51,35,0.857192
3071,37,54,0.581476,35,54,0.58179,51,34,0.880073
3072,37,54,0.581287,38,54,0.581601,50,33,0.904225
3073,37,54,0.581098,33,54,0.581412,50,34,0.8795
3074,34,54,0.580909,33,54,0.581223,49,35,0.856076
3075,34,54,0.58072,38,53,0.591592,58,34,0.878928
3076,35,54,0.580531,35,54,0.580845,54,33,0.903049
3077,34,52,0.601837,34,53,0.591207,52,33,0.902755
3078,35,53,0.590702,35,52,0.601954,49,34,0.878071
3079,35,53,0.59051,35,53,0.590823,55,34,0.877786
3080,39,53,0.590319,39,53,0.590632,58,34,0.877501
3081,41,53,0.590127,35,52,0.601368,52,34,0.877216
3082,36,52,0.60086,35,53,0.590248,52,35,0.853854
3083,36,51,0.611999,35,52,0.600978,51,35,0.853577
3084,37,52,0.600471,33,51,0.612112,54,33,0.900706
3085,36,51,0.611602,36,51,0.611914,52,34,0.876079
3086,34,52,0.600082,33,50,0.623473,51,33,0.900122
3087,36,51,0.611206,33,51,0.611518,50,33,0.899831
3088,34,50,0.622758,33,50,0.623069,50,33,0.899539
3089,33,51,0.61081,34,51,0.611122,50,33,0.899248
3090,37,52,0.599305,35,51,0.610924,54,33,0.898957
3091,35,50,0.622154,34,50,0.622465,52,34,0.874378
3092,34,50,0.621952,34,50,0.622263,53,35,0.851093
3093,37,50,0.621751,34,50,0.622062,49,34,0.873813
3094,35,50,0.62155,33,50,0.621861,48,34,0.87353
3095,35,50,0.62135,33,50,0.62166,49,34,0.873248
3096,34,50,0.621149,34,50,0.621459,50,33,0.897215
3097,35,50,0.620948,34,50,0.621259,49,34,0.872684
3098,35,50,0.620748,33,50,0.621058,50,35,0.849444
3099,33,50,0.620548,33,50,0.620858,49,33,0.896346
3100,36,50,0.620347,33,50,0.620658,52,34,0.87184
3101,34,50,0.620147,34,49,0.632617,52,35,0.848623
3102,35,50,0.619947,35,50,0.620257,50,35,0.848349
3103,36,50,0.619748,32,49,0.632209,50,34,0.870997
3104,35,49,0.631696,33,50,0.619858,50,34,0.870716
3105,33,49,0.631493,33,49,0.631802,53,34,0.870436
3106,35,49,0.631289,34,49,0.631599,53,34,0.870155
3107,34,48,0.643708,34,48,0.644017,51,34,0.869875
3108,35,49,0.630883,35,48,0.64381,51,34,0.869595
3109,35,48,0.643294,33,48,0.643602,49,32,0.918991
3110,34,48,0.643087,34,48,0.643395,51,33,0.893176
3111,34,48,0.64288,33,48,0.643189,53,33,0.892889
3112,36,48,0.642674,34,48,0.642982,51,34,0.868478
3113,35,47,0.655579,35,47,0.655887,52,34,0.868199
3114,38,48,0.642261,47,48,0.642569,53,33,0.892029
3115,35,48,0.642055,35,48,0.642363,57,34,0.867641
3116,36,49,0.629263,37,49,0.629572,53,34,0.867363
3117,35,48,0.641643,36,48,0.641951,55,33,0.89117
3118,36,48,0.641437,39,48,0.641745,56,33,0.890884
3119,35,48,0.641231,34,48,0.641539,53,34,0.866529
3120,37,49,0.628457,35,48,0.641333,53,35,0.843455
3121,38,48,0.64082,35,48,0.641128,55,33,0.890028
3122,38,48,0.640615,41,48,0.640922,58,34,0.865696
3123,35,48,0.64041,34,48,0.640717,52,33,0.889458
3124,36,48,0.640205,38,48,0.640512,56,33,0.889173
3125,35,48,0.64,35,48,0.640307,60,34,0.864865
3126,37,48,0.639795,35,48,0.640102,51,34,0.864588
3127,37,47,0.652644,35,48,0.639898,53,34,0.864312
3128,36,46,0.666027,35,48,0.639693,51,35,0.841298
3129,36,47,0.652226,34,48,0.639489,50,34,0.863759
3130,36,47,0.652018,35,47,0.652324,54,33,0.887469
3131,37,47,0.65181,36,48,0.63908,53,34,0.863208
3132,35,44,0.694097,36,46,0.665483,51,33,0.886902
3133,36,44,0.693876,37,47,0.6517,51,33,0.886619
3134,37,44,0.693654,38,44,0.69396,54,33,0.886336
3135,34,45,0.678679,46,45,0.678985,57,34,0.862106
3136,36,45,0.678463,35,45,0.678768,51,35,0.839151
3137,39,43,0.708391,35,45,0.678552,52,33,0.885489
3138,36,45,0.67803,34,44,0.693075,54,33,0.885206
3139,37,43,0.70794,35,43,0.708244,53,32,0.910208
3140,34,43,0.707714,34,44,0.692634,53,33,0.884643
3141,36,43,0.707489,35,44,0.692413,55,33,0.884361
3142,36,42,0.723338,36,43,0.707568,49,33,0.884079
3143,34,43,0.707039,33,43,0.707343,52,33,0.883798
3144,35,42,0.722878,32,43,0.707118,52,33,0.883517
3145,35,42,0.722648,33,42,0.722951,53,33,0.883236
3146,34,43,0.706364,35,43,0.706668,51,34,0.859092
3147,34,42,0.722189,34,42,0.722492,53,34,0.858819
3148,34,41,0.738749,36,42,0.722262,54,34,0.858546
3149,34,42,0.72173,34,42,0.722033,52,34,0.858273
3150,37,41,0.73828,34,42,0.721804,48,34,0.858001
3151,34,41,0.738046,34,41,0.738348,66,32,0.906742
3152,36,40,0.755378,35,41,0.738114,57,34,0.857456
3153,36,40,0.755139,35,41,0.73788,53,33,0.880995
3154,37,40,0.754899,34,40,0.755201,51,32,0.905879
3155,35,40,0.75466,35,40,0.754962,54,33,0.880437
3156,36,40,0.754421,36,40,0.754723,53,35,0.833834
3157,37,40,0.754182,34,40,0.754484,53,32,0.905018
3158,36,40,0.753943,37,40,0.754245,53,33,0.8796
3159,35,40,0.753704,33,40,0.754006,55,32,0.904445
3160,35,40,0.753466,38,40,0.753767,55,33,0.879044
3161,36,40,0.753228,34,40,0.753529,52,33,0.878766
3162,36,40,0.752989,35,40,0.753291,52,33,0.878488
3163,36,40,0.752751,34,40,0.753052,52,33,0.87821
3164,35,40,0.752513,35,40,0.752814,50,33,0.877932
3165,38,40,0.752276,34,40,0.752577,52,34,0.853935
3166,36,40,0.752038,34,40,0.752339,55,33,0.877378
3167,37,40,0.751801,36,40,0.752101,53,33,0.877101
3168,35,40,0.751563,34,40,0.751864,55,32,0.901876
3169,37,40,0.751326,35,40,0.751627,53,33,0.876547
3170,39,40,0.751089,35,40,0.75139,54,33,0.876271
3171,35,40,0.750852,36,40,0.751153,53,33,0.875994
3172,35,40,0.750616,34,40,0.750916,51,34,0.85205
3173,35,40,0.750379,36,40,0.750679,52,33,0.875442
3174,36,40,0.750143,34,40,0.750443,52,34,0.851513
3175,37,39,0.768197,35,39,0.768496,50,33,0.874891
3176,38,41,0.732236,38,41,0.732536,53,32,0.899604
3177,36,40,0.749434,34,40,0.749734,53,33,0.87434
3178,36,41,0.731775,36,40,0.749498,52,32,0.899038
3179,36,40,0.748963,36,40,0.749262,53,32,0.898755
3180,37,40,0.748727,35,41,0.731615,53,33,0.873515
3181,37,39,0.766748,34,39,0.767047,52,33,0.87324
3182,36,40,0.748257,34,40,0.748556,53,34,0.849372
3183,35,39,0.766266,34,39,0.766565,54,33,0.872692
3184,36,40,0.747787,37,40,0.748086,55,33,0.872418
3185,36,39,0.765785,35,39,0.766083,51,32,0.897062
3186,36,40,0.747317,35,40,0.747616,52,34,0.848306
3187,35,39,0.765304,35,39,0.765603,52,33,0.871596
3188,37,39,0.765064,36,39,0.765362,53,34,0.847774
3189,36,40,0.746614,35,40,0.746913,57,34,0.847508
3190,36,40,0.74638,35,40,0.746679,53,32,0.895656
3191,36,40,0.746146,34,40,0.746445,54,33,0.870504
3192,36,39,0.764105,35,40,0.746211,51,33,0.870231
3193,37,38,0.782963,36,38,0.78326,52,33,0.869959
3194,38,39,0.763627,36,39,0.763925,55,32,0.894534
3195,35,38,0.782473,36,38,0.78277,53,34,0.845916
3196,36,38,0.782228,34,38,0.782525,55,33,0.869142
3197,35,38,0.781983,35,38,0.78228,53,32,0.893695
3198,35,39,0.762672,35,39,0.762969,51,33,0.868598
3199,35,38,0.781494,36,38,0.781791,53,32,0.893136
3200,37,39,0.762195,34,38,0.781547,53,34,0.844595
3201,37,38,0.781006,36,38,0.781303,55,33,0.867784
3202,34,39,0.761719,35,38,0.781059,52,34,0.844067
3203,35,38,0.780518,34,38,0.780815,53,32,0.892021
3204,36,39,0.761244,36,39,0.76154,53,33,0.866972
3205,36,39,0.761006,34,39,0.761303,53,32,0.891464
3206,36,38,0.779788,35,38,0.780084,52,33,0.866431
3207,37,38,0.779545,34,38,0.779841,56,33,0.866161
3208,37,38,0.779302,36,38,0.779598,54,32,0.890631
3209,35,38,0.779059,35,38,0.779355,51,32,0.890353
3210,36,38,0.778816,37,38,0.779112,54,31,0.916254
3211,36,38,0.778574,36,38,0.77887,53,34,0.841701
3212,35,38,0.778331,37,38,0.778627,52,32,0.889521
3213,37,38,0.778089,35,38,0.778385,57,32,0.889245
3214,37,38,0.777847,36,38,0.778143,53,33,0.864274
3215,37,38,0.777605,36,38,0.7779,57,33,0.864006
3216,36,38,0.777363,35,38,0.777659,50,31,0.914545
3217,37,38,0.777122,36,38,0.777417,52,33,0.863468
3218,36,38,0.77688,33,38,0.777175,53,33,0.8632
3219,35,38,0.776639,36,38,0.776934,54,32,0.887587
3220,36,38,0.776398,35,37,0.7966,53,33,0.862664
3221,37,37,0.796058,37,37,0.796352,56,32,0.887036
3222,35,37,0.795811,35,37,0.796105,55,32,0.886761
3223,36,36,0.8165,34,36,0.816794,54,31,0.912559
3224,36,37,0.795317,35,36,0.81654,54,33,0.861594
3225,36,37,0.795071,34,37,0.795365,51,33,0.861326
3226,37,35,0.837788,35,36,0.816034,52,33,0.861059
3227,36,37,0.794578,35,37,0.794872,52,31,0.911427
3228,36,36,0.815235,36,36,0.815529,55,32,0.885112
3229,38,37,0.794086,35,36,0.815276,54,31,0.910863
3230,37,37,0.79384,36,37,0.794134,54,33,0.859993
3231,36,35,0.836491,36,36,0.814771,51,31,0.910299
3232,35,36,0.814226,35,36,0.814519,53,33,0.859461
3233,35,36,0.813974,36,36,0.814267,49,32,0.883744
3234,35,36,0.813723,35,36,0.814016,53,33,0.858929
3235,36,36,0.813471,34,37,0.792906,53,32,0.883197
3236,34,35,0.835199,34,35,0.835491,53,32,0.882924
3237,35,36,0.812968,35,36,0.813261,50,32,0.882651
3238,35,35,0.834683,34,35,0.834975,51,33,0.857868
3239,35,34,0.857604,35,34,0.857895,50,32,0.882106
3240,34,35,0.834168,33,34,0.85763,52,33,0.857339
3241,34,34,0.857074,33,35,0.834202,53,32,0.881562
3242,35,34,0.85681,35,35,0.833945,53,32,0.88129
3243,35,36,0.811464,34,36,0.811756,52,33,0.856546
3244,34,34,0.856282,33,34,0.856573,51,33,0.856282
3245,34,36,0.810964,35,35,0.833174,50,34,0.832882
3246,35,34,0.855754,35,34,0.856045,52,32,0.880204
3247,35,34,0.855491,36,34,0.855781,53,32,0.879933
3248,35,34,0.855227,36,34,0.855518,51,32,0.879662
3249,36,34,0.854964,35,34,0.855255,51,32,0.879391
3250,36,34,0.854701,35,34,0.854991,50,32,0.879121
3251,35,34,0.854438,33,34,0.854728,49,32,0.87885
3252,36,34,0.854175,34,34,0.854466,52,32,0.87858
3253,34,34,0.853913,36,34,0.854203,52,32,0.87831
3254,35,34,0.85365,36,34,0.85394,53,33,0.85365
3255,35,33,0.87777,35,33,0.87806,53,32,0.87777
3256,35,33,0.877501,35,33,0.87779,51,32,0.877501
3257,36,33,0.877231,35,33,0.877521,52,32,0.877231
3258,35,33,0.876962,35,33,0.877252,53,33,0.852602
3259,37,33,0.876693,35,33,0.876982,52,32,0.876693
3260,34,33,0.876424,34,33,0.876713,50,33,0.852079
3261,35,33,0.876155,33,33,0.876445,50,32,0.876155
3262,36,33,0.875887,33,33,0.876176,52,31,0.901648
3263,35,33,0.875618,34,33,0.875907,53,33,0.851296
3264,35,33,0.87535,35,33,0.875639,55,32,0.87535
3265,35,33,0.875082,33,33,0.875371,49,32,0.875082
3266,35,33,0.874814,34,33,0.875103,53,32,0.874814
3267,35,33,0.874546,34,33,0.874835,51,32,0.874546
3268,35,33,0.874279,34,33,0.874567,52,31,0.899993
3269,36,33,0.874011,35,33,0.8743,52,32,0.874011
3270,35,33,0.873744,33,33,0.874032,51,32,0.873744
3271,35,33,0.873477,34,33,0.873765,51,32,0.873477
3272,35,33,0.87321,34,33,0.873498,52,32,0.87321
3273,37,33,0.872943,34,33,0.873231,51,31,0.898618
3274,36,33,0.872676,35,33,0.872964,54,31,0.898343
3275,36,33,0.87241,35,33,0.872698,50,33,0.848176
3276,35,33,0.872144,34,33,0.872432,50,31,0.897795
3277,35,33,0.871878,32,33,0.872165,55,32,0.871878
3278,36,33,0.871612,35,33,0.871899,54,32,0.871612
3279,35,33,0.871346,34,33,0.871633,52,31,0.896974
3280,36,33,0.87108,35,33,0.871368,52,31,0.8967
3281,34,33,0.870815,34,33,0.871102,50,33,0.846625
3282,35,33,0.870549,35,33,0.870837,51,32,0.870549
3283,36,33,0.870284,34,33,0.870571,51,32,0.870284
3284,36,33,0.870019,35,33,0.870306,50,33,0.845852
3285,34,33,0.869754,35,33,0.870041,54,34,0.822741
3286,35,33,0.86949,35,33,0.869777,53,32,0.86949
3287,34,33,0.869225,35,33,0.869512,50,31,0.894791
3288,35,33,0.868961,34,33,0.869247,51,32,0.868961
3289,35,33,0.868697,35,33,0.868983,63,32,0.868697
3290,38,33,0.868432,36,33,0.868719,52,32,0.868432
3291,34,33,0.868169,35,33,0.868455,50,31,0.893703
3292,35,33,0.867905,35,33,0.868191,51,32,0.867905
3293,37,33,0.867641,35,33,0.867928,52,31,0.89316
3294,33,33,0.867378,34,33,0.867664,53,33,0.843284
3295,36,33,0.867115,33,33,0.867401,54,31,0.892618
3296,36,33,0.866852,34,33,0.867138,52,32,0.866852
3297,38,33,0.866589,36,33,0.866875,53,33,0.842517
3298,34,33,0.866326,34,33,0.866612,52,33,0.842261
3299,34,33,0.866063,34,33,0.866349,50,32,0.866063
3300,33,32,0.891266,34,33,0.866087,51,33,0.841751
3301,35,32,0.890996,34,33,0.865824,51,31,0.890996
3302,35,32,0.890726,35,32,0.891011,53,31,0.890726
3303,35,32,0.890456,35,32,0.890741,55,31,0.890456
3304,35,32,0.890187,35,32,0.890471,49,31,0.890187
3305,33,32,0.889917,35,32,0.890202,49,32,0.864491
3306,36,32,0.889648,35,32,0.889933,52,32,0.86423
3307,35,32,0.889379,36,32,0.889664,54,31,0.889379
3308,35,32,0.88911,35,32,0.889395,53,31,0.88911
3309,36,32,0.888841,35,32,0.889126,53,32,0.863446
3310,37,32,0.888573,34,32,0.888857,52,32,0.863185
3311,34,32,0.888305,33,32,0.888589,54,31,0.888305
3312,36,32,0.888036,34,32,0.888321,54,33,0.838701
3313,35,32,0.887768,35,32,0.888052,53,31,0.887768
3314,36,32,0.8875,36,32,0.887784,52,32,0.862143
3315,36,32,0.887233,37,32,0.887517,52,33,0.837942
3316,34,32,0.886965,33,32,0.887249,52,32,0.861623
3317,34,32,0.886698,34,32,0.886982,51,32,0.861364
3318,34,32,0.886431,34,32,0.886714,52,31,0.886431
3319,37,32,0.886163,35,32,0.886447,56,30,0.913017
3320,34,32,0.885897,35,32,0.88618,55,31,0.885897
3321,34,32,0.88563,35,32,0.885913,49,30,0.912467
3322,34,32,0.885363,34,32,0.885646,52,32,0.860067
3323,34,32,0.885097,36,32,0.88538,53,31,0.885097
3324,36,32,0.88483,35,32,0.885114,53,32,0.85955
3325,36,32,0.884564,35,32,0.884847,52,32,0.859291
3326,35,32,0.884298,35,32,0.884581,51,32,0.859033
3327,34,32,0.884033,33,32,0.884315,52,32,0.858775
3328,35,32,0.883767,33,32,0.88405,50,31,0.883767
3329,35,32,0.883501,35,32,0.883784,51,30,0.910274
3330,36,32,0.883236,34,32,0.883519,51,32,0.858001
3331,37,32,0.882971,34,32,0.883254,54,30,0.909728
3332,35,32,0.882706,34,32,0.882988,51,31,0.882706
3333,35,32,0.882441,34,32,0.882724,52,32,0.857229
3334,35,32,0.882177,34,32,0.882459,52,31,0.882177
3335,35,32,0.881912,34,32,0.882194,54,33,0.832917
3336,35,32,0.881648,35,32,0.88193,51,31,0.881648
3337,34,32,0.881383,34,32,0.881665,51,31,0.881383
3338,34,32,0.881119,35,32,0.881401,49,30,0.90782
3339,35,32,0.880855,34,32,0.881137,53,31,0.880855
3340,37,32,0.880592,35,32,0.880874,51,31,0.880592
3341,36,32,0.880328,36,32,0.88061,51,32,0.855176
3342,35,32,0.880065,34,32,0.880346,51,32,0.85492
3343,34,32,0.879802,33,32,0.880083,53,34,0.808466
3344,36,32,0.879538,33,32,0.87982,52,31,0.879538
3345,35,32,0.879275,36,32,0.879557,53,32,0.854153
3346,35,32,0.879013,34,32,0.879294,53,33,0.830179
3347,36,32,0.87875,34,32,0.879031,52,33,0.829931
3348,36,32,0.878488,33,32,0.878769,52,31,0.878488
3349,34,32,0.878225,36,32,0.878506,51,32,0.853133
3350,35,32,0.877963,35,32,0.878244,53,32,0.852878
3351,34,32,0.877701,35,32,0.877982,52,32,0.852624
3352,39,32,0.877439,35,32,0.87772,50,31,0.877439
3353,35,32,0.877178,34,32,0.877458,50,31,0.877178
3354,35,32,0.876916,34,32,0.877197,51,32,0.851861
3355,43,32,0.876655,35,32,0.876935,53,30,0.90322
3356,35,32,0.876393,35,32,0.876674,53,32,0.851354
3357,35,32,0.876132,34,32,0.876413,52,31,0.876132
3358,35,32,0.875871,33,32,0.876152,53,31,0.875871
3359,35,32,0.875611,34,32,0.875891,50,30,0.902144
3360,36,32,0.87535,42,32,0.87563,53,31,0.87535
3361,37,31,0.901608,35,32,0.87537,55,31,0.87509
3362,35,31,0.901339,35,31,0.901619,52,31,0.874829
3363,37,31,0.901071,35,31,0.901351,52,31,0.874569
3364,36,31,0.900804,33,31,0.901083,51,32,0.849329
3365,34,31,0.900536,33,31,0.900815,51,32,0.849077
3366,36,31,0.900268,36,31,0.900547,53,31,0.87379
3367,35,31,0.900001,35,31,0.90028,51,31,0.87353
3368,37,31,0.899734,34,31,0.900013,51,31,0.873271
3369,35,31,0.899467,35,31,0.899745,52,31,0.873012
3370,34,31,0.8992,34,31,0.899478,53,31,0.872753
3371,34,31,0.898933,35,31,0.899212,49,30,0.898933
3372,35,31,0.898666,34,31,0.898945,52,30,0.898666
3373,35,31,0.8984,34,31,0.898678,50,31,0.871976
3374,35,31,0.898134,34,31,0.898412,53,32,0.846812
3375,33,31,0.897868,34,31,0.898146,52,32,0.846561
3376,35,31,0.897602,35,31,0.89788,53,32,0.84631
3377,35,31,0.897336,35,31,0.897614,52,31,0.870944
3378,36,31,0.89707,35,31,0.897348,51,31,0.870686
3379,34,31,0.896805,33,31,0.897083,50,31,0.870428
3380,34,31,0.896539,33,31,0.896817,51,31,0.870171
3381,34,31,0.896274,35,31,0.896552,50,32,0.845059
3382,36,31,0.896009,34,31,0.896287,52,32,0.844809
3383,35,31,0.895744,34,31,0.896022,52,31,0.869399
3384,37,31,0.89548,35,31,0.895757,52,31,0.869142
3385,35,31,0.895215,34,31,0.895493,51,32,0.84406
3386,35,31,0.894951,34,31,0.895228,52,30,0.894951
3387,35,31,0.894686,35,31,0.894964,52,31,0.868372
3388,37,31,0.894422,35,31,0.8947,52,31,0.868116
3389,36,31,0.894158,33,31,0.894436,50,31,0.86786
3390,34,31,0.893895,35,31,0.894172,50,31,0.867604
3391,35,31,0.893631,35,31,0.893908,51,30,0.893631
3392,35,31,0.893368,35,31,0.893645,53,31,0.867092
3393,36,31,0.893104,34,31,0.893381,54,30,0.893104
3394,35,31,0.892841,36,31,0.893118,50,31,0.866581
3395,35,31,0.892578,33,31,0.892855,50,30,0.892578
3396,35,31,0.892315,34,31,0.892592,53,31,0.866071
3397,35,31,0.892053,36,31,0.892329,53,32,0.841078
3398,35,31,0.89179,36,31,0.892067,53,30,0.89179
3399,35,31,0.891528,35,31,0.891804,52,31,0.865306
3400,36,31,0.891266,35,31,0.891542,53,30,0.891266
3401,37,31,0.891004,35,31,0.89128,53,30,0.891004
3402,36,31,0.890742,36,31,0.891018,52,31,0.864543
3403,36,31,0.89048,35,31,0.890756,52,31,0.864289
3404,36,31,0.890218,34,31,0.890494,54,30,0.890218
3405,36,31,0.889957,33,31,0.890233,52,30,0.889957
3406,34,31,0.889696,33,31,0.889971,50,30,0.889696
3407,35,31,0.889434,35,31,0.88971,49,30,0.889434
3408,36,31,0.889173,34,31,0.889449,50,29,0.91696
3409,35,31,0.888913,35,31,0.889188,53,31,0.862768
3410,36,31,0.888652,34,31,0.888927,52,31,0.862515
3411,35,31,0.888391,34,31,0.888667,54,30,0.888391
3412,36,31,0.888131,34,31,0.888406,53,29,0.915885
3413,35,31,0.887871,34,31,0.888146,49,31,0.861757
3414,35,31,0.887611,34,31,0.887886,52,30,0.887611
3415,36,31,0.887351,34,31,0.887626,52,31,0.861252
3416,35,31,0.887091,36,31,0.887366,52,31,0.861
3417,35,31,0.886831,35,31,0.887106,53,30,0.886831
3418,34,31,0.886572,33,31,0.886847,52,30,0.886572
3419,34,31,0.886313,35,31,0.886587,51,29,0.91401
3420,37,31,0.886054,33,31,0.886328,52,30,0.886054
3421,34,31,0.885795,34,31,0.886069,54,31,0.859742
3422,35,31,0.885536,34,31,0.88581,51,31,0.85949
3423,35,31,0.885277,35,31,0.885551,53,30,0.885277
3424,35,31,0.885018,37,31,0.885293,50,31,0.858988
3425,34,31,0.88476,33,31,0.885034,53,30,0.88476
3426,34,31,0.884502,33,31,0.884776,50,30,0.884502
3427,35,31,0.884244,33,31,0.884518,51,30,0.884244
3428,34,31,0.883986,34,31,0.88426,49,31,0.857986
3429,34,31,0.883728,34,31,0.884002,52,30,0.883728
3430,35,31,0.88347,34,31,0.883744,49,32,0.832986
3431,35,31,0.883213,33,31,0.883487,52,30,0.883213
3432,36,31,0.882955,34,31,0.883229,52,31,0.856986
3433,35,31,0.882698,35,31,0.882972,52,30,0.882698
3434,35,31,0.882441,34,31,0.882715,53,31,0.856487
3435,34,31,0.882184,34,31,0.882458,52,30,0.882184
3436,33,31,0.881928,33,31,0.882201,53,30,0.881928
3437,35,31,0.881671,34,31,0.881944,52,31,0.855739
3438,35,31,0.881414,34,31,0.881688,53,30,0.881414
3439,36,31,0.881158,35,31,0.881431,49,30,0.881158
3440,36,31,0.880902,35,31,0.881175,52,31,0.854993
3441,36,31,0.880646,34,31,0.880919,52,30,0.880646
3442,35,31,0.88039,34,31,0.880663,52,30,0.88039
3443,33,31,0.880134,34,31,0.880407,52,30,0.880134
3444,35,31,0.879879,32,31,0.880152,54,29,0.907375
3445,34,31,0.879624,34,31,0.879896,54,30,0.879624
3446,35,31,0.879368,34,31,0.879641,54,29,0.906849
3447,35,31,0.879113,35,31,0.879386,50,31,0.853257
3448,35,31,0.878858,33,31,0.879131,54,30,0.878858
3449,35,31,0.878603,34,31,0.878876,52,30,0.878603
3450,36,31,0.878349,35,31,0.878621,53,30,0.878349
3451,36,31,0.878094,35,31,0.878366,54,30,0.878094
3452,34,31,0.87784,33,31,0.878112,51,29,0.905272
3453,35,31,0.877586,34,31,0.877858,49,29,0.90501
3454,34,31,0.877332,34,31,0.877603,51,30,0.877332
3455,36,31,0.877078,34,31,0.877349,51,31,0.851281
3456,35,31,0.876824,34,31,0.877096,53,30,0.876824
3457,34,31,0.87657,34,31,0.876842,52,30,0.87657
3458,35,31,0.876317,34,31,0.876588,52,31,0.850543
3459,35,31,0.876063,33,31,0.876335,54,32,0.826003
3460,36,31,0.87581,34,31,0.876082,53,30,0.87581
3461,36,31,0.875557,35,31,0.875828,52,29,0.902918
3462,35,31,0.875304,34,31,0.875576,51,30,0.875304
3463,35,31,0.875051,34,31,0.875323,53,30,0.875051
3464,33,31,0.874799,34,31,0.87507,54,30,0.874799
3465,35,31,0.874546,35,31,0.874817,52,30,0.874546
3466,36,31,0.874294,34,31,0.874565,54,30,0.874294
3467,35,31,0.874042,35,31,0.874313,55,32,0.824097
3468,34,31,0.87379,34,31,0.874061,52,30,0.87379
3469,35,31,0.873538,35,31,0.873809,48,31,0.847846
3470,35,31,0.873286,34,31,0.873557,50,31,0.847601
3471,35,31,0.873035,34,31,0.873305,52,30,0.873035
3472,36,31,0.872783,34,31,0.873054,54,29,0.900058
3473,36,31,0.872532,35,31,0.872802,51,30,0.872532
3474,34,31,0.872281,33,31,0.872551,51,29,0.899539
3475,35,31,0.87203,34,31,0.8723,52,29,0.899281
3476,36,31,0.871779,34,31,0.872049,52,31,0.846138
3477,35,31,0.871528,35,31,0.871798,50,29,0.898763
3478,35,31,0.871277,34,31,0.871548,51,30,0.871277
3479,36,31,0.871027,33,31,0.871297,51,29,0.898247
3480,35,31,0.870777,33,31,0.871047,54,29,0.897989
3481,34,31,0.870527,36,31,0.870796,52,30,0.870527
3482,36,31,0.870277,34,31,0.870546,53,29,0.897473
3483,36,31,0.870027,36,31,0.870296,51,31,0.844438
3484,34,31,0.869777,35,31,0.870047,50,30,0.869777
3485,35,31,0.869527,34,31,0.869797,50,30,0.869527
3486,34,31,0.869278,33,31,0.869547,51,29,0.896443
3487,35,31,0.869029,34,31,0.869298,56,31,0.843469
3488,36,31,0.86878,35,31,0.869049,55,30,0.86878
3489,37,31,0.868531,34,31,0.8688,51,30,0.868531
3490,34,31,0.868282,35,31,0.868551,51,30,0.868282
3491,33,31,0.868033,42,31,0.868302,56,29,0.895159
3492,36,31,0.867784,35,31,0.868053,53,31,0.842261
3493,36,31,0.867536,34,31,0.867805,53,30,0.867536
3494,36,31,0.867288,34,31,0.867557,53,30,0.867288
3495,35,31,0.867039,34,31,0.867308,52,30,0.867039
3496,35,31,0.866791,34,31,0.86706,53,30,0.866791
3497,34,31,0.866544,33,31,0.866812,51,31,0.841057
3498,35,31,0.866296,34,31,0.866564,52,30,0.866296
3499,35,31,0.866048,35,31,0.866317,52,30,0.866048
3500,34,31,0.865801,35,31,0.866069,53,29,0.892857
3501,35,31,0.865554,34,31,0.865822,52,30,0.865554
3502,33,31,0.865306,35,31,0.865575,50,30,0.865306
3503,34,31,0.865059,33,31,0.865328,54,29,0.892092
3504,35,31,0.864813,34,31,0.865081,55,30,0.864813
3505,36,31,0.864566,34,31,0.864834,54,31,0.839137
3506,35,31,0.864319,34,31,0.864587,52,30,0.864319
3507,35,31,0.864073,33,31,0.864341,51,29,0.891075
3508,34,31,0.863826,33,31,0.864094,54,31,0.83842
3509,34,31,0.86358,35,31,0.863848,53,31,0.838181
3510,35,31,0.863334,34,31,0.863602,53,29,0.890313
3511,34,31,0.863088,35,31,0.863356,52,30,0.863088
3512,34,31,0.862843,35,31,0.86311,53,31,0.837465
3513,34,31,0.862597,34,31,0.862864,53,29,0.889553
3514,35,31,0.862351,33,31,0.862619,50,30,0.862351
3515,35,31,0.862106,36,31,0.862373,53,29,0.889047
3516,35,31,0.861861,35,31,0.862128,53,30,0.861861
3517,33,31,0.861616,35,31,0.861883,51,30,0.861616
3518,35,31,0.861371,34,31,0.861638,51,30,0.861371
3519,35,31,0.861126,33,31,0.861393,51,29,0.888036
3520,35,31,0.860882,34,31,0.861148,55,29,0.887784
3521,37,31,0.860637,35,31,0.860904,54,30,0.860637
3522,36,31,0.860393,35,31,0.860659,53,30,0.860393
3523,34,31,0.860148,34,31,0.860415,50,30,0.860148
3524,34,31,0.859904,34,31,0.860171,52,30,0.859904
3525,34,31,0.85966,35,31,0.859927,52,29,0.886525
3526,35,31,0.859417,35,31,0.859683,53,30,0.859417
3527,36,31,0.859173,35,31,0.859439,49,30,0.859173
3528,36,31,0.858929,34,31,0.859196,52,28,0.914344
3529,35,31,0.858686,33,31,0.858952,51,30,0.858686
3530,34,31,0.858443,34,31,0.858709,52,28,0.913826
3531,37,31,0.8582,35,31,0.858466,55,30,0.8582
3532,35,31,0.857957,34,31,0.858223,54,29,0.884768
3533,34,31,0.857714,34,31,0.85798,53,30,0.857714
3534,36,31,0.857471,36,31,0.857737,50,29,0.884267
3535,33,31,0.857229,36,31,0.857494,52,29,0.884017
3536,36,31,0.856986,34,31,0.857252,53,30,0.856986
3537,36,31,0.856744,35,31,0.857009,52,28,0.912018
3538,34,31,0.856502,35,31,0.856767,51,29,0.883267
3539,34,31,0.85626,35,31,0.856525,53,29,0.883018
3540,36,31,0.856018,36,31,0.856283,54,28,0.911245
3541,36,31,0.855776,38,31,0.856041,55,30,0.855776
3542,36,31,0.855534,35,31,0.8558,52,30,0.855534
3543,36,31,0.855293,34,31,0.855558,54,29,0.882021
3544,35,31,0.855052,34,31,0.855317,49,29,0.881772
3545,35,31,0.85481,35,31,0.855075,54,28,0.90996
3546,34,31,0.854569,35,31,0.854834,52,28,0.909703
3547,35,31,0.854328,35,31,0.854593,52,29,0.881026
3548,36,31,0.854088,35,31,0.854352,50,29,0.880778
3549,34,31,0.853847,34,31,0.854112,51,29,0.88053
3550,36,31,0.853606,33,31,0.853871,64,29,0.880282
3551,37,31,0.853366,34,31,0.853631,53,29,0.880034
3552,36,31,0.853126,34,31,0.85339,50,29,0.879786
3553,36,31,0.852886,33,31,0.85315,53,30,0.852886
3554,35,31,0.852646,34,31,0.85291,52,28,0.907655
3555,35,31,0.852406,35,31,0.85267,53,28,0.9074
3556,35,31,0.852166,35,31,0.85243,55,29,0.878796
3557,37,31,0.851927,34,31,0.852191,53,29,0.878549
3558,35,31,0.851687,34,31,0.851951,52,31,0.826638
3559,36,31,0.851448,33,31,0.851712,53,28,0.90638
3560,35,31,0.851209,34,31,0.851473,55,30,0.851209
3561,37,31,0.85097,34,31,0.851233,53,28,0.905871
3562,35,31,0.850731,35,31,0.850995,52,29,0.877316
3563,34,31,0.850492,35,31,0.850756,51,29,0.87707
3564,36,31,0.850253,34,31,0.850517,52,29,0.876824
3565,34,31,0.850015,33,31,0.850278,52,30,0.850015
3566,34,31,0.849777,34,31,0.85004,51,29,0.876332
3567,35,31,0.849538,33,31,0.849802,53,29,0.876086
3568,34,31,0.8493,36,31,0.849563,55,30,0.8493
3569,36,31,0.849062,35,31,0.849325,54,30,0.849062
3570,35,31,0.848824,34,31,0.849088,53,30,0.848824
3571,35,31,0.848587,34,31,0.84885,53,29,0.875105
3572,35,31,0.848349,34,31,0.848612,51,28,0.903081
3573,36,31,0.848112,34,31,0.848375,51,29,0.874615
3574,35,31,0.847874,34,31,0.848137,50,29,0.87437
3575,35,31,0.847637,34,31,0.8479,50,28,0.902323
3576,34,31,0.8474,37,31,0.847663,52,29,0.873881
3577,36,31,0.847163,35,31,0.847426,54,29,0.873637
3578,35,31,0.846927,35,31,0.847189,53,29,0.873393
3579,35,31,0.84669,36,31,0.846952,53,28,0.901315
3580,35,31,0.846453,36,31,0.846716,53,29,0.872905
3581,33,31,0.846217,34,31,0.846479,52,29,0.872661
3582,36,31,0.845981,37,31,0.846243,53,29,0.872418
3583,34,31,0.845745,35,31,0.846007,53,29,0.872174
3584,35,31,0.845509,35,31,0.845771,55,29,0.871931
3585,33,31,0.845273,35,31,0.845535,50,29,0.871688
3586,35,31,0.845037,34,31,0.845299,54,29,0.871445
3587,34,31,0.844802,35,31,0.845063,54,29,0.871202
3588,35,31,0.844566,35,31,0.844828,54,30,0.844566
3589,36,31,0.844331,35,31,0.844592,53,29,0.870716
3590,35,31,0.844096,35,31,0.844357,51,28,0.898553
3591,36,31,0.84386,35,31,0.844122,51,30,0.84386
3592,34,31,0.843626,34,31,0.843887,51,29,0.869989
3593,35,31,0.843391,34,31,0.843652,53,29,0.869747
3594,34,31,0.843156,34,31,0.843417,52,29,0.869505
3595,35,31,0.842922,34,31,0.843183,52,27,0.927214
3596,36,31,0.842687,35,31,0.842948,54,28,0.897054
3597,35,31,0.842453,35,31,0.842714,55,30,0.842453
3598,36,31,0.842219,36,31,0.84248,52,29,0.868538
3599,35,31,0.841985,33,31,0.842246,52,29,0.868297
3600,34,31,0.841751,33,31,0.842012,58,29,0.868056
3601,34,31,0.841517,34,31,0.841778,53,28,0.895809
3602,36,31,0.841283,35,31,0.841544,53,30,0.841283
3603,36,31,0.84105,35,31,0.841311,51,28,0.895311
3604,34,31,0.840817,33,31,0.841077,52,28,0.895063
3605,34,31,0.840583,33,31,0.840844,54,28,0.894815
3606,34,31,0.84035,34,31,0.840611,52,30,0.84035
3607,36,31,0.840117,35,31,0.840378,55,28,0.894318
3608,36,31,0.839884,35,31,0.840145,57,29,0.866131
3609,34,31,0.839652,33,31,0.839912,49,29,0.865891
3610,35,31,0.839419,34,31,0.839679,51,29,0.865651
3611,36,31,0.839187,34,31,0.839447,53,30,0.839187
3612,35,31,0.838954,36,31,0.839214,54,28,0.89308
3613,36,31,0.838722,35,31,0.838982,54,29,0.864932
3614,36,31,0.83849,34,31,0.83875,50,29,0.864693
3615,36,31,0.838258,34,31,0.838518,55,29,0.864454
3616,35,31,0.838026,34,31,0.838286,56,30,0.838026
3617,36,31,0.837795,35,31,0.838054,53,29,0.863976
3618,35,31,0.837563,34,31,0.837823,53,29,0.863737
3619,35,31,0.837332,34,31,0.837591,52,28,0.891353
3620,36,31,0.8371,34,31,0.83736,53,28,0.891107
3621,34,31,0.836869,34,31,0.837129,66,28,0.890861
3622,37,31,0.836638,37,31,0.836897,52,29,0.862783
3623,36,31,0.836407,34,31,0.836666,55,29,0.862545
3624,34,31,0.836176,34,31,0.836436,55,30,0.836176
3625,35,31,0.835946,35,31,0.836205,51,28,0.889878
3626,35,31,0.835715,35,31,0.835974,52,29,0.861831
3627,36,31,0.835485,33,31,0.835744,55,31,0.810912
3628,35,31,0.835254,36,31,0.835513,53,29,0.861356
3629,37,31,0.835024,35,31,0.835283,53,28,0.888897
3630,36,31,0.834794,35,31,0.835053,54,28,0.888652
3631,35,31,0.834564,34,31,0.834823,52,28,0.888407
3632,34,31,0.834335,33,31,0.834593,52,29,0.860407
3633,35,31,0.834105,35,31,0.834363,54,29,0.860171
3634,36,31,0.833875,34,31,0.834134,56,30,0.833875
3635,36,31,0.833646,36,31,0.833904,50,29,0.859697
3636,35,31,0.833417,35,31,0.833675,50,31,0.808904
3637,34,31,0.833188,33,31,0.833446,53,28,0.886942
3638,35,31,0.832959,35,31,0.833217,55,29,0.858988
3639,36,31,0.83273,37,31,0.832988,53,29,0.858752
3640,36,31,0.832501,38,31,0.832759,52,29,0.858516
3641,33,31,0.832272,34,31,0.83253,51,28,0.885967
3642,35,31,0.832044,34,31,0.832302,52,28,0.885724
3643,35,31,0.831815,35,31,0.832073,53,28,0.885481
3644,36,31,0.831587,35,31,0.831845,55,28,0.885238
3645,36,31,0.831359,36,31,0.831617,54,29,0.857339
3646,36,31,0.831131,34,31,0.831388,53,28,0.884752
3647,35,31,0.830903,36,31,0.831161,52,29,0.856869
3648,34,31,0.830675,38,31,0.830933,54,29,0.856634
3649,35,31,0.830448,36,31,0.830705,55,28,0.884025
3650,35,31,0.83022,35,31,0.830477,54,29,0.856164
3651,36,31,0.829993,36,31,0.83025,52,28,0.883541
3652,33,31,0.829765,35,31,0.830023,48,28,0.883299
3653,36,31,0.829538,33,31,0.829795,54,28,0.883057
3654,34,31,0.829311,35,31,0.829568,53,28,0.882815
3655,35,31,0.829084,35,31,0.829341,54,28,0.882574
3656,35,31,0.828858,35,31,0.829114,54,28,0.882332
3657,35,31,0.828631,33,31,0.828888,49,29,0.854526
3658,35,31,0.828404,34,31,0.828661,52,27,0.911245
3659,34,31,0.828178,35,31,0.828435,55,28,0.881609
3660,37,31,0.827952,35,31,0.828208,54,28,0.881368
3661,38,31,0.827725,35,31,0.827982,54,28,0.881127
3662,35,31,0.827499,34,31,0.827756,51,28,0.880887
3663,36,31,0.827274,34,31,0.82753,52,28,0.880646
3664,34,31,0.827048,35,31,0.827304,52,28,0.880406
3665,35,31,0.826822,37,31,0.827078,53,28,0.880165
3666,36,31,0.826597,34,31,0.826853,51,29,0.852428
3667,34,31,0.826371,34,31,0.826627,53,29,0.852195
3668,35,31,0.826146,36,31,0.826402,53,29,0.851963
3669,35,31,0.825921,35,31,0.826177,52,29,0.851731
3670,37,31,0.825696,35,31,0.825952,53,29,0.851499
3671,35,31,0.825471,35,31,0.825727,53,29,0.851267
3672,35,31,0.825246,36,31,0.825502,52,29,0.851035
3673,35,31,0.825021,34,31,0.825277,51,29,0.850803
3674,36,31,0.824797,34,31,0.825052,50,28,0.878009
3675,36,31,0.824572,35,31,0.824828,53,29,0.85034
3676,36,31,0.824348,35,31,0.824603,54,28,0.877532
3677,36,31,0.824124,34,31,0.824379,55,29,0.849878
3678,35,31,0.8239,34,31,0.824155,51,29,0.849647
3679,35,31,0.823676,34,31,0.823931,55,28,0.876816
3680,36,31,0.823452,37,31,0.823707,53,28,0.876578
3681,35,31,0.823228,35,31,0.823483,52,29,0.848954
3682,36,31,0.823005,35,31,0.82326,52,29,0.848724
3683,34,31,0.822781,35,31,0.823036,53,27,0.905059
3684,35,31,0.822558,35,31,0.822813,54,28,0.875626
3685,35,31,0.822335,35,31,0.82259,52,27,0.904568
3686,35,31,0.822112,36,31,0.822366,53,29,0.847802
3687,35,31,0.821889,35,31,0.822143,53,28,0.874914
3688,38,31,0.821666,35,31,0.82192,53,29,0.847343
3689,35,31,0.821443,35,31,0.821698,51,27,0.903587
3690,35,31,0.82122,36,31,0.821475,53,28,0.874202
3691,36,31,0.820998,35,31,0.821252,53,28,0.873965
3692,36,31,0.820775,35,31,0.82103,53,27,0.902853
3693,35,31,0.820553,33,31,0.820808,52,28,0.873492
3694,35,31,0.820331,34,31,0.820585,53,30,0.820331
3695,35,31,0.820109,36,31,0.820363,50,28,0.873019
3696,38,31,0.819887,34,31,0.820141,53,27,0.901876
3697,38,31,0.819665,36,31,0.81992,52,29,0.84528
3698,36,31,0.819444,34,31,0.819698,53,29,0.845051
3699,34,31,0.819222,35,31,0.819476,52,27,0.901144
3700,37,31,0.819001,35,31,0.819255,54,28,0.87184
3701,36,31,0.81878,36,31,0.819033,53,29,0.844366
3702,35,31,0.818558,35,31,0.818812,53,28,0.871369
3703,36,31,0.818337,34,31,0.818591,53,28,0.871133
3704,36,31,0.818116,34,31,0.81837,52,28,0.870898
3705,36,31,0.817896,35,31,0.818149,54,28,0.870663
3706,36,31,0.817675,34,31,0.817928,53,27,0.899442
3707,37,31,0.817454,35,31,0.817708,54,28,0.870193
3708,36,31,0.817234,34,31,0.817487,55,28,0.869959
3709,46,31,0.817013,45,31,0.817267,56,28,0.869724
3710,38,31,0.816793,35,31,0.817046,53,28,0.86949
3711,36,31,0.816573,36,31,0.816826,57,29,0.842091
3712,36,31,0.816353,35,31,0.816606,54,27,0.897989
3713,36,31,0.816133,33,31,0.816386,53,27,0.897747
3714,36,31,0.815914,35,31,0.816167,55,27,0.897505
3715,35,31,0.815694,35,31,0.815947,52,29,0.841184
3716,37,31,0.815474,35,31,0.815727,51,27,0.897022
3717,35,31,0.815255,35,31,0.815508,55,28,0.867852
3718,36,31,0.815036,34,31,0.815288,53,29,0.840506
3719,35,31,0.814817,35,31,0.815069,55,28,0.867385
3720,35,31,0.814598,34,31,0.81485,52,28,0.867152
3721,36,31,0.814379,35,31,0.814631,53,29,0.839828
3722,36,31,0.81416,38,31,0.814412,57,28,0.866686
3723,35,31,0.813941,34,31,0.814194,54,28,0.866454
3724,35,31,0.813723,36,31,0.813975,53,28,0.866221
3725,35,31,0.813504,35,31,0.813756,53,28,0.865988
3726,36,31,0.813286,35,31,0.813538,55,28,0.865756
3727,36,31,0.813068,36,31,0.81332,54,27,0.894374
3728,37,31,0.81285,35,31,0.813102,51,30,0.81285
3729,37,31,0.812632,35,31,0.812883,54,28,0.865059
3730,34,31,0.812414,35,31,0.812666,53,28,0.864827
3731,36,31,0.812196,36,31,0.812448,54,27,0.893416
3732,35,31,0.811978,36,31,0.81223,53,28,0.864364
3733,36,31,0.811761,33,31,0.812012,55,27,0.892937
3734,36,31,0.811543,35,31,0.811795,54,28,0.863901
3735,34,31,0.811326,37,31,0.811578,56,29,0.83668
3736,37,31,0.811109,36,31,0.81136,53,28,0.863439
3737,36,31,0.810892,34,31,0.811143,52,27,0.891981
3738,35,31,0.810675,36,31,0.810926,52,28,0.862977
3739,35,31,0.810458,34,31,0.810709,49,27,0.891504
3740,35,31,0.810241,34,31,0.810493,53,27,0.891266
3741,36,31,0.810025,35,31,0.810276,56,27,0.891027
3742,38,31,0.809808,35,31,0.810059,56,28,0.862054
3743,36,31,0.809592,36,31,0.809843,51,27,0.890551
3744,37,31,0.809376,35,31,0.809627,54,28,0.861594
3745,34,31,0.80916,34,31,0.809411,50,29,0.834446
3746,35,31,0.808944,35,31,0.809194,53,27,0.889838
3747,35,31,0.808728,36,31,0.808978,52,28,0.860904
3748,35,31,0.808512,36,31,0.808763,54,27,0.889363
3749,36,31,0.808296,33,31,0.808547,50,27,0.889126
3750,36,31,0.808081,34,31,0.808331,51,28,0.860215
3751,36,31,0.807865,35,31,0.808116,55,28,0.859986
3752,36,31,0.80765,34,31,0.8079,56,27,0.888415
3753,36,31,0.807435,35,31,0.807685,55,28,0.859527
3754,36,31,0.80722,34,31,0.80747,52,28,0.859298
3755,33,31,0.807005,33,31,0.807255,50,28,0.85907
3756,36,31,0.80679,34,31,0.80704,53,27,0.887469
3757,36,31,0.806575,35,31,0.806825,53,27,0.887233
3758,37,31,0.806361,35,31,0.806611,56,27,0.886997
3759,38,31,0.806146,34,31,0.806396,56,28,0.858155
3760,35,31,0.805932,35,31,0.806181,52,28,0.857927
3761,35,31,0.805717,35,31,0.805967,52,28,0.857699
3762,36,31,0.805503,37,31,0.805753,53,28,0.857471
3763,36,31,0.805289,35,31,0.805539,50,28,0.857243
3764,38,31,0.805075,35,31,0.805325,68,28,0.857016
3765,37,31,0.804861,37,31,0.805111,56,27,0.885347
3766,36,31,0.804648,35,31,0.804897,55,28,0.85656
3767,36,31,0.804434,36,31,0.804683,56,27,0.884877
3768,37,31,0.804221,36,31,0.80447,53,28,0.856106
3769,36,31,0.804007,35,31,0.804256,52,28,0.855879
3770,36,31,0.803794,35,31,0.804043,53,27,0.884173
3771,36,31,0.803581,36,31,0.80383,56,28,0.855425
3772,37,31,0.803368,35,31,0.803617,54,29,0.828473
3773,37,31,0.803155,36,31,0.803404,51,27,0.88347
3774,36,31,0.802942,35,31,0.803191,55,28,0.854745
3775,36,31,0.802729,35,31,0.802978,57,28,0.854518
3776,36,31,0.802517,34,31,0.802765,54,27,0.882768
3777,36,31,0.802304,35,31,0.802553,51,27,0.882535
3778,38,31,0.802092,36,31,0.802341,54,27,0.882301
3779,36,31,0.80188,35,31,0.802128,51,27,0.882068
3780,35,31,0.801667,33,31,0.801916,55,28,0.853388
3781,35,31,0.801455,36,31,0.801704,53,27,0.881601
3782,38,31,0.801244,40,31,0.801492,55,27,0.881368
3783,38,31,0.801032,37,31,0.80128,56,28,0.852711
3784,35,31,0.80082,34,31,0.801068,54,28,0.852486
3785,36,31,0.800608,34,31,0.800857,55,27,0.880669
3786,36,31,0.800397,34,31,0.800645,53,29,0.825409
3787,36,31,0.800186,33,31,0.800434,55,29,0.825191
3788,35,31,0.799974,34,31,0.800222,54,27,0.879972
3789,36,31,0.799763,35,31,0.800011,53,27,0.87974
3790,38,31,0.799552,35,31,0.7998,56,27,0.879507
3791,36,31,0.799341,35,31,0.799589,54,27,0.879275
3792,34,31,0.799131,36,31,0.799378,52,27,0.879044
3793,35,31,0.79892,34,31,0.799168,53,28,0.850463
3794,35,31,0.798709,35,31,0.798957,53,28,0.850239
3795,35,31,0.798499,35,31,0.798746,55,27,0.878349
3796,35,31,0.798288,35,31,0.798536,54,27,0.878117
3797,36,31,0.798078,34,31,0.798326,53,27,0.877886
3798,37,31,0.797868,35,31,0.798115,52,27,0.877655
3799,34,31,0.797658,38,31,0.797905,55,28,0.84912
3800,36,31,0.797448,35,31,0.797695,55,27,0.877193
3801,36,31,0.797238,36,31,0.797486,54,26,0.907202
3802,36,31,0.797029,34,31,0.797276,52,28,0.84845
3803,36,31,0.796819,35,31,0.797066,54,27,0.876501
3804,36,31,0.79661,35,31,0.796857,55,27,0.876271
3805,37,31,0.7964,35,31,0.796647,58,27,0.87604
3806,37,31,0.796191,35,31,0.796438,53,26,0.90601
3807,35,31,0.795982,35,31,0.796229,53,26,0.905772
3808,36,31,0.795773,35,31,0.79602,51,27,0.87535
3809,35,31,0.795564,36,31,0.795811,52,27,0.87512
3810,36,31,0.795355,35,31,0.795602,54,27,0.874891
3811,37,31,0.795146,35,31,0.795393,54,27,0.874661
3812,37,31,0.794938,34,31,0.795184,56,27,0.874432
3813,34,31,0.794729,35,31,0.794976,54,28,0.846002
3814,36,31,0.794521,35,31,0.794767,56,26,0.90411
3815,36,31,0.794313,35,31,0.794559,54,28,0.845559
3816,37,31,0.794105,36,31,0.794351,56,28,0.845337
3817,37,31,0.793897,35,31,0.794143,53,27,0.873286
3818,35,31,0.793689,35,31,0.793935,51,28,0.844894
3819,35,31,0.793481,34,31,0.793727,55,28,0.844673
3820,35,31,0.793273,36,31,0.793519,55,28,0.844452
3821,37,31,0.793065,36,31,0.793311,53,27,0.872372
3822,37,31,0.792858,34,31,0.793104,55,26,0.902218
3823,35,31,0.792651,33,31,0.792896,52,26,0.901982
3824,35,31,0.792443,34,31,0.792689,53,27,0.871688
3825,36,31,0.792236,35,31,0.792482,55,28,0.843348
3826,38,31,0.792029,36,31,0.792275,56,27,0.871232
3827,36,31,0.791822,35,31,0.792068,53,28,0.842907
3828,36,31,0.791615,34,31,0.791861,55,26,0.900804
3829,35,31,0.791408,36,31,0.791654,52,27,0.870549
3830,38,31,0.791202,35,31,0.791447,57,28,0.842247
3831,36,31,0.790995,35,31,0.791241,57,26,0.900098
3832,37,31,0.790789,34,31,0.791034,52,28,0.841808
3833,35,31,0.790583,37,31,0.790828,53,27,0.869641
3834,38,31,0.790376,36,31,0.790621,55,27,0.869414
3835,37,31,0.79017,36,31,0.790415,53,28,0.841149
3836,36,31,0.789964,37,31,0.790209,58,28,0.84093
3837,38,31,0.789758,37,31,0.790003,56,26,0.898691
3838,34,31,0.789553,34,31,0.789797,54,28,0.840492
3839,34,31,0.789347,34,31,0.789592,54,27,0.868282
3840,36,31,0.789141,36,31,0.789386,57,27,0.868056
3841,37,31,0.788936,36,31,0.789181,55,27,0.86783
3842,36,31,0.788731,36,31,0.788975,53,27,0.867604
3843,36,31,0.788525,34,31,0.78877,54,27,0.867378
3844,36,31,0.78832,35,31,0.788565,57,27,0.867152
3845,36,31,0.788115,37,31,0.78836,55,28,0.838961
3846,36,31,0.78791,35,31,0.788155,53,27,0.866701
3847,36,31,0.787705,36,31,0.78795,53,27,0.866476
3848,36,31,0.787501,35,31,0.787745,54,27,0.866251
3849,36,31,0.787296,35,31,0.78754,55,27,0.866026
3850,38,31,0.787092,34,31,0.787336,55,27,0.865801
3851,35,31,0.786887,35,31,0.787131,53,27,0.865576
3852,37,31,0.786683,35,31,0.786927,56,28,0.837437
3853,35,31,0.786479,35,31,0.786723,55,27,0.865127
3854,36,31,0.786275,34,31,0.786519,53,27,0.864902
3855,36,31,0.786071,36,31,0.786315,54,27,0.864678
3856,37,31,0.785867,35,31,0.786111,56,26,0.894262
3857,36,31,0.785663,35,31,0.785907,53,27,0.86423
3858,37,31,0.78546,35,31,0.785703,53,27,0.864006
3859,37,31,0.785256,34,31,0.785499,54,28,0.835918
3860,36,31,0.785053,35,31,0.785296,51,27,0.863558
3861,36,31,0.784849,35,31,0.785093,54,27,0.863334
3862,37,31,0.784646,35,31,0.784889,53,27,0.863111
3863,37,31,0.784443,36,31,0.784686,55,27,0.862887
3864,36,31,0.78424,35,31,0.784483,54,26,0.892411
3865,34,31,0.784037,35,31,0.78428,53,27,0.862441
3866,36,31,0.783834,35,31,0.784077,57,26,0.891949
3867,37,31,0.783632,36,31,0.783874,54,26,0.891719
3868,37,31,0.783429,39,31,0.783672,52,26,0.891488
3869,36,31,0.783226,36,31,0.783469,54,28,0.833757
3870,36,31,0.783024,35,31,0.783267,53,25,0.92285
3871,35,31,0.782822,37,31,0.783064,53,26,0.890797
3872,35,31,0.78262,35,31,0.782862,56,27,0.860882
3873,36,31,0.782418,35,31,0.78266,51,26,0.890337
3874,36,31,0.782216,34,31,0.782458,55,27,0.860437
3875,34,31,0.782014,36,31,0.782256,53,26,0.889878
3876,37,31,0.781812,36,31,0.782054,53,27,0.859993
3877,37,31,0.78161,35,31,0.781853,55,27,0.859771
3878,37,31,0.781409,35,31,0.781651,55,27,0.85955
3879,35,31,0.781207,37,31,0.781449,53,27,0.859328
3880,35,31,0.781006,36,31,0.781248,56,28,0.831393
3881,36,31,0.780805,35,31,0.781047,54,27,0.858885
3882,36,31,0.780604,36,31,0.780846,57,27,0.858664
3883,37,31,0.780403,35,31,0.780644,53,27,0.858443
3884,37,31,0.780202,36,31,0.780443,53,26,0.887816
3885,36,31,0.780001,37,31,0.780243,51,27,0.858001
3886,35,31,0.7798,35,31,0.780042,53,27,0.85778
3887,36,31,0.779599,36,31,0.779841,54,27,0.857559
3888,37,31,0.779399,35,31,0.779641,55,29,0.803755
3889,35,31,0.779199,34,31,0.77944,53,26,0.886674
3890,35,31,0.778998,35,31,0.77924,54,26,0.886446
3891,35,31,0.778798,35,31,0.779039,54,27,0.856678
3892,36,31,0.778598,34,31,0.778839,54,27,0.856458
3893,36,31,0.778398,36,31,0.778639,55,26,0.885763
3894,36,31,0.778198,35,31,0.778439,56,26,0.885536
3895,36,31,0.777998,37,31,0.778239,54,27,0.855798
3896,37,31,0.777799,34,31,0.77804,53,26,0.885081
3897,35,31,0.777599,35,31,0.77784,55,26,0.884854
3898,36,31,0.777399,34,31,0.77764,54,26,0.884627
3899,35,31,0.7772,37,31,0.777441,56,26,0.8844
3900,37,31,0.777001,36,31,0.777242,54,27,0.854701
3901,36,31,0.776802,35,31,0.777042,54,26,0.883947
3902,36,31,0.776603,33,31,0.776843,52,27,0.854263
3903,37,31,0.776404,35,31,0.776644,55,27,0.854044
3904,38,31,0.776205,37,31,0.776445,55,26,0.883267
3905,36,31,0.776006,36,31,0.776246,53,26,0.883041
3906,35,31,0.775807,35,31,0.776048,54,26,0.882815
3907,35,31,0.775609,37,31,0.775849,53,26,0.882589
3908,37,31,0.77541,37,31,0.775651,55,28,0.825437
3909,36,31,0.775212,36,31,0.775452,54,27,0.852733
3910,37,31,0.775014,35,31,0.775254,55,26,0.881912
3911,36,31,0.774815,35,31,0.775056,54,26,0.881686
3912,35,31,0.774617,34,31,0.774857,53,27,0.852079
3913,37,31,0.774419,35,31,0.774659,56,26,0.881236
3914,37,31,0.774222,35,31,0.774462,57,26,0.881011
3915,37,31,0.774024,36,31,0.774264,54,26,0.880786
3916,35,31,0.773826,35,31,0.774066,54,27,0.851209
3917,36,31,0.773629,35,31,0.773868,55,26,0.880336
3918,36,31,0.773431,36,31,0.773671,55,27,0.850774
3919,37,31,0.773234,35,31,0.773473,57,25,0.911311
3920,36,31,0.773036,35,31,0.773276,56,27,0.85034
3921,36,31,0.772839,34,31,0.773079,54,29,0.796991
3922,37,31,0.772642,35,31,0.772882,58,26,0.879214
3923,38,31,0.772445,34,31,0.772685,54,27,0.84969
3924,37,31,0.772248,36,31,0.772488,55,26,0.878766
3925,36,31,0.772052,34,31,0.772291,55,26,0.878542
3926,36,31,0.771855,34,31,0.772094,52,27,0.849041
3927,35,31,0.771659,35,31,0.771898,56,27,0.848824
3928,35,31,0.771462,35,31,0.771701,56,25,0.909223
3929,36,31,0.771266,36,31,0.771505,54,26,0.877647
3930,37,31,0.771069,38,31,0.771309,54,27,0.848176
3931,35,31,0.770873,36,31,0.771112,54,25,0.908529
3932,35,31,0.770677,34,31,0.770916,53,26,0.876978
3933,37,31,0.770481,36,31,0.77072,56,25,0.908067
3934,36,31,0.770285,35,31,0.770524,59,27,0.847314
3935,38,31,0.77009,36,31,0.770328,53,25,0.907606
3936,35,31,0.769894,35,31,0.770133,52,28,0.819565
3937,37,31,0.769699,36,31,0.769937,55,27,0.846668
3938,37,31,0.769503,37,31,0.769742,56,27,0.846453
3939,37,31,0.769308,36,31,0.769546,57,25,0.906684
3940,36,31,0.769112,37,31,0.769351,53,26,0.875197
3941,37,31,0.768917,37,31,0.769156,53,24,0.939788
3942,35,31,0.768722,35,31,0.768961,53,26,0.874753
3943,36,31,0.768527,36,31,0.768766,55,27,0.84538
3944,37,31,0.768332,35,31,0.768571,55,27,0.845166
3945,36,31,0.768138,36,31,0.768376,53,27,0.844951
3946,39,31,0.767943,34,31,0.768181,53,27,0.844737
3947,37,31,0.767748,35,31,0.767986,54,27,0.844523
3948,37,31,0.767554,37,31,0.767792,55,26,0.873423
3949,36,31,0.76736,35,31,0.767597,55,26,0.873202
3950,37,31,0.767165,35,31,0.767403,54,26,0.872981
3951,36,31,0.766971,35,31,0.767209,57,26,0.87276
3952,34,31,0.766777,36,31,0.767015,53,26,0.872539
3953,37,31,0.766583,36,31,0.766821,58,26,0.872319
3954,38,31,0.766389,37,31,0.766627,54,25,0.903244
3955,39,31,0.766195,35,31,0.766433,54,27,0.842815
3956,36,31,0.766002,35,31,0.766239,52,25,0.902788
3957,36,31,0.765808,35,31,0.766046,55,25,0.90256
3958,36,31,0.765615,35,31,0.765852,56,26,0.871217
3959,37,31,0.765421,36,31,0.765659,57,26,0.870997
3960,36,31,0.765228,34,31,0.765465,53,26,0.870777
3961,37,31,0.765035,37,31,0.765272,54,27,0.841538
3962,35,31,0.764842,36,31,0.765079,55,26,0.870337
3963,36,31,0.764649,36,31,0.764886,54,26,0.870118
3964,37,31,0.764456,36,31,0.764693,52,27,0.840901
3965,37,31,0.764263,36,31,0.7645,55,25,0.900739
3966,35,31,0.76407,35,31,0.764307,54,26,0.869459
3967,36,31,0.763878,34,31,0.764115,54,26,0.86924
3968,36,31,0.763685,36,31,0.763922,52,26,0.869021
3969,37,31,0.763493,37,31,0.76373,57,26,0.868802
3970,36,31,0.763301,35,31,0.763537,59,27,0.839631
3971,36,31,0.763108,35,31,0.763345,53,26,0.868365
3972,36,31,0.762916,35,31,0.763153,57,25,0.899151
3973,36,31,0.762724,34,31,0.762961,54,27,0.838997
3974,34,31,0.762532,36,31,0.762769,55,27,0.838785
3975,36,31,0.76234,36,31,0.762577,55,24,0.931749
3976,37,31,0.762149,36,31,0.762385,54,26,0.867273
3977,36,31,0.761957,34,31,0.762193,55,26,0.867055
3978,35,31,0.761765,35,31,0.762002,56,26,0.866837
3979,36,31,0.761574,36,31,0.76181,53,25,0.897569
3980,37,31,0.761383,36,31,0.761619,56,26,0.866401
3981,36,31,0.761191,35,31,0.761427,56,25,0.897118
3982,35,31,0.761,34,31,0.761236,54,26,0.865966
3983,42,31,0.760809,39,31,0.761045,54,25,0.896668
3984,37,31,0.760618,36,31,0.760854,58,25,0.896443
3985,37,31,0.760427,36,31,0.760663,55,27,0.83647
3986,36,31,0.760237,36,31,0.760472,55,26,0.865097
3987,36,31,0.760046,35,31,0.760282,57,26,0.86488
3988,36,31,0.759855,36,31,0.760091,56,25,0.895544
3989,36,31,0.759665,36,31,0.7599,56,25,0.895319
3990,36,31,0.759474,36,31,0.75971,55,27,0.835422
3991,36,31,0.759284,36,31,0.75952,53,26,0.864013
3992,36,31,0.759094,37,31,0.759329,54,27,0.835003
3993,36,31,0.758904,35,31,0.759139,59,26,0.86358
3994,37,31,0.758714,36,31,0.758949,53,26,0.863364
3995,37,31,0.758524,36,31,0.758759,56,27,0.834376
3996,36,31,0.758334,34,31,0.758569,52,25,0.893751
3997,36,31,0.758144,35,31,0.758379,55,25,0.893527
3998,36,31,0.757955,36,31,0.75819,54,26,0.8625
3999,37,31,0.757765,36,31,0.758,56,25,0.89308
4000,39,31,0.757576,36,31,0.757811,54,26,0.862069
4001,38,31,0.757386,37,31,0.757621,56,26,0.861854
4002,36,31,0.757197,34,31,0.757432,57,26,0.861638
4003,37,31,0.757008,38,31,0.757243,55,25,0.892188
4004,37,31,0.756819,37,31,0.757054,56,25,0.891965
4005,36,31,0.75663,38,31,0.756865,54,26,0.860993
4006,38,31,0.756441,34,31,0.756676,57,25,0.89152
4007,35,31,0.756252,36,31,0.756487,56,25,0.891297
4008,36,31,0.756064,36,31,0.756298,54,26,0.860348
4009,37,31,0.755875,38,31,0.756109,57,26,0.860134
4010,37,31,0.755687,36,31,0.755921,54,26,0.859919
4011,37,31,0.755498,34,31,0.755732,55,26,0.859705
4012,35,31,0.75531,35,31,0.755544,54,25,0.890187
4013,36,31,0.755122,35,31,0.755356,57,26,0.859276
4014,36,31,0.754933,37,31,0.755168,56,27,0.830427
4015,35,31,0.754745,37,31,0.754979,54,26,0.858848
4016,37,31,0.754558,36,31,0.754791,54,25,0.8893
4017,37,31,0.75437,36,31,0.754604,52,26,0.858421
4018,36,31,0.754182,37,31,0.754416,60,25,0.888857
4019,37,31,0.753994,37,31,0.754228,56,25,0.888636
4020,35,31,0.753807,35,31,0.75404,55,26,0.85778
4021,36,31,0.753619,36,31,0.753853,52,27,0.828981
4022,36,31,0.753432,35,31,0.753665,56,25,0.887973
4023,37,31,0.753245,36,31,0.753478,55,25,0.887753
4024,37,31,0.753057,35,31,0.753291,57,25,0.887532
4025,38,31,0.75287,37,31,0.753104,53,26,0.856714
4026,36,31,0.752683,35,31,0.752917,53,26,0.856502
4027,35,31,0.752496,36,31,0.75273,52,26,0.856289
4028,36,31,0.75231,35,31,0.752543,56,26,0.856076
4029,36,31,0.752123,35,31,0.752356,57,25,0.886431
4030,36,31,0.751936,38,31,0.752169,57,25,0.886211
4031,35,31,0.75175,35,31,0.751983,54,26,0.855439
4032,35,31,0.751563,35,31,0.751796,54,25,0.885771
4033,38,31,0.751377,36,31,0.75161,57,26,0.855015
4034,36,31,0.751191,35,31,0.751424,52,25,0.885332
4035,36,31,0.751004,35,31,0.751237,56,26,0.854591
4036,36,31,0.750818,38,31,0.751051,53,26,0.85438
4037,36,31,0.750632,36,31,0.750865,53,24,0.91744
4038,35,31,0.750447,37,31,0.750679,55,27,0.825491
4039,35,31,0.750261,34,31,0.750493,53,25,0.884236
4040,36,31,0.750075,37,31,0.750308,55,26,0.853534
4041,38,31,0.749889,35,31,0.750122,55,25,0.883798
4042,36,31,0.749704,37,31,0.749936,55,26,0.853111
4043,36,31,0.749518,36,31,0.749751,52,27,0.82447
4044,35,31,0.749333,35,31,0.749565,56,26,0.852689
4045,36,31,0.749148,34,31,0.74938,54,25,0.882924
4046,35,31,0.748963,35,31,0.749195,55,26,0.852268
4047,37,31,0.748778,37,31,0.74901,58,25,0.882488
4048,35,31,0.748593,34,31,0.748825,56,25,0.88227
4049,37,31,0.748408,36,31,0.74864,53,25,0.882052
4050,36,31,0.748223,40,31,0.748455,55,25,0.881834
4051,37,31,0.748038,37,31,0.74827,55,25,0.881617
4052,38,31,0.747854,36,31,0.748085,55,26,0.851006
4053,36,31,0.747669,34,31,0.747901,56,26,0.850796
4054,35,31,0.747485,35,31,0.747716,54,26,0.850586
4055,36,31,0.7473,35,31,0.747532,58,25,0.880747
4056,38,31,0.747116,38,31,0.747348,58,25,0.88053
4057,36,31,0.746932,37,31,0.747164,56,25,0.880313
4058,38,31,0.746748,37,31,0.746979,58,26,0.849748
4059,37,31,0.746564,37,31,0.746795,54,25,0.879879
4060,35,31,0.74638,36,31,0.746611,55,25,0.879662
4061,37,31,0.746196,38,31,0.746428,53,27,0.820816
4062,35,31,0.746013,35,31,0.746244,55,25,0.879229
4063,37,31,0.745829,35,31,0.74606,55,25,0.879013
4064,38,31,0.745645,37,31,0.745877,56,26,0.848493
4065,36,31,0.745462,35,31,0.745693,58,25,0.87858
4066,36,31,0.745279,35,31,0.74551,55,26,0.848076
4067,35,31,0.745095,36,31,0.745326,55,25,0.878148
4068,37,31,0.744912,36,31,0.745143,59,26,0.847659
4069,38,31,0.744729,36,31,0.74496,57,26,0.84745
4070,36,31,0.744546,35,31,0.744777,56,25,0.877501
4071,37,31,0.744363,35,31,0.744594,52,24,0.909777
4072,37,31,0.744181,35,31,0.744411,57,26,0.846826
4073,37,31,0.743998,38,31,0.744228,58,25,0.876855
4074,36,31,0.743815,38,31,0.744046,56,26,0.84641
4075,36,31,0.743633,35,31,0.743863,55,25,0.876424
4076,36,31,0.74345,36,31,0.743681,56,25,0.876209
4077,38,31,0.743268,36,31,0.743498,56,25,0.875994
4078,35,31,0.743086,38,31,0.743316,60,24,0.908216
4079,37,31,0.742903,37,31,0.743134,55,24,0.907993
4080,37,31,0.742721,36,31,0.742952,56,26,0.845166
4081,35,31,0.742539,35,31,0.74277,53,24,0.907548
4082,36,31,0.742357,37,31,0.742588,54,25,0.874921
4083,37,31,0.742176,35,31,0.742406,53,25,0.874707
4084,35,31,0.741994,38,31,0.742224,56,25,0.874493
4085,39,31,0.741812,37,31,0.742042,55,26,0.844131
4086,39,31,0.741631,38,31,0.741861,59,26,0.843925
4087,36,31,0.741449,37,31,0.741679,54,26,0.843718
4088,36,31,0.741268,35,31,0.741498,55,26,0.843512
4089,36,31,0.741087,36,31,0.741316,55,26,0.843305
4090,36,31,0.740905,36,31,0.741135,58,25,0.87321
4091,37,31,0.740724,35,31,0.740954,58,26,0.842893
4092,36,31,0.740543,35,31,0.740773,54,24,0.905108
4093,35,31,0.740362,35,31,0.740592,54,26,0.842481
4094,36,31,0.740181,35,31,0.740411,56,25,0.872357
4095,36,31,0.740001,36,31,0.74023,55,25,0.872144
4096,36,31,0.73982,36,31,0.740049,55,26,0.841864
4097,36,31,0.739639,36,31,0.739869,58,26,0.841659
4098,36,31,0.739459,36,31,0.739688,56,26,0.841453
4099,35,31,0.739279,38,31,0.739508,56,24,0.903563
4100,37,31,0.739098,36,31,0.739327,57,26,0.841043
4101,36,31,0.738918,36,31,0.739147,55,25,0.870868
4102,38,31,0.738738,35,31,0.738967,54,25,0.870655
4103,37,31,0.738558,36,31,0.738787,56,25,0.870443
4104,37,31,0.738378,36,31,0.738607,57,26,0.840223
4105,37,31,0.738198,36,31,0.738427,55,25,0.870019
4106,36,31,0.738018,37,31,0.738247,56,28,0.785632
4107,37,31,0.737839,36,31,0.738067,54,25,0.869595
4108,36,31,0.737659,36,31,0.737888,55,26,0.839405
4109,36,31,0.737479,36,31,0.737708,56,26,0.839201
4110,40,31,0.7373,36,31,0.737529,57,25,0.868961
4111,37,31,0.737121,37,31,0.737349,54,26,0.838792
4112,36,31,0.736941,35,31,0.73717,70,26,0.838588
4113,40,31,0.736762,37,31,0.736991,56,25,0.868327
4114,36,31,0.736583,38,31,0.736811,56,26,0.838181
4115,38,31,0.736404,36,31,0.736632,57,24,0.90005
4116,36,31,0.736225,36,31,0.736453,55,25,0.867694
4117,36,31,0.736046,35,31,0.736275,54,25,0.867483
4118,42,31,0.735868,36,31,0.736096,58,26,0.837367
4119,38,31,0.735689,37,31,0.735917,54,25,0.867062
4120,37,31,0.73551,36,31,0.735738,57,25,0.866852
4121,37,31,0.735332,36,31,0.73556,55,25,0.866641
4122,35,31,0.735154,35,31,0.735381,57,25,0.866431
4123,39,31,0.734975,35,31,0.735203,57,24,0.898303
4124,39,31,0.734797,36,31,0.735025,54,26,0.836148
4125,38,31,0.734619,37,31,0.734847,57,24,0.897868
4126,36,31,0.734441,35,31,0.734669,55,25,0.865591
4127,36,31,0.734263,36,31,0.734491,57,24,0.897432
4128,35,31,0.734085,36,31,0.734313,57,25,0.865172
4129,38,31,0.733907,35,31,0.734135,56,24,0.896998
4130,38,31,0.73373,37,31,0.733957,58,25,0.864753
4131,38,31,0.733552,35,31,0.733779,55,24,0.896563
4132,37,31,0.733374,35,31,0.733602,56,25,0.864334
4133,37,31,0.733197,36,31,0.733424,57,24,0.89613
4134,37,31,0.73302,38,31,0.733247,55,25,0.863916
4135,38,31,0.732842,37,31,0.73307,57,24,0.895696
4136,38,31,0.732665,36,31,0.732892,56,25,0.863498
4137,38,31,0.732488,38,31,0.732715,56,25,0.863289
4138,37,31,0.732311,35,31,0.732538,56,25,0.863081
4139,36,31,0.732134,35,31,0.732361,59,27,0.805348
4140,36,31,0.731957,37,31,0.732184,59,25,0.862664
4141,36,31,0.73178,39,31,0.732007,55,26,0.832716
4142,37,31,0.731604,36,31,0.731831,58,26,0.832515
4143,36,31,0.731427,35,31,0.731654,53,25,0.862039
4144,38,31,0.731251,38,31,0.731477,58,25,0.861831
4145,37,31,0.731074,36,31,0.731301,59,25,0.861623
4146,36,31,0.730898,36,31,0.731125,55,26,0.831711
4147,36,31,0.730722,34,31,0.730948,54,25,0.861208
4148,35,31,0.730546,36,31,0.730772,55,25,0.861
4149,41,31,0.730369,36,31,0.730596,56,26,0.83111
4150,36,31,0.730194,38,31,0.73042,54,26,0.83091
4151,36,31,0.730018,35,31,0.730244,54,25,0.860378
4152,36,31,0.729842,38,31,0.730068,58,25,0.860171
4153,38,31,0.729666,38,31,0.729892,57,25,0.859964
4154,37,31,0.72949,38,31,0.729717,56,24,0.891599
4155,37,31,0.729315,37,31,0.729541,56,24,0.891385
4156,37,31,0.729139,36,31,0.729365,55,25,0.859343
4157,35,31,0.728964,36,31,0.72919,54,24,0.890956
4158,38,31,0.728789,35,31,0.729015,57,25,0.858929
4159,36,31,0.728613,36,31,0.728839,57,24,0.890527
4160,39,31,0.728438,37,31,0.728664,58,26,0.828912
4161,37,31,0.728263,35,31,0.728489,55,25,0.85831
4162,37,31,0.728088,36,31,0.728314,54,25,0.858104
4163,37,31,0.727913,37,31,0.728139,54,24,0.889672
4164,37,31,0.727738,36,31,0.727964,55,25,0.857692
4165,38,31,0.727564,36,31,0.727789,54,25,0.857486
4166,37,31,0.727389,36,31,0.727615,56,24,0.889031
4167,37,31,0.727215,37,31,0.72744,56,25,0.857074
4168,36,31,0.72704,36,31,0.727265,56,24,0.888605
4169,36,31,0.726866,36,31,0.727091,57,24,0.888391
4170,36,31,0.726691,36,31,0.726917,54,23,0.922339
4171,37,31,0.726517,34,31,0.726742,54,25,0.856252
4172,36,31,0.726343,38,31,0.726568,55,26,0.826528
4173,37,31,0.726169,36,31,0.726394,56,25,0.855842
4174,38,31,0.725995,37,31,0.72622,64,24,0.887327
4175,40,31,0.725821,37,31,0.726046,55,24,0.887115
4176,38,31,0.725647,36,31,0.725872,56,25,0.855227
4177,37,31,0.725474,35,31,0.725698,55,25,0.855022
4178,38,31,0.7253,36,31,0.725525,56,25,0.854818
4179,39,31,0.725126,36,31,0.725351,61,24,0.886266
4180,36,31,0.724953,35,31,0.725178,56,24,0.886054
4181,38,31,0.724779,35,31,0.725004,57,25,0.854204
4182,36,31,0.724606,38,31,0.724831,61,25,0.854
4183,36,31,0.724433,38,31,0.724658,57,24,0.885418
4184,37,31,0.72426,37,31,0.724484,57,25,0.853592
4185,37,31,0.724087,37,31,0.724311,55,23,0.919033
4186,36,31,0.723914,36,31,0.724138,55,24,0.884783
4187,38,31,0.723741,35,31,0.723965,57,25,0.85298
4188,37,31,0.723568,38,31,0.723792,54,25,0.852777
4189,38,31,0.723395,36,31,0.72362,56,26,0.823174
4190,38,31,0.723223,37,31,0.723447,54,24,0.883939
4191,37,31,0.72305,38,31,0.723274,55,26,0.822781
4192,35,31,0.722878,36,31,0.723102,56,24,0.883517
4193,37,31,0.722705,37,31,0.722929,56,24,0.883306
4194,37,31,0.722533,37,31,0.722757,58,25,0.851557
4195,39,31,0.722361,36,31,0.722585,54,25,0.851354
4196,36,31,0.722189,35,31,0.722412,64,25,0.851151
4197,38,31,0.722016,36,31,0.72224,58,24,0.882465
4198,37,31,0.721844,38,31,0.722068,55,26,0.821409
4199,38,31,0.721673,36,31,0.721896,55,24,0.882044
4200,40,31,0.721501,36,31,0.721724,55,24,0.881834
4201,39,31,0.721329,37,31,0.721553,52,24,0.881624
4202,38,31,0.721157,36,31,0.721381,58,24,0.881414
4203,39,31,0.720986,36,31,0.721209,56,24,0.881205
4204,38,31,0.720814,36,31,0.721038,57,25,0.849531
4205,37,31,0.720643,36,31,0.720866,55,24,0.880786
4206,37,31,0.720471,35,31,0.720695,56,25,0.849127
4207,38,31,0.7203,36,31,0.720524,55,25,0.848925
4208,37,31,0.720129,36,31,0.720352,57,25,0.848724
4209,38,31,0.719958,36,31,0.720181,60,24,0.879949
4210,37,31,0.719787,35,31,0.72001,57,24,0.87974
4211,37,31,0.719616,36,31,0.719839,56,24,0.879531
4212,37,31,0.719445,36,31,0.719668,56,25,0.847918
4213,37,31,0.719274,37,31,0.719497,58,23,0.912925
4214,38,31,0.719104,40,31,0.719327,63,24,0.878905
4215,38,31,0.718933,37,31,0.719156,55,26,0.818096
4216,37,31,0.718763,38,31,0.718985,57,24,0.878488
4217,37,31,0.718592,37,31,0.718815,58,23,0.912059
4218,37,31,0.718422,37,31,0.718644,54,25,0.846711
4219,37,31,0.718251,36,31,0.718474,56,25,0.846511
4220,37,31,0.718081,38,31,0.718304,55,25,0.84631
4221,37,31,0.717911,38,31,0.718134,53,24,0.877447
4222,37,31,0.717741,38,31,0.717964,56,25,0.845909
4223,37,31,0.717571,38,31,0.717794,55,24,0.877031
4224,39,31,0.717401,36,31,0.717624,53,24,0.876824
4225,36,31,0.717231,38,31,0.717454,55,24,0.876616
4226,37,31,0.717062,37,31,0.717284,57,24,0.876409
4227,37,31,0.716892,36,31,0.717114,59,24,0.876201
4228,39,31,0.716723,37,31,0.716945,55,25,0.844709
4229,36,31,0.716553,38,31,0.716775,55,25,0.844509
4230,37,31,0.716384,50,31,0.716606,57,24,0.87558
4231,37,31,0.716214,37,31,0.716436,56,25,0.84411
4232,37,31,0.716045,36,31,0.716267,60,24,0.875166
4233,37,31,0.715876,36,31,0.716098,58,24,0.87496
4234,37,31,0.715707,37,31,0.715929,55,24,0.874753
4235,36,31,0.715538,37,31,0.71576,55,24,0.874546
4236,37,31,0.715369,36,31,0.715591,55,24,0.87434
4237,38,31,0.7152,36,31,0.715422,57,24,0.874134
4238,38,31,0.715031,35,31,0.715253,57,24,0.873927
4239,36,31,0.714863,36,31,0.715084,52,24,0.873721
4240,36,31,0.714694,35,31,0.714916,55,25,0.842318
4241,37,31,0.714526,36,31,0.714747,57,24,0.873309
4242,38,31,0.714357,35,31,0.714579,59,24,0.873103
4243,37,31,0.714189,37,31,0.71441,56,24,0.872897
4244,37,31,0.714021,36,31,0.714242,53,23,0.906257
4245,37,31,0.713852,36,31,0.714074,55,24,0.872486
4246,36,31,0.713684,35,31,0.713905,54,23,0.90583
4247,35,31,0.713516,36,31,0.713737,56,25,0.84093
4248,36,31,0.713348,36,31,0.713569,57,24,0.87187
4249,38,31,0.71318,38,31,0.713401,57,24,0.871665
4250,37,31,0.713012,36,31,0.713234,54,24,0.87146
4251,37,31,0.712845,36,31,0.713066,56,25,0.840138
4252,37,31,0.712677,37,31,0.712898,55,23,0.904552
4253,37,31,0.71251,37,31,0.71273,56,24,0.870845
4254,39,31,0.712342,37,31,0.712563,55,25,0.839546
4255,37,31,0.712175,36,31,0.712395,53,25,0.839349
4256,37,31,0.712007,36,31,0.712228,55,24,0.870231
4257,35,31,0.71184,36,31,0.712061,58,24,0.870027
4258,39,31,0.711673,36,31,0.711893,54,23,0.903277
4259,38,31,0.711506,36,31,0.711726,56,25,0.83856
4260,37,31,0.711339,36,31,0.711559,55,24,0.869414
4261,35,31,0.711172,36,31,0.711392,53,24,0.86921
4262,36,31,0.711005,35,31,0.711225,54,24,0.869006
4263,36,31,0.710838,37,31,0.711059,59,25,0.837774
4264,36,31,0.710671,37,31,0.710892,55,24,0.868598
4265,38,31,0.710505,36,31,0.710725,62,24,0.868395
4266,36,31,0.710338,36,31,0.710558,54,24,0.868191
4267,35,31,0.710172,36,31,0.710392,56,25,0.836988
4268,37,31,0.710005,36,31,0.710225,54,24,0.867784
4269,37,31,0.709839,36,31,0.710059,58,24,0.867581
4270,36,31,0.709673,36,31,0.709893,54,24,0.867378
4271,36,31,0.709507,36,31,0.709727,56,23,0.900528
4272,35,31,0.709341,34,31,0.70956,54,24,0.866972
4273,36,31,0.709175,37,31,0.709394,54,23,0.900106
4274,37,31,0.709009,36,31,0.709228,54,25,0.835617
4275,38,31,0.708843,35,31,0.709063,56,24,0.866363
4276,37,31,0.708677,36,31,0.708897,54,24,0.866161
4277,37,31,0.708511,36,31,0.708731,53,23,0.899264
4278,38,31,0.708346,36,31,0.708565,56,25,0.834836
4279,36,31,0.70818,36,31,0.7084,57,24,0.865554
4280,38,31,0.708015,36,31,0.708234,56,24,0.865351
4281,39,31,0.707849,35,31,0.708069,57,24,0.865149
4282,38,31,0.707684,36,31,0.707903,56,24,0.864947
4283,37,31,0.707519,37,31,0.707738,59,24,0.864745
4284,36,31,0.707354,36,31,0.707573,55,25,0.833667
4285,37,31,0.707189,36,31,0.707408,56,23,0.897585
4286,36,31,0.707024,37,31,0.707243,55,25,0.833278
4287,37,31,0.706859,36,31,0.707078,56,25,0.833083
4288,37,31,0.706694,37,31,0.706913,61,25,0.832889
4289,37,31,0.706529,37,31,0.706748,57,24,0.863535
4290,36,31,0.706364,35,31,0.706583,53,24,0.863334
4291,38,31,0.7062,35,31,0.706419,54,24,0.863133
4292,37,31,0.706035,37,31,0.706254,55,24,0.862932
4293,37,31,0.705871,38,31,0.70609,59,24,0.862731
4294,36,31,0.705706,36,31,0.705925,52,23,0.895704
4295,36,31,0.705542,36,31,0.705761,52,24,0.862329
4296,37,31,0.705378,37,31,0.705596,59,24,0.862128
4297,37,31,0.705214,37,31,0.705432,57,24,0.861928
4298,38,31,0.70505,37,31,0.705268,58,25,0.830951
4299,37,31,0.704886,36,31,0.705104,57,24,0.861527
4300,36,31,0.704722,35,31,0.70494,55,23,0.894454
4301,36,31,0.704558,35,31,0.704776,57,24,0.861126
4302,37,31,0.704394,38,31,0.704612,55,25,0.830179
4303,38,31,0.70423,37,31,0.704449,57,24,0.860726
4304,37,31,0.704067,35,31,0.704285,54,24,0.860526
4305,37,31,0.703903,35,31,0.704121,53,24,0.860326
4306,36,31,0.70374,36,31,0.703958,55,23,0.893208
4307,38,31,0.703576,36,31,0.703794,56,25,0.829215
4308,38,31,0.703413,37,31,0.703631,56,24,0.859727
4309,36,31,0.70325,35,31,0.703468,55,24,0.859527
4310,36,31,0.703087,35,31,0.703305,55,23,0.892379
4311,36,31,0.702923,37,31,0.703141,58,24,0.859129
4312,38,31,0.70276,37,31,0.702978,57,24,0.858929
4313,36,31,0.702598,37,31,0.702815,53,24,0.85873
4314,35,31,0.702435,35,31,0.702652,55,24,0.858531
4315,37,31,0.702272,37,31,0.70249,55,23,0.891345
4316,37,31,0.702109,37,31,0.702327,56,24,0.858133
4317,37,31,0.701946,36,31,0.702164,57,24,0.857935
4318,37,31,0.701784,36,31,0.702001,56,24,0.857736
4319,35,31,0.701621,35,31,0.701839,58,24,0.857537
4320,37,31,0.701459,34,31,0.701676,57,23,0.890313
4321,36,31,0.701297,37,31,0.701514,57,24,0.85714
4322,39,31,0.701134,37,31,0.701352,57,24,0.856942
4323,36,31,0.700972,36,31,0.70119,54,23,0.889696
4324,35,31,0.70081,36,31,0.701027,54,25,0.825955
4325,38,31,0.700648,34,31,0.700865,57,23,0.889284
4326,36,31,0.700486,36,31,0.700703,62,24,0.85615
4327,38,31,0.700324,36,31,0.700541,55,24,0.855952
4328,36,31,0.700162,37,31,0.700379,53,23,0.888668
4329,36,31,0.700001,36,31,0.700218,57,24,0.855556
4330,37,31,0.699839,36,31,0.700056,57,24,0.855359
4331,37,31,0.699677,35,31,0.699894,57,24,0.855161
4332,37,31,0.699516,36,31,0.699733,56,24,0.854964
4333,39,31,0.699354,37,31,0.699571,55,23,0.887642
4334,36,31,0.699193,37,31,0.69941,58,24,0.854569
4335,36,31,0.699032,36,31,0.699249,55,24,0.854372
4336,39,31,0.698871,36,31,0.699087,57,23,0.887028
4337,37,31,0.698709,36,31,0.698926,57,24,0.853978
4338,36,31,0.698548,35,31,0.698765,54,23,0.886619
4339,37,31,0.698387,35,31,0.698604,56,24,0.853585
4340,35,31,0.698227,36,31,0.698443,56,24,0.853388
4341,37,31,0.698066,36,31,0.698282,60,23,0.886006
4342,37,31,0.697905,36,31,0.698121,54,23,0.885802
4343,35,31,0.697744,36,31,0.69796,56,24,0.852798
4344,37,31,0.697584,36,31,0.6978,58,25,0.822152
4345,36,31,0.697423,36,31,0.697639,57,24,0.852406
4346,37,31,0.697263,36,31,0.697479,57,23,0.884987
4347,36,31,0.697102,37,31,0.697318,55,24,0.852014
4348,36,31,0.696942,34,31,0.697158,58,23,0.88458
4349,36,31,0.696782,37,31,0.696998,53,24,0.851622
4350,37,31,0.696621,36,31,0.696837,56,23,0.884173
4351,37,31,0.696461,36,31,0.696677,57,24,0.85123
4352,37,31,0.696301,36,31,0.696517,56,24,0.851035
4353,37,31,0.696141,36,31,0.696357,55,23,0.883564
4354,35,31,0.695981,37,31,0.696197,54,24,0.850644
4355,39,31,0.695822,35,31,0.696037,58,23,0.883158
4356,37,31,0.695662,35,31,0.695878,58,24,0.850253
4357,38,31,0.695502,36,31,0.695718,56,23,0.882753
4358,36,31,0.695343,35,31,0.695558,55,23,0.88255
4359,36,31,0.695183,36,31,0.695399,54,23,0.882348
4360,37,31,0.695024,37,31,0.695239,55,23,0.882145
4361,37,31,0.694864,38,31,0.69508,56,23,0.881943
4362,37,31,0.694705,36,31,0.69492,54,24,0.849084
4363,35,31,0.694546,36,31,0.694761,54,24,0.848889
4364,38,31,0.694387,36,31,0.694602,58,24,0.848695
4365,37,31,0.694227,36,31,0.694443,56,23,0.881135
4366,38,31,0.694068,36,31,0.694284,59,24,0.848306
4367,36,31,0.69391,36,31,0.694125,56,24,0.848112
4368,36,31,0.693751,36,31,0.693966,54,24,0.847918
4369,37,31,0.693592,35,31,0.693807,55,23,0.880328
4370,36,31,0.693433,37,31,0.693648,54,24,0.847529
4371,37,31,0.693275,37,31,0.693489,57,23,0.879925
4372,39,31,0.693116,36,31,0.693331,56,24,0.847142
4373,37,31,0.692957,36,31,0.693172,55,24,0.846948
4374,36,31,0.692799,35,31,0.693014,56,24,0.846754
4375,37,31,0.692641,37,31,0.692855,57,24,0.846561
4376,37,31,0.692482,38,31,0.692697,57,23,0.87892
4377,37,31,0.692324,36,31,0.692539,56,23,0.878719
4378,36,31,0.692166,34,31,0.692381,56,23,0.878518
4379,36,31,0.692008,35,31,0.692223,58,22,0.913451
4380,36,31,0.69185,36,31,0.692064,58,24,0.845594
4381,36,31,0.691692,40,31,0.691907,59,24,0.845401
4382,38,31,0.691534,35,31,0.691749,56,25,0.815022
4383,36,31,0.691376,37,31,0.691591,58,23,0.877516
4384,38,31,0.691219,36,31,0.691433,57,23,0.877316
4385,37,31,0.691061,36,31,0.691275,57,23,0.877116
4386,38,31,0.690904,37,31,0.691118,55,24,0.844438
4387,35,31,0.690746,38,31,0.69096,56,23,0.876716
4388,36,31,0.690589,37,31,0.690803,53,23,0.876516
4389,37,31,0.690431,34,31,0.690645,57,23,0.876317
4390,37,31,0.690274,36,31,0.690488,57,23,0.876117
4391,37,31,0.690117,36,31,0.690331,57,23,0.875918
4392,35,31,0.68996,36,31,0.690174,56,23,0.875718
4393,37,31,0.689803,35,31,0.690016,54,23,0.875519
4394,36,31,0.689646,36,31,0.689859,56,23,0.875319
4395,39,31,0.689489,35,31,0.689702,56,23,0.87512
4396,38,31,0.689332,36,31,0.689546,54,25,0.812427
4397,37,31,0.689175,34,31,0.689389,55,23,0.874722
4398,39,31,0.689018,35,31,0.689232,57,24,0.842134
4399,37,31,0.688862,36,31,0.689075,58,24,0.841942
4400,38,31,0.688705,36,31,0.688919,58,23,0.874126
4401,36,31,0.688549,36,31,0.688762,56,23,0.873927
4402,36,31,0.688392,36,31,0.688606,56,22,0.908678
4403,36,31,0.688236,35,31,0.688449,54,23,0.87353
4404,36,31,0.68808,37,31,0.688293,58,24,0.840986
4405,37,31,0.687924,36,31,0.688137,56,23,0.873134
4406,36,31,0.687767,37,31,0.687981,56,23,0.872936
4407,36,31,0.687611,39,31,0.687824,54,23,0.872737
4408,37,31,0.687455,36,31,0.687668,54,23,0.872539
4409,35,31,0.687299,35,31,0.687512,57,23,0.872342
4410,38,31,0.687144,38,31,0.687357,58,23,0.872144
4411,37,31,0.686988,37,31,0.687201,56,23,0.871946
4412,37,31,0.686832,35,31,0.687045,55,23,0.871748
4413,36,31,0.686676,37,31,0.686889,56,24,0.839271
4414,37,31,0.686521,35,31,0.686734,54,22,0.906208
4415,37,31,0.686365,36,31,0.686578,57,23,0.871156
4416,36,31,0.68621,35,31,0.686423,55,23,0.870959
4417,36,31,0.686055,35,31,0.686267,53,23,0.870762
4418,36,31,0.685899,36,31,0.686112,53,24,0.838321
4419,39,31,0.685744,36,31,0.685957,57,23,0.870367
4420,36,31,0.685589,36,31,0.685801,54,22,0.904977
4421,36,31,0.685434,35,31,0.685646,55,23,0.869974
4422,37,31,0.685279,35,31,0.685491,53,23,0.869777
4423,36,31,0.685124,36,31,0.685336,53,23,0.86958
4424,36,31,0.684969,37,31,0.685181,54,24,0.837184
4425,38,31,0.684814,39,31,0.685027,55,24,0.836995
4426,40,31,0.68466,36,31,0.684872,56,24,0.836806
4427,37,31,0.684505,36,31,0.684717,55,23,0.868795
4428,36,31,0.68435,39,31,0.684562,54,24,0.836428
4429,36,31,0.684196,36,31,0.684408,55,23,0.868402
4430,37,31,0.684041,36,31,0.684253,57,23,0.868206
4431,39,31,0.683887,36,31,0.684099,56,24,0.835862
4432,37,31,0.683733,36,31,0.683945,56,23,0.867814
4433,37,31,0.683578,36,31,0.68379,57,23,0.867619
4434,36,31,0.683424,37,31,0.683636,54,23,0.867423
4435,38,31,0.68327,35,31,0.683482,57,24,0.835108
4436,36,31,0.683116,35,31,0.683328,56,23,0.867032
4437,36,31,0.682962,35,31,0.683174,53,23,0.866837
4438,36,31,0.682808,37,31,0.68302,56,23,0.866641
4439,37,31,0.682654,37,31,0.682866,57,23,0.866446
4440,38,31,0.682501,36,31,0.682712,58,24,0.834168
4441,37,31,0.682347,35,31,0.682559,58,22,0.900698
4442,37,31,0.682193,36,31,0.682405,56,22,0.900495
4443,38,31,0.68204,36,31,0.682251,56,23,0.865666
4444,38,31,0.681886,36,31,0.682098,59,23,0.865471
4445,35,31,0.681733,36,31,0.681944,54,23,0.865276
4446,36,31,0.68158,35,31,0.681791,54,23,0.865082
4447,35,31,0.681426,36,31,0.681638,59,25,0.80311
4448,38,31,0.681273,37,31,0.681484,55,23,0.864693
4449,37,31,0.68112,36,31,0.681331,57,22,0.899078
4450,36,31,0.680967,37,31,0.681178,54,24,0.832293
4451,36,31,0.680814,36,31,0.681025,55,23,0.86411
4452,36,31,0.680661,37,31,0.680872,58,23,0.863916
4453,36,31,0.680508,36,31,0.680719,58,24,0.831732
4454,36,31,0.680355,36,31,0.680566,59,24,0.831546
4455,37,31,0.680203,36,31,0.680414,57,23,0.863334
4456,36,31,0.68005,35,31,0.680261,57,24,0.831172
4457,36,31,0.679897,36,31,0.680108,55,22,0.897465
4458,37,31,0.679745,37,31,0.679956,54,23,0.862753
4459,37,31,0.679593,36,31,0.679803,55,24,0.830613
4460,36,31,0.67944,35,31,0.679651,56,23,0.862366
4461,36,31,0.679288,36,31,0.679498,54,23,0.862173
4462,37,31,0.679136,35,31,0.679346,55,23,0.86198
4463,36,31,0.678983,36,31,0.679194,56,23,0.861787
4464,37,31,0.678831,37,31,0.679042,56,22,0.896057
4465,36,31,0.678679,37,31,0.67889,56,23,0.861401
4466,38,31,0.678527,36,31,0.678738,56,24,0.829311
4467,37,31,0.678375,37,31,0.678586,55,22,0.895456
4468,37,31,0.678224,36,31,0.678434,53,22,0.895255
4469,36,31,0.678072,36,31,0.678282,57,23,0.86063
4470,38,31,0.67792,38,31,0.67813,56,22,0.894855
4471,37,31,0.677769,37,31,0.677979,57,24,0.828384
4472,37,31,0.677617,37,31,0.677827,55,23,0.860052
4473,37,31,0.677465,35,31,0.677675,54,24,0.828013
4474,37,31,0.677314,37,31,0.677524,56,23,0.859668
4475,37,31,0.677163,37,31,0.677373,57,22,0.893855
4476,38,31,0.677011,36,31,0.677221,55,23,0.859284
4477,37,31,0.67686,37,31,0.67707,51,24,0.827274
4478,36,31,0.676709,36,31,0.676919,58,23,0.8589
4479,35,31,0.676558,35,31,0.676768,56,24,0.826904
4480,38,31,0.676407,38,31,0.676617,58,24,0.82672
4481,37,31,0.676256,37,31,0.676466,56,22,0.892658
4482,36,31,0.676105,35,31,0.676315,56,22,0.892459
4483,36,31,0.675954,36,31,0.676164,56,23,0.857942
4484,37,31,0.675804,37,31,0.676013,58,23,0.857751
4485,38,31,0.675653,38,31,0.675862,59,24,0.825798
4486,37,31,0.675502,38,31,0.675712,55,24,0.825614
4487,37,31,0.675352,37,31,0.675561,55,22,0.891464
4488,37,31,0.675201,36,31,0.675411,58,23,0.856986
4489,38,31,0.675051,36,31,0.67526,56,22,0.891067
4490,38,31,0.6749,37,31,0.67511,57,23,0.856604
4491,37,31,0.67475,36,31,0.674959,55,23,0.856414
4492,35,31,0.6746,37,31,0.674809,56,23,0.856223
4493,38,31,0.67445,36,31,0.674659,57,22,0.890274
4494,36,31,0.6743,37,31,0.674509,54,23,0.855842
4495,37,31,0.67415,37,31,0.674359,57,24,0.823961
4496,36,31,0.674,36,31,0.674209,57,23,0.855461
4497,37,31,0.67385,35,31,0.674059,56,23,0.855271
4498,37,31,0.6737,37,31,0.673909,56,22,0.889284
4499,37,31,0.67355,37,31,0.673759,60,22,0.889086
4500,37,31,0.673401,37,31,0.673609,56,23,0.854701
4501,36,31,0.673251,35,31,0.67346,56,23,0.854511
4502,36,31,0.673102,36,31,0.67331,55,23,0.854321
4503,37,31,0.672952,37,31,0.673161,59,23,0.854131
4504,39,31,0.672803,36,31,0.673011,59,24,0.822314
4505,38,31,0.672653,37,31,0.672862,54,23,0.853752
4506,36,31,0.672504,34,31,0.672712,55,22,0.887705
4507,37,31,0.672355,36,31,0.672563,55,22,0.887508
4508,36,31,0.672206,38,31,0.672414,57,23,0.853184
4509,37,31,0.672057,37,31,0.672265,55,23,0.852995
4510,37,31,0.671908,35,31,0.672116,55,23,0.852806
4511,36,31,0.671759,36,31,0.671967,55,23,0.852617
4512,36,31,0.67161,35,31,0.671818,56,22,0.886525
4513,37,31,0.671461,36,31,0.671669,60,23,0.852239
4514,37,31,0.671312,37,31,0.67152,56,23,0.85205
4515,37,31,0.671163,37,31,0.671372,56,22,0.885936
4516,37,31,0.671015,38,31,0.671223,56,23,0.851673
4517,36,31,0.670866,36,31,0.671074,60,24,0.819948
4518,40,31,0.670718,36,31,0.670926,59,23,0.851296
4519,37,31,0.670569,36,31,0.670777,56,22,0.885152
4520,38,31,0.670421,34,31,0.670629,55,22,0.884956
4521,35,31,0.670273,36,31,0.670481,55,22,0.88476
4522,37,31,0.670125,36,31,0.670332,57,23,0.850543
4523,37,31,0.669976,36,31,0.670184,58,23,0.850355
4524,37,31,0.669828,37,31,0.670036,57,22,0.884173
4525,36,31,0.66968,35,31,0.669888,56,22,0.883978
4526,37,31,0.669532,38,31,0.66974,57,23,0.849791
4527,36,31,0.669384,37,31,0.669592,58,23,0.849603
4528,38,31,0.669237,37,31,0.669444,58,23,0.849416
4529,37,31,0.669089,36,31,0.669296,58,22,0.883197
4530,37,31,0.668941,36,31,0.669148,55,22,0.883002
4531,36,31,0.668793,39,31,0.669001,56,23,0.848853
4532,38,31,0.668646,36,31,0.668853,56,22,0.882613
4533,38,31,0.668498,36,31,0.668706,55,23,0.848479
4534,39,31,0.668351,36,31,0.668558,53,22,0.882223
4535,36,31,0.668204,37,31,0.668411,57,22,0.882029
4536,38,31,0.668056,35,31,0.668263,56,22,0.881834
4537,37,31,0.667909,36,31,0.668116,55,23,0.847731
4538,38,31,0.667762,36,31,0.667969,60,21,0.918172
4539,38,31,0.667615,35,31,0.667822,56,24,0.815973
4540,37,31,0.667468,36,31,0.667675,55,22,0.881057
4541,36,31,0.667321,38,31,0.667528,57,23,0.846984
4542,37,31,0.667174,37,31,0.667381,59,21,0.917364
4543,37,31,0.667027,37,31,0.667234,55,22,0.880475
4544,36,31,0.66688,36,31,0.667087,57,23,0.846425
4545,36,31,0.666733,37,31,0.66694,56,23,0.846238
4546,38,31,0.666587,38,31,0.666793,57,22,0.879894
4547,37,31,0.66644,38,31,0.666647,57,22,0.879701
4548,37,31,0.666294,37,31,0.6665,58,23,0.84568
4549,38,31,0.666147,36,31,0.666354,56,23,0.845494
4550,36,31,0.666001,37,31,0.666207,56,24,0.814001
4551,38,31,0.665854,37,31,0.666061,56,22,0.878928
4552,37,31,0.665708,37,31,0.665914,56,23,0.844937
4553,37,31,0.665562,37,31,0.665768,58,23,0.844752
4554,36,31,0.665416,36,31,0.665622,57,23,0.844566
4555,36,31,0.66527,35,31,0.665476,54,21,0.914746
4556,37,31,0.665124,36,31,0.66533,57,23,0.844195
4557,38,31,0.664978,36,31,0.665184,58,23,0.84401
4558,38,31,0.664832,36,31,0.665038,56,22,0.877578
4559,37,31,0.664686,36,31,0.664892,55,23,0.84364
4560,36,31,0.66454,37,31,0.664746,55,23,0.843455
4561,40,31,0.664394,40,31,0.6646,57,23,0.84327
4562,40,31,0.664249,36,31,0.664455,58,23,0.843085
4563,38,31,0.664103,37,31,0.664309,59,22,0.876616
4564,36,31,0.663958,36,31,0.664164,55,23,0.842716
4565,37,31,0.663812,37,31,0.664018,56,22,0.876232
4566,38,31,0.663667,36,31,0.663873,58,22,0.87604
4567,37,31,0.663522,36,31,0.663727,58,22,0.875848
4568,36,31,0.663376,35,31,0.663582,55,23,0.841978
4569,38,31,0.663231,36,31,0.663437,57,23,0.841793
4570,38,31,0.663086,35,31,0.663292,56,22,0.875274
4571,36,31,0.662941,37,31,0.663146,56,23,0.841425
4572,36,31,0.662796,36,31,0.663001,56,22,0.874891
4573,38,31,0.662651,36,31,0.662856,51,23,0.841057
4574,37,31,0.662506,38,31,0.662712,54,21,0.910946
4575,38,31,0.662361,36,31,0.662567,57,22,0.874317
4576,38,31,0.662217,36,31,0.662422,62,22,0.874126
4577,38,31,0.662072,36,31,0.662277,57,21,0.910349
4578,36,31,0.661927,37,31,0.662132,59,22,0.873744
4579,36,31,0.661783,36,31,0.661988,59,23,0.839955
4580,38,31,0.661638,36,31,0.661843,57,21,0.909753
4581,37,31,0.661494,37,31,0.661699,58,23,0.839588
4582,36,31,0.661349,36,31,0.661554,58,22,0.872981
4583,38,31,0.661205,35,31,0.66141,58,23,0.839222
4584,36,31,0.661061,38,31,0.661266,56,22,0.8726
4585,37,31,0.660917,36,31,0.661122,56,24,0.807787
4586,38,31,0.660773,37,31,0.660977,56,23,0.838673
4587,36,31,0.660629,36,31,0.660833,52,23,0.83849
4588,37,31,0.660485,36,31,0.660689,55,22,0.87184
4589,36,31,0.660341,36,31,0.660545,59,22,0.87165
4590,38,31,0.660197,36,31,0.660401,58,23,0.837942
4591,36,31,0.660053,37,31,0.660258,59,22,0.87127
4592,36,31,0.659909,37,31,0.660114,55,21,0.907375
4593,37,31,0.659766,35,31,0.65997,56,22,0.87089
4594,35,31,0.659622,38,31,0.659826,58,23,0.837212
4595,38,31,0.659478,37,31,0.659683,56,22,0.870511
4596,37,31,0.659335,38,31,0.659539,55,22,0.870322
4597,38,31,0.659191,37,31,0.659396,57,23,0.836666
4598,36,31,0.659048,37,31,0.659252,56,22,0.869943
4599,37,31,0.658905,37,31,0.659109,56,23,0.836302
4600,37,31,0.658762,37,31,0.658966,57,22,0.869565
4601,39,31,0.658618,36,31,0.658823,56,22,0.869376
4602,38,31,0.658475,37,31,0.658679,54,22,0.869187
4603,36,31,0.658332,36,31,0.658536,58,22,0.868998
4604,36,31,0.658189,36,31,0.658393,59,23,0.835394
4605,36,31,0.658046,36,31,0.65825,57,22,0.868621
4606,38,31,0.657903,38,31,0.658107,62,23,0.835031
4607,38,31,0.657761,37,31,0.657964,57,22,0.868244
4608,37,31,0.657618,37,31,0.657822,53,22,0.868056
4609,37,31,0.657475,36,31,0.657679,59,22,0.867867
4610,36,31,0.657333,36,31,0.657536,56,22,0.867679
4611,40,31,0.65719,35,31,0.657394,57,22,0.867491
4612,38,31,0.657047,36,31,0.657251,56,23,0.833945
4613,37,31,0.656905,37,31,0.657109,57,23,0.833764
4614,37,31,0.656763,38,31,0.656966,58,21,0.903049
4615,36,31,0.65662,37,31,0.656824,57,22,0.866739
4616,36,31,0.656478,36,31,0.656682,57,22,0.866551
4617,38,31,0.656336,36,31,0.656539,57,22,0.866363
4618,38,31,0.656194,36,31,0.656397,54,23,0.832861
4619,36,31,0.656052,37,31,0.656255,59,23,0.832681
4620,37,31,0.65591,36,31,0.656113,56,22,0.865801
4621,36,31,0.655768,35,31,0.655971,59,21,0.901681
4622,37,31,0.655626,34,31,0.655829,57,23,0.832141
4623,37,31,0.655484,37,31,0.655687,57,22,0.865239
4624,38,31,0.655342,38,31,0.655546,57,22,0.865052
4625,38,31,0.655201,36,31,0.655404,55,22,0.864865
4626,38,31,0.655059,36,31,0.655262,55,22,0.864678
4627,37,31,0.654917,36,31,0.65512,57,21,0.900511
4628,37,31,0.654776,38,31,0.654979,58,22,0.864304
4629,39,31,0.654634,39,31,0.654837,57,22,0.864118
4630,37,31,0.654493,36,31,0.654696,55,22,0.863931
4631,37,31,0.654352,36,31,0.654555,55,22,0.863744
4632,36,31,0.65421,36,31,0.654413,59,22,0.863558
4633,38,31,0.654069,36,31,0.654272,56,22,0.863371
4634,37,31,0.653928,37,31,0.654131,55,22,0.863185
4635,37,31,0.653787,37,31,0.65399,54,23,0.829807
4636,37,31,0.653646,36,31,0.653849,55,22,0.862813
4637,37,31,0.653505,37,31,0.653708,59,23,0.829449
4638,36,31,0.653364,37,31,0.653567,58,22,0.862441
4639,37,31,0.653223,36,31,0.653426,59,22,0.862255
4640,38,31,0.653083,37,31,0.653285,57,22,0.862069
4641,36,31,0.652942,37,31,0.653144,56,22,0.861883
4642,37,31,0.652801,36,31,0.653004,56,22,0.861698
4643,38,31,0.652661,37,31,0.652863,57,22,0.861512
4644,38,31,0.65252,39,31,0.652722,57,21,0.897215
4645,37,31,0.65238,36,31,0.652582,56,23,0.82802
4646,36,31,0.652239,37,31,0.652441,56,23,0.827842
4647,38,31,0.652099,35,31,0.652301,58,23,0.827664
4648,37,31,0.651958,36,31,0.652161,60,21,0.896443
4649,37,31,0.651818,38,31,0.65202,58,22,0.8604
4650,38,31,0.651678,37,31,0.65188,54,22,0.860215
4651,38,31,0.651538,36,31,0.65174,60,21,0.895865
4652,36,31,0.651398,37,31,0.6516,58,22,0.859845
4653,38,31,0.651258,36,31,0.65146,57,22,0.85966
4654,39,31,0.651118,38,31,0.65132,60,22,0.859476
4655,36,31,0.650978,36,31,0.65118,58,21,0.895095
4656,38,31,0.650838,36,31,0.65104,55,21,0.894903
4657,38,31,0.650699,36,31,0.6509,58,22,0.858922
4658,38,31,0.650559,38,31,0.650761,57,21,0.894518
4659,38,31,0.650419,39,31,0.650621,60,21,0.894326
4660,37,31,0.65028,35,31,0.650481,56,22,0.858369
4661,36,31,0.65014,36,31,0.650342,53,22,0.858185
4662,36,31,0.650001,37,31,0.650202,57,22,0.858001
4663,39,31,0.649861,38,31,0.650063,56,21,0.893559
4664,38,31,0.649722,37,31,0.649923,55,23,0.824647
4665,36,31,0.649583,38,31,0.649784,55,22,0.857449
4666,38,31,0.649443,37,31,0.649645,57,22,0.857265
4667,38,31,0.649304,37,31,0.649506,56,22,0.857082
4668,39,31,0.649165,37,31,0.649366,59,23,0.82394
4669,38,31,0.649026,36,31,0.649227,55,21,0.892411
4670,37,31,0.648887,38,31,0.649088,57,22,0.856531
4671,37,31,0.648748,38,31,0.648949,59,22,0.856348
4672,38,31,0.648609,37,31,0.64881,55,23,0.823235
4673,39,31,0.648471,38,31,0.648672,60,21,0.891647
4674,39,31,0.648332,36,31,0.648533,54,21,0.891456
4675,37,31,0.648193,37,31,0.648394,57,22,0.855615
4676,39,31,0.648055,35,31,0.648255,58,23,0.822531
4677,39,31,0.647916,37,31,0.648117,58,22,0.855249
4678,38,31,0.647777,38,31,0.647978,57,21,0.890694
4679,37,31,0.647639,37,31,0.64784,57,22,0.854884
4680,36,31,0.647501,37,31,0.647701,56,22,0.854701
4681,37,31,0.647362,37,31,0.647563,60,22,0.854518
4682,37,31,0.647224,37,31,0.647425,58,21,0.889933
4683,38,31,0.647086,38,31,0.647286,56,21,0.889743
4684,37,31,0.646948,37,31,0.647148,57,22,0.853971
4685,37,31,0.64681,36,31,0.64701,57,21,0.889363
4686,37,31,0.646672,38,31,0.646872,56,21,0.889173
4687,38,31,0.646534,36,31,0.646734,57,22,0.853424
4688,38,31,0.646396,38,31,0.646596,57,21,0.888794
4689,37,31,0.646258,36,31,0.646458,53,23,0.82025
4690,37,31,0.64612,35,31,0.64632,57,21,0.888415
4691,37,31,0.645982,37,31,0.646183,59,21,0.888226
4692,38,31,0.645845,38,31,0.646045,55,22,0.852515
4693,38,31,0.645707,37,31,0.645907,58,24,0.789197
4694,37,31,0.645569,37,31,0.64577,56,21,0.887658
4695,38,31,0.645432,38,31,0.645632,57,22,0.85197
4696,38,31,0.645295,37,31,0.645495,58,22,0.851789
4697,38,31,0.645157,36,31,0.645357,58,23,0.818853
4698,37,31,0.64502,37,31,0.64522,57,22,0.851426
4699,37,31,0.644883,38,31,0.645082,58,22,0.851245
4700,37,31,0.644745,36,31,0.644945,60,22,0.851064
4701,48,31,0.644608,38,31,0.644808,63,22,0.850883
4702,41,31,0.644471,39,31,0.644671,57,22,0.850702
4703,38,31,0.644334,37,31,0.644534,60,22,0.850521
4704,38,31,0.644197,37,31,0.644397,57,23,0.817635
4705,37,31,0.64406,38,31,0.64426,58,22,0.850159
4706,39,31,0.643923,38,31,0.644123,59,21,0.885395
4707,37,31,0.643786,38,31,0.643986,59,21,0.885206
4708,40,31,0.64365,36,31,0.643849,56,21,0.885018
4709,37,31,0.643513,36,31,0.643713,56,22,0.849437
4710,36,31,0.643376,45,31,0.643576,61,22,0.849257
4711,40,31,0.64324,40,31,0.643439,60,21,0.884455
4712,39,31,0.643103,40,31,0.643303,59,22,0.848896
4713,40,31,0.642967,39,31,0.643166,61,22,0.848716
4714,40,31,0.642831,39,31,0.64303,57,22,0.848536
4715,38,31,0.642694,38,31,0.642893,61,23,0.815727
4716,38,31,0.642558,37,31,0.642757,61,22,0.848176
4717,38,31,0.642422,37,31,0.642621,58,22,0.847997
4718,37,31,0.642286,39,31,0.642485,57,21,0.883143
4719,38,31,0.642149,36,31,0.642348,57,22,0.847637
4720,37,31,0.642013,38,31,0.642212,56,22,0.847458
4721,38,31,0.641877,38,31,0.642076,58,21,0.882581
4722,38,31,0.641741,37,31,0.64194,75,22,0.847099
4723,40,31,0.641606,42,31,0.641804,73,21,0.882208
4724,42,31,0.64147,38,31,0.641669,59,22,0.84674
4725,39,31,0.641334,38,31,0.641533,59,21,0.881834
4726,40,31,0.641198,38,31,0.641397,60,22,0.846382
4727,38,31,0.641063,38,31,0.641261,57,21,0.881461
4728,38,31,0.640927,37,31,0.641126,59,21,0.881275
4729,37,31,0.640792,44,31,0.64099,63,22,0.845845
4730,38,31,0.640656,37,31,0.640855,57,21,0.880902
4731,40,31,0.640521,39,31,0.640719,59,22,0.845487
4732,38,31,0.640385,40,31,0.640584,57,21,0.88053
4733,37,31,0.64025,38,31,0.640448,58,21,0.880344
4734,37,31,0.640115,39,31,0.640313,60,21,0.880158
4735,39,31,0.63998,39,31,0.640178,56,21,0.879972
4736,39,31,0.639844,38,31,0.640043,56,21,0.879786
4737,38,31,0.639709,37,31,0.639908,60,22,0.844416
4738,37,31,0.639574,39,31,0.639773,60,21,0.879415
4739,46,31,0.639439,40,31,0.639638,63,21,0.879229
4740,38,31,0.639304,40,31,0.639503,57,22,0.843882
4741,38,31,0.63917,38,31,0.639368,56,22,0.843704
4742,39,31,0.639035,37,31,0.639233,60,22,0.843526
4743,38,31,0.6389,37,31,0.639098,57,21,0.878488
4744,39,31,0.638765,37,31,0.638963,58,20,0.916489
4745,38,31,0.638631,39,31,0.638829,62,22,0.842993
4746,43,31,0.638496,47,31,0.638694,68,21,0.877932
4747,42,31,0.638362,42,31,0.63856,65,21,0.877747
4748,40,31,0.638227,40,31,0.638425,61,20,0.915717
4749,40,31,0.638093,38,31,0.638291,58,22,0.842283
4750,38,31,0.637959,37,31,0.638156,62,22,0.842105
4751,40,31,0.637824,38,31,0.638022,58,22,0.841928
4752,38,31,0.63769,39,31,0.637888,61,21,0.876824
4753,38,31,0.637556,39,31,0.637754,62,22,0.841574
4754,38,31,0.637422,38,31,0.637619,59,22,0.841397
4755,38,31,0.637288,38,31,0.637485,57,21,0.876271
4756,36,31,0.637154,37,31,0.637351,60,22,0.841043
4757,37,31,0.63702,37,31,0.637217,58,21,0.875902
4758,40,31,0.636886,38,31,0.637083,57,21,0.875718
4759,38,31,0.636752,38,31,0.636949,60,21,0.875534
4760,39,31,0.636618,38,31,0.636816,60,22,0.840336
4761,38,31,0.636485,37,31,0.636682,56,21,0.875166
4762,38,31,0.636351,39,31,0.636548,59,22,0.839983
4763,39,31,0.636217,39,31,0.636415,60,21,0.874799
4764,41,31,0.636084,38,31,0.636281,59,21,0.874615
4765,39,31,0.63595,37,31,0.636147,58,21,0.874432
4766,39,31,0.635817,37,31,0.636014,57,22,0.839278
4767,39,31,0.635683,40,31,0.635881,58,21,0.874065
4768,39,31,0.63555,40,31,0.635747,58,21,0.873881
4769,40,31,0.635417,36,31,0.635614,60,22,0.83875
4770,40,31,0.635284,37,31,0.635481,57,21,0.873515
4771,37,31,0.63515,38,31,0.635347,57,21,0.873332
4772,38,31,0.635017,40,31,0.635214,58,21,0.873149
4773,39,31,0.634884,38,31,0.635081,68,21,0.872966
4774,47,31,0.634751,37,31,0.634948,63,22,0.837872
4775,44,31,0.634618,43,31,0.634815,61,22,0.837696
4776,39,31,0.634486,40,31,0.634682,60,22,0.837521
4777,40,31,0.634353,40,31,0.634549,60,24,0.77532
4778,38,31,0.63422,37,31,0.634417,55,22,0.83717
4779,39,31,0.634087,38,31,0.634284,57,22,0.836995
4780,38,31,0.633955,38,31,0.634151,60,21,0.871688
4781,39,31,0.633822,38,31,0.634018,61,21,0.871505
4782,40,31,0.633689,38,31,0.633886,57,21,0.871323
4783,37,31,0.633557,37,31,0.633753,58,21,0.871141
4784,39,31,0.633425,36,31,0.633621,58,21,0.870959
4785,37,31,0.633292,40,31,0.633488,62,20,0.908637
4786,40,31,0.63316,38,31,0.633356,62,21,0.870595
4787,40,31,0.633028,37,31,0.633224,58,20,0.908257
4788,40,31,0.632895,37,31,0.633092,57,22,0.835422
4789,37,31,0.632763,38,31,0.632959,60,21,0.870049
4790,38,31,0.632631,38,31,0.632827,59,22,0.835073
4791,38,31,0.632499,37,31,0.632695,59,22,0.834899
4792,39,31,0.632367,39,31,0.632563,59,22,0.834725
4793,38,31,0.632235,38,31,0.632431,55,20,0.90712
4794,38,31,0.632103,38,31,0.632299,60,21,0.869142
4795,38,31,0.631971,39,31,0.632167,68,23,0.802118
4796,40,31,0.63184,39,31,0.632036,65,21,0.86878
4797,39,31,0.631708,40,31,0.631904,61,22,0.833854
4798,39,31,0.631576,39,31,0.631772,56,21,0.868417
4799,40,31,0.631445,37,31,0.63164,58,21,0.868236
4800,39,31,0.631313,39,31,0.631509,59,21,0.868056
4801,39,31,0.631182,37,31,0.631377,55,20,0.905608
4802,38,31,0.63105,38,31,0.631246,57,21,0.867694
4803,38,31,0.630919,37,31,0.631114,55,23,0.800782
4804,41,31,0.630787,38,31,0.630983,59,21,0.867333
4805,39,31,0.630656,37,31,0.630852,60,20,0.904855
4806,38,31,0.630525,37,31,0.63072,58,21,0.866972
4807,38,31,0.630394,37,31,0.630589,63,22,0.83212
4808,39,31,0.630263,38,31,0.630458,57,21,0.866611
4809,39,31,0.630132,37,31,0.630327,58,21,0.866431
4810,38,31,0.630001,37,31,0.630196,57,22,0.831601
4811,39,31,0.62987,40,31,0.630065,57,21,0.866071
4812,39,31,0.629739,38,31,0.629934,61,22,0.831255
4813,37,31,0.629608,37,31,0.629803,59,20,0.903351
4814,37,31,0.629477,37,31,0.629672,55,22,0.83091
4815,37,31,0.629346,37,31,0.629542,56,21,0.865351
4816,38,31,0.629216,38,31,0.629411,61,22,0.830565
4817,41,31,0.629085,39,31,0.62928,58,21,0.864992
4818,37,31,0.628955,37,31,0.62915,62,21,0.864813
4819,37,31,0.628824,38,31,0.629019,59,22,0.830048
4820,40,31,0.628694,39,31,0.628888,60,22,0.829876
4821,42,31,0.628563,40,31,0.628758,59,21,0.864274
4822,40,31,0.628433,40,31,0.628628,62,21,0.864095
4823,40,31,0.628303,38,31,0.628497,59,21,0.863916
4824,38,31,0.628172,38,31,0.628367,58,22,0.829187
4825,37,31,0.628042,39,31,0.628237,64,21,0.863558
4826,40,31,0.627912,39,31,0.628107,60,22,0.828844
4827,39,31,0.627782,37,31,0.627976,56,21,0.8632
4828,39,31,0.627652,37,31,0.627846,59,20,0.900544
4829,40,31,0.627522,37,31,0.627716,59,21,0.862843
4830,39,31,0.627392,38,31,0.627586,59,21,0.862664
4831,38,31,0.627262,37,31,0.627457,63,21,0.862485
4832,39,31,0.627132,38,31,0.627327,58,21,0.862307
4833,42,31,0.627002,38,31,0.627197,57,22,0.827643
4834,38,31,0.626873,38,31,0.627067,71,21,0.86195
4835,44,31,0.626743,38,31,0.626937,60,22,0.827301
4836,39,31,0.626614,39,31,0.626808,61,21,0.861594
4837,43,31,0.626484,40,31,0.626678,61,21,0.861415
4838,40,31,0.626354,38,31,0.626549,58,21,0.861237
4839,39,31,0.626225,39,31,0.626419,61,21,0.861059
4840,42,31,0.626096,38,31,0.62629,59,22,0.826446
4841,40,31,0.625966,38,31,0.62616,63,21,0.860704
4842,39,31,0.625837,39,31,0.626031,69,21,0.860526
4843,40,31,0.625708,39,31,0.625902,60,22,0.825934
4844,40,31,0.625579,38,31,0.625773,59,21,0.860171
4845,39,31,0.62545,38,31,0.625643,61,20,0.897384
4846,40,31,0.62532,38,31,0.625514,61,21,0.859816
4847,43,31,0.625191,40,31,0.625385,59,21,0.859638
4848,38,31,0.625063,38,31,0.625256,67,22,0.825083
4849,46,31,0.624934,44,31,0.625127,60,21,0.859284
4850,39,31,0.624805,39,31,0.624998,60,23,0.793021
4851,41,31,0.624676,37,31,0.62487,56,21,0.858929
4852,39,31,0.624547,37,31,0.624741,58,21,0.858752
4853,40,31,0.624419,42,31,0.624612,61,22,0.824232
4854,41,31,0.62429,40,31,0.624483,60,21,0.858399
4855,39,31,0.624161,39,31,0.624355,60,20,0.895536
4856,39,31,0.624033,37,31,0.624226,58,21,0.858045
4857,37,31,0.623904,39,31,0.624098,62,20,0.895167
4858,42,31,0.623776,40,31,0.623969,64,21,0.857692
4859,40,31,0.623647,40,31,0.623841,66,21,0.857515
4860,40,31,0.623519,37,31,0.623712,58,22,0.823045
4861,41,31,0.623391,42,31,0.623584,62,21,0.857162
4862,41,31,0.623263,39,31,0.623456,60,20,0.894246
4863,40,31,0.623134,39,31,0.623328,60,21,0.85681
4864,40,31,0.623006,39,31,0.6232,59,21,0.856634
4865,39,31,0.622878,38,31,0.623071,59,22,0.822199
4866,38,31,0.62275,38,31,0.622943,58,21,0.856282
4867,39,31,0.622622,40,31,0.622815,59,21,0.856106
4868,39,31,0.622494,38,31,0.622687,62,21,0.85593
4869,39,31,0.622367,38,31,0.62256,56,21,0.855754
4870,39,31,0.622239,38,31,0.622432,57,22,0.821355
4871,39,31,0.622111,37,31,0.622304,60,21,0.855403
4872,38,31,0.621983,40,31,0.622176,59,21,0.855227
4873,39,31,0.621856,39,31,0.622049,63,21,0.855052
4874,39,31,0.621728,38,31,0.621921,59,21,0.854876
4875,39,31,0.621601,39,31,0.621793,56,22,0.820513
4876,39,31,0.621473,38,31,0.621666,59,21,0.854526
4877,38,31,0.621346,40,31,0.621538,59,21,0.85435
4878,40,31,0.621218,39,31,0.621411,59,21,0.854175
4879,38,31,0.621091,38,31,0.621284,57,21,0.854
4880,38,31,0.620964,37,31,0.621156,59,20,0.890948
4881,39,31,0.620837,39,31,0.621029,60,20,0.890765
4882,40,31,0.620709,41,31,0.620902,62,21,0.853475
4883,39,31,0.620582,38,31,0.620775,60,21,0.853301
4884,37,31,0.620455,37,31,0.620648,60,20,0.890218
4885,39,31,0.620328,37,31,0.62052,69,21,0.852951
4886,39,31,0.620201,38,31,0.620393,59,21,0.852777
4887,40,31,0.620074,39,31,0.620267,58,22,0.818498
4888,40,31,0.619947,37,31,0.62014,63,21,0.852428
4889,40,31,0.619821,38,31,0.620013,60,22,0.818163
4890,39,31,0.619694,38,31,0.619886,58,22,0.817996
4891,40,31,0.619567,38,31,0.619759,60,21,0.851905
4892,38,31,0.619441,38,31,0.619633,55,20,0.888762
4893,41,31,0.619314,36,31,0.619506,57,21,0.851557
4894,39,31,0.619187,38,31,0.619379,58,21,0.851383
4895,40,31,0.619061,38,31,0.619253,60,23,0.785731
4896,40,31,0.618934,38,31,0.619126,63,20,0.888036
4897,39,31,0.618808,39,31,0.619,59,21,0.850861
4898,40,31,0.618682,36,31,0.618874,60,21,0.850687
4899,38,31,0.618555,38,31,0.618747,57,20,0.887493
4900,39,31,0.618429,37,31,0.618621,60,22,0.816327
4901,39,31,0.618303,38,31,0.618495,66,21,0.850167
4902,38,31,0.618177,39,31,0.618369,57,21,0.849993
4903,39,31,0.618051,38,31,0.618242,61,21,0.84982
4904,40,31,0.617925,41,31,0.618116,58,20,0.886588
4905,39,31,0.617799,38,31,0.61799,62,21,0.849473
4906,38,31,0.617673,39,31,0.617864,58,20,0.886226
4907,38,31,0.617547,38,31,0.617738,57,21,0.849127
4908,38,31,0.617421,37,31,0.617613,60,20,0.885865
4909,39,31,0.617295,39,31,0.617487,58,21,0.848781
4910,39,31,0.61717,39,31,0.617361,61,21,0.848608
4911,41,31,0.617044,42,31,0.617235,64,21,0.848435
4912,37,31,0.616918,39,31,0.61711,59,20,0.885144
4913,39,31,0.616793,38,31,0.616984,59,21,0.84809
4914,38,31,0.616667,38,31,0.616858,61,20,0.884783
4915,40,31,0.616542,39,31,0.616733,60,21,0.847745
4916,38,31,0.616416,38,31,0.616607,57,21,0.847573
4917,39,31,0.616291,38,31,0.616482,58,21,0.8474
4918,41,31,0.616166,39,31,0.616357,59,21,0.847228
4919,39,31,0.61604,38,31,0.616231,60,21,0.847056
4920,40,31,0.615915,41,31,0.616106,60,20,0.883704
4921,41,31,0.61579,38,31,0.615981,60,21,0.846711
4922,39,31,0.615665,37,31,0.615856,59,21,0.846539
4923,38,31,0.61554,38,31,0.615731,62,21,0.846367
4924,40,31,0.615415,38,31,0.615606,61,21,0.846196
4925,42,31,0.61529,41,31,0.615481,60,20,0.882807
4926,39,31,0.615165,38,31,0.615356,60,21,0.845852
4927,38,31,0.61504,39,31,0.615231,59,21,0.84568
4928,39,31,0.614915,37,31,0.615106,58,21,0.845509
4929,39,31,0.614791,38,31,0.614981,57,20,0.882091
4930,38,31,0.614666,37,31,0.614856,61,20,0.881912
4931,38,31,0.614541,39,31,0.614732,59,21,0.844994
4932,40,31,0.614417,43,31,0.614607,60,21,0.844823
4933,40,31,0.614292,39,31,0.614483,55,21,0.844652
4934,39,31,0.614168,38,31,0.614358,58,20,0.881197
4935,38,31,0.614043,38,31,0.614234,56,20,0.881018
4936,38,31,0.613919,37,31,0.614109,60,21,0.844138
4937,39,31,0.613794,39,31,0.613985,57,19,0.920692
4938,39,31,0.61367,39,31,0.61386,59,21,0.843796
4939,39,31,0.613546,39,31,0.613736,62,20,0.880305
4940,38,31,0.613422,37,31,0.613612,58,21,0.843455
4941,37,31,0.613298,37,31,0.613488,59,22,0.809553
4942,39,31,0.613173,38,31,0.613364,62,21,0.843113
4943,40,31,0.613049,39,31,0.613239,57,20,0.879593
4944,41,31,0.612925,38,31,0.613115,59,21,0.842772
4945,39,31,0.612801,37,31,0.612991,58,21,0.842602
4946,37,31,0.612678,38,31,0.612867,60,21,0.842432
4947,38,31,0.612554,38,31,0.612744,62,21,0.842261
4948,39,31,0.61243,39,31,0.61262,57,20,0.878704
4949,39,31,0.612306,37,31,0.612496,59,21,0.841921
4950,38,31,0.612182,38,31,0.612372,57,20,0.878349
4951,37,31,0.612059,38,31,0.612249,60,20,0.878171
4952,37,31,0.611935,39,31,0.612125,58,20,0.877994
4953,39,31,0.611812,38,31,0.612001,59,21,0.841241
4954,40,31,0.611688,38,31,0.611878,58,21,0.841071
4955,40,31,0.611565,37,31,0.611754,56,21,0.840901
4956,38,31,0.611441,37,31,0.611631,58,20,0.877285
4957,41,31,0.611318,38,31,0.611507,60,21,0.840562
4958,39,31,0.611195,39,31,0.611384,60,20,0.876931
4959,38,31,0.611071,39,31,0.611261,56,22,0.806614
4960,39,31,0.610948,36,31,0.611138,61,20,0.876578
4961,38,31,0.610825,40,31,0.611014,57,20,0.876401
4962,40,31,0.610702,38,31,0.610891,62,21,0.839715
4963,38,31,0.610579,38,31,0.610768,58,20,0.876048
4964,38,31,0.610456,39,31,0.610645,56,20,0.875871
4965,37,31,0.610333,37,31,0.610522,61,21,0.839208
4966,37,31,0.61021,37,31,0.610399,60,21,0.839039
4967,38,31,0.610087,38,31,0.610276,60,20,0.875342
4968,39,31,0.609964,38,31,0.610153,60,20,0.875166
4969,39,31,0.609842,38,31,0.610031,60,21,0.838532
4970,39,31,0.609719,37,31,0.609908,59,21,0.838364
4971,40,31,0.609596,39,31,0.609785,57,20,0.874638
4972,39,31,0.609474,37,31,0.609663,61,20,0.874462
4973,40,31,0.609351,38,31,0.60954,59,20,0.874286
4974,39,31,0.609229,38,31,0.609417,58,20,0.874111
4975,39,31,0.609106,38,31,0.609295,60,20,0.873935
4976,38,31,0.608984,39,31,0.609173,62,20,0.873759
4977,40,31,0.608861,38,31,0.60905,62,21,0.837184
4978,40,31,0.608739,37,31,0.608928,57,19,0.913109
4979,38,31,0.608617,37,31,0.608805,57,21,0.836848
4980,38,31,0.608495,39,31,0.608683,59,20,0.873057
4981,40,31,0.608372,38,31,0.608561,60,20,0.872882
4982,40,31,0.60825,38,31,0.608439,57,21,0.836344
4983,38,31,0.608128,37,31,0.608317,60,20,0.872532
4984,38,31,0.608006,37,31,0.608195,56,20,0.872357
4985,38,31,0.607884,39,31,0.608073,59,23,0.771545
4986,38,31,0.607762,40,31,0.607951,61,21,0.835673
4987,37,31,0.60764,39,31,0.607829,59,20,0.871832
4988,38,31,0.607519,39,31,0.607707,56,22,0.801925
4989,40,31,0.607397,37,31,0.607585,62,20,0.871482
4990,38,31,0.607275,40,31,0.607463,60,21,0.835003
4991,39,31,0.607153,39,31,0.607342,59,19,0.91073
4992,39,31,0.607032,37,31,0.60722,59,21,0.834669
4993,38,31,0.60691,37,31,0.607098,60,21,0.834502
4994,39,31,0.606789,38,31,0.606977,62,21,0.834335
4995,40,31,0.606667,38,31,0.606855,60,20,0.870436
4996,39,31,0.606546,38,31,0.606734,59,20,0.870261
4997,39,31,0.606424,39,31,0.606612,56,20,0.870087
4998,38,31,0.606303,38,31,0.606491,54,21,0.833667
4999,38,31,0.606182,37,31,0.60637,56,22,0.80016
5000,40,31,0.606061,38,31,0.606248,63,21,0.833333
